credit_id,project_name,registry,status,scope,project_type,reduction_or_removal,region,country,developer,vintage_year,available_tonnes,price_usd_per_t,risk_rating,has_buffer_pool,had_reversal
ACR0102,Air Bag Gas Substitution,ACR,Completed,Chemical Processes,SF6 Replacement,Reduction,North America,United States,Nike,2003.0,7966340.0,5.79,AAA,No,No
ACR0106,Brickyard LFG to Energy,ACR,Completed,Waste Management,Landfill Methane,Reduction,North America,United States,Biogas Energy Solutions,2006.0,29040.0,3.68,BB,No,No
ACR0109,Chesapeake Mizer Pneumatic Retrofit,ACR,Completed,Industrial & Commercial,Pneumatic Retrofit,Reduction,North America,United States,Chesapeake Energy,2008.0,341804.0,3.97,AA,No,No
ACR0110,Chicago LFG to Energy,ACR,Completed,Waste Management,Landfill Methane,Reduction,North America,United States,Biogas Energy Solutions,2006.0,10043.0,4.06,A,No,No
ACR0111,Devon Mizer Pneumatic Retrofit,ACR,Completed,Industrial & Commercial,Pneumatic Retrofit,Reduction,North America,United States,Devon Energy Group,2010.0,5724.0,4.9,A,No,No
ACR0112,Dolton LFG to Energy,ACR,Completed,Waste Management,Landfill Methane,Reduction,North America,United States,Biogas Energy Solutions,2006.0,13947.0,2.55,AAA,No,No
ACR0113,Greater New Bedford LFG,ACR,Completed,Waste Management,Landfill Methane,Reduction,North America,United States,Commonwealth Resource Management Corporation,2003.0,245052.0,3.72,,No,No
ACR0114,GreenTrees ACRE (Advanced Carbon Restored Ecosystem),ACR,Active: Registered,Forestry & Land Use,Afforestation/Reforestation,Impermanent Removal,North America,United States,"GreenTrees, LLC",2009.0,3402053.0,15.95,BB,Yes,No
ACR0117,Merit Energy Geo-Seq,ACR,Completed,Carbon Capture & Storage,Carbon Capture & Enhanced Oil Recovery,Reduction,North America,United States,"Anew Carbon Development, LLC",2000.0,1932384.0,30.58,CCC,No,Yes
ACR0118,Monell Geo-Seq,ACR,Completed,Carbon Capture & Storage,Carbon Capture & Enhanced Oil Recovery,Reduction,North America,United States,Anadarko,2004.0,864909.0,27.78,B,No,No
ACR0119,North Country LFG,ACR,Completed,Waste Management,Landfill Methane,Reduction,North America,United States,Commonwealth Resource Management Corporation,1998.0,487477.0,3.98,A,No,Yes
ACR0120,Petrosource Geo-Seq,ACR,Completed,Carbon Capture & Storage,Carbon Capture & Enhanced Oil Recovery,Reduction,North America,United States,"Anew Carbon Development, LLC",2003.0,39353.0,45.16,A,No,No
ACR0121,Pike's Peak Geo-Seq,ACR,Completed,Carbon Capture & Storage,Carbon Capture & Enhanced Oil Recovery,Reduction,North America,United States,"Anew Carbon Development, LLC",2004.0,786891.0,36.13,AA,No,No
ACR0123,Salt Creek Geo-Seq,ACR,Completed,Carbon Capture & Storage,Carbon Capture & Enhanced Oil Recovery,Reduction,North America,United States,Anadarko,2004.0,1284466.0,16.14,BBB,No,No
ACR0124,Schneider Anti-Idling,ACR,Completed,Transportation,Fleet Efficiency,Reduction,North America,United States,"Anew Carbon Development, LLC",2006.0,25291.0,3.17,BBB,No,No
ACR0126,Seneca Meadows LFG,ACR,Completed,Waste Management,Landfill Methane,Reduction,North America,United States,Seneca Meadows,2010.0,700100.0,4.02,A,No,No
ACR0127,Steuben County DPW LFG,ACR,Completed,Waste Management,Landfill Methane,Reduction,North America,United States,Environmental Capital LLC,2005.0,19900.0,3.69,BB,No,No
ACR0133,"Truck Stop Electrification, California",ACR,Completed,Transportation,Truck Stop Electrification,Reduction,North America,United States,IdleAir,2005.0,8253.0,4.51,A,No,No
ACR0134,"Truck Stop Electrification, Colorado",ACR,Completed,Transportation,Truck Stop Electrification,Reduction,North America,United States,IdleAir,2007.0,1800.0,4.47,A,No,No
ACR0137,"Truck Stop Electrification, Illinois",ACR,Completed,Transportation,Truck Stop Electrification,Reduction,North America,United States,IdleAir,2006.0,3392.0,5.13,A,No,No
ACR0140,"Truck Stop Electrification, Louisianna",ACR,Completed,Transportation,Truck Stop Electrification,Reduction,North America,United States,IdleAir,2006.0,2000.0,3.61,,No,No
ACR0151,"Truck Stop Electrification, Ohio",ACR,Completed,Transportation,Truck Stop Electrification,Reduction,North America,United States,IdleAir,2006.0,4307.0,4.52,BB,No,No
ACR0154,"Truck Stop Electrification, Pennsylvania",ACR,Completed,Transportation,Truck Stop Electrification,Reduction,North America,United States,IdleAir,2006.0,2400.0,3.72,BB,No,No
ACR0156,"Truck Stop Electrification, Tennessee",ACR,Completed,Transportation,Truck Stop Electrification,Reduction,North America,United States,IdleAir,2003.0,1645.0,5.5,BB,No,No
ACR0157,"Truck Stop Electrification, Texas",ACR,Completed,Transportation,Truck Stop Electrification,Reduction,North America,United States,IdleAir,2005.0,2800.0,4.55,A,No,No
ACR0160,Tyson Wastewater Treatment,ACR,Completed,Waste Management,Methane Recovery in Wastewater,Reduction,North America,United States,"Anew Carbon Development, LLC",2008.0,100000.0,3.55,BBB,No,No
ACR0161,Upper Rock LFG to Energy,ACR,Completed,Waste Management,Landfill Methane,Reduction,North America,United States,Biogas Energy Solutions,2006.0,16838.0,2.66,BBB,No,No
ACR0162,International Paper,ACR,Completed,Industrial & Commercial,Energy Efficiency,Reduction,North America,United States,"Anew Carbon Development, LLC",2003.0,300000.0,4.22,,No,No
ACR0164,DANC,ACR,Completed,Waste Management,Landfill Methane,Reduction,North America,United States,Environmental Capital LLC,2003.0,113016.0,3.87,A,No,No
ACR0165,Malhas Menegotti Industria Textil Fuel Switch,ACR,Completed,Industrial & Commercial,Fuel Switching,Reduction,Latin America and the Caribbean,Brazil,Malhas Menegotti Industria Textil Ltda.,2013.0,22100.0,5.42,A,No,No
ACR0167,Nitrogen Oxide Abatement at the DuPont Sabine River Works Adipic Acid Facility,ACR,Completed,Chemical Processes,N2O Destruction in Adipic Acid Production,Reduction,North America,United States,DuPont,2001.0,125000.0,4.98,AA,No,No
ACR0173,Round Valley Indian Tribes Improved Forest Management Project,ACR,Listed - Active ARB Project,Forestry & Land Use,Improved Forest Management,Reduction,North America,United States,Round Valley Indian Tribes,2013.0,34262.0,11.01,,Yes,No
ACR0177,Monjolinho Energética S/A Hydropower Plant Project (Alzir dos Santos Antunes),ACR,Completed,Renewable Energy,Hydropower,Reduction,Latin America and the Caribbean,Brazil,Statkraft Energias Renováveis S.A.,2009.0,632543.0,1.08,B,No,No
ACR0182,Hanes Ranch Forest Carbon Project,ACR,Listed - Active ARB Project,Forestry & Land Use,Improved Forest Management,Reduction,North America,United States,Hanes Ranch Inc.,2013.0,17890.0,13.53,B,Yes,Yes
ACR0189,Miller Forest,ACR,Listed - Active ARB Project,Forestry & Land Use,Improved Forest Management,Reduction,North America,United States,Edward Miller Trust,2013.0,31745.0,11.49,B,Yes,No
ACR0191,"MS Renovaveis Wind Power Complex: Mar e Terra, Areia Branca, Embuaca and  Icaraí",ACR,Completed,Renewable Energy,Wind,Reduction,Latin America and the Caribbean,Brazil,Auren Comercializadora de Energia LTDA. 2,2015.0,586741.0,3.05,B,No,No
ACR0192,Green Assets-Brookgreen Gardens Improved Forest Management Project,ACR,Listed - Active ARB Project,Forestry & Land Use,Improved Forest Management,Reduction,North America,United States,Green Assets,2013.0,2551.0,17.64,BB,Yes,No
ACR0199,Finite Carbon - The Forestland Group CT Lakes,ACR,Listed - Active ARB Project,Forestry & Land Use,Improved Forest Management,Reduction,North America,United States,"Anew Carbon Development, LLC",2014.0,17496.0,12.22,CCC,Yes,No
ACR0200,Brush Creek,ACR,Listed - Active ARB Project,Forestry & Land Use,Improved Forest Management,Reduction,North America,United States,Edward Miller Trust,2015.0,19049.0,13.55,CCC,Yes,No
ACR0204,Improvements in Vehicle Efficiency for Marten Transport,ACR,Completed,Transportation,Fleet Efficiency,Reduction,North America,United States,"Truckers Carbon Exchange, Inc.",2008.0,20752.0,5.99,AA,No,No
ACR0207,Improvements in Vehicle Efficiency for Crete Carrier Corp,ACR,Completed,Transportation,Fleet Efficiency,Reduction,North America,United States,"Truckers Carbon Exchange, Inc.",2008.0,37684.0,4.36,AA,No,No
ACR0210,Huron Mountain Club Forest Carbon Project,ACR,Listed - Active ARB Project,Forestry & Land Use,Improved Forest Management,Reduction,North America,United States,Huron Mountain Club,2016.0,70000.0,17.28,AA,Yes,No
ACR0211,White Mountain Apache Tribe Forest Carbon Project,ACR,Listed - Active ARB Project,Forestry & Land Use,Improved Forest Management,Reduction,North America,United States,White Mountain Apache Tribe,2012.0,550639.0,7.99,BBB,Yes,No
ACR0222,Prairie Pothole Avoided Conversion of Grasslands and Shrublands,ACR,Active: Registered,Forestry & Land Use,Avoided Grassland Conversion,Reduction,North America,United States,"Ducks Unlimited, Inc.",2010.0,36310.0,11.76,AA,Yes,Yes
ACR0223,Transformer Oil Reclamation Project,ACR,Completed,Industrial & Commercial,Oil Recycling,Reduction,North America,United States,Hydrodec Group plc,2008.0,38610.0,3.61,A,No,No
ACR0224,"SANTOS ENERGIA WIND POWER COMPLEX: SANTO ANTÔNIO DE PÁDUA, SÃO CRISTÓVÃO AND SÃO JORGE",ACR,Completed,Renewable Energy,Wind,Reduction,Latin America and the Caribbean,Brazil,Auren Comercializadora de Energia LTDA.,2015.0,271424.0,2.05,CCC,No,No
ACR0242,Cambria 33 Abandoned Mine Methane Capture and Use Project,ACR,Listed - Active ARB Project,Industrial & Commercial,Mine Methane Capture,Reduction,North America,United States,Vessels Carbon Solutions,2018.0,87952.0,6.36,,No,No
ACR0247,Finite Carbon - The Forestland Group Chateaugay Woodlands IFM,ACR,Listed - Active ARB Project,Forestry & Land Use,Improved Forest Management,Reduction,North America,United States,"Anew Carbon Development, LLC",2016.0,47543.0,10.78,,Yes,No
ACR0248,Cumberland Forest Highlands IFM,ACR,Listed - Active ARB Project,Forestry & Land Use,Improved Forest Management,Reduction,North America,United States,The Nature Conservancy,2016.0,132662.0,10.28,CCC,Yes,Yes
ACR0249,Finite Carbon - Lyme Wyoming IFM,ACR,Listed - Active ARB Project,Forestry & Land Use,Improved Forest Management,Reduction,North America,United States,The Lyme Timber Company,2015.0,788027.0,13.93,AA,Yes,No
ACR0255,Finite Carbon - Colville IFM,ACR,Listed - Active ARB Project,Forestry & Land Use,Improved Forest Management,Reduction,North America,United States,Confederated Tribes of the colville Reservation,2016.0,2380654.0,12.13,AAA,Yes,Yes
ACR0256,Finite Carbon - Tennessee River Gorge Trust IFM,ACR,Listed - Active ARB Project,Forestry & Land Use,Improved Forest Management,Reduction,North America,United States,Tennessee River Gorge Trust,2016.0,2085.0,7.57,CCC,Yes,Yes
ACR0257,Finite Carbon - Cook's Branch Conservancy IFM,ACR,Listed - Active ARB Project,Forestry & Land Use,Improved Forest Management,Reduction,North America,United States,"Conservancy Management, LLC.",2015.0,12088.0,21.9,A,Yes,No
ACR0259,Homestead Green Energy,ACR,Active: Proposed Renewal,Agriculture,Manure Methane Digester,Reduction,North America,United States,"3Degrees Group, Inc.",2016.0,43422.0,7.69,AAA,No,No
ACR0260,Warm Springs Phase I,ACR,Listed - Active ARB Project,Forestry & Land Use,Improved Forest Management,Reduction,North America,United States,Era Ecosystem Services U.S. Inc.,2015.0,296613.0,11.03,BB,Yes,No
ACR0261,Replacement of SF6 as a Cover Gas at US Magnesium,ACR,Completed,Chemical Processes,SF6 Replacement,Reduction,North America,United States,"US Magnesium, LLC",2014.0,152040.0,6.71,AAA,No,No
ACR0262,Bewley Ranches,ACR,Listed - Active ARB Project,Forestry & Land Use,Improved Forest Management,Reduction,North America,United States,Ross Bewley,2015.0,446195.0,12.01,B,Yes,No
ACR0265,Green Assets - Lukens Avoided Conversion Project,ACR,Listed - Active ARB Project,Forestry & Land Use,Avoided Forest Conversion,Reduction,North America,United States,Green Assets,2015.0,60614.0,14.63,BB,Yes,No
ACR0266,Green Assets - Milbury Avoided Conversion Project,ACR,Listed - Active ARB Project,Forestry & Land Use,Avoided Forest Conversion,Reduction,North America,United States,Green Assets,2015.0,171201.0,11.18,AA,Yes,No
ACR0267,Blue Source - Powellton Improved Forest Management Project,ACR,Listed - Active ARB Project,Forestry & Land Use,Improved Forest Management,Reduction,North America,United States,"Anew Carbon Development, LLC",2017.0,513618.0,12.0,BB,Yes,No
ACR0268,Green Assets - HMWCF-I Avoided Conversion Project,ACR,Listed - Active ARB Project,Forestry & Land Use,Avoided Forest Conversion,Reduction,North America,United States,Green Assets,2017.0,3860197.0,16.94,BB,Yes,No
ACR0269,Green Assets - HMWCF-II Avoided Conversion Project,ACR,Listed - Active ARB Project,Forestry & Land Use,Avoided Forest Conversion,Reduction,North America,United States,Green Assets,2018.0,436702.0,26.71,B,Yes,No
ACR0274,Green Diamond Resource Company Klamath West IFM,ACR,Listed - Active ARB Project,Forestry & Land Use,Improved Forest Management,Reduction,North America,United States,Green Diamond Resource Company,2016.0,299364.0,15.13,,Yes,No
ACR0276,Blue Source - Allegheny Improved Forest Management Project,ACR,Listed - Active ARB Project,Forestry & Land Use,Improved Forest Management,Reduction,North America,United States,"Anew Carbon Development, LLC",2017.0,26493.0,13.11,,Yes,No
ACR0279,Cumberland Forest - Lonesome Pine Improved Forest Management Project,ACR,Listed - Active ARB Project,Forestry & Land Use,Improved Forest Management,Reduction,North America,United States,The Nature Conservancy,2017.0,29501.0,10.19,BBB,Yes,No
ACR0280,Blue Source - Marmet Improved Forest Management Project,ACR,Listed - Active ARB Project,Forestry & Land Use,Improved Forest Management,Reduction,North America,United States,"Anew Carbon Development, LLC",2017.0,181360.0,15.95,,Yes,No
ACR0282,Blue Creek,ACR,Listed - Active ARB Project,Forestry & Land Use,Improved Forest Management,Reduction,North America,United States,Yurok Tribe,2016.0,62756.0,10.51,B,Yes,No
ACR0284,Finite Carbon - Massachusetts Audubon Society IFM,ACR,Listed - Active ARB Project,Forestry & Land Use,Improved Forest Management,Reduction,North America,United States,"Massachusetts Audubon Society, Inc.",2017.0,35462.0,17.82,BBB,Yes,No
ACR0287,Green Assets - BJT Avoided Conversion Project,ACR,Listed - Active ARB Project,Forestry & Land Use,Avoided Forest Conversion,Reduction,North America,United States,Green Assets,2018.0,171568.0,14.13,AAA,Yes,No
ACR0288,Camp Shelby Forest Carbon Project,ACR,Listed - Active ARB Project,Forestry & Land Use,Improved Forest Management,Reduction,North America,United States,Compatible Lands Foundation,2016.0,5321.0,11.53,A,Yes,No
ACR0292,Congaree River,ACR,Listed - Active ARB Project,Forestry & Land Use,Improved Forest Management,Reduction,North America,United States,Congaree River LLC,2016.0,52818.0,17.92,CCC,Yes,Yes
ACR0303,White Mountain Apache Tribe Carbon Project II,ACR,Listed - Active ARB Project,Forestry & Land Use,Improved Forest Management,Reduction,North America,United States,White Mountain Apache Tribe,2015.0,676651.0,10.05,CCC,Yes,Yes
ACR0313,High Island Dairy,ACR,Listed - Active Registry Renewal,Agriculture,Manure Methane Digester,Reduction,North America,United States,"Camco Offsets I, LLC",2015.0,30247.0,5.73,AAA,No,No
ACR0324,Finite Carbon - Sealaska Native Alaskan IFM,ACR,Listed - Active ARB Project,Forestry & Land Use,Improved Forest Management,Reduction,North America,United States,Sealaska Corporation,2016.0,866224.0,13.86,BB,Yes,No
ACR0360,Finite Carbon - Ahtna Native Alaskan IFM,ACR,Listed - Active ARB Project,Forestry & Land Use,Improved Forest Management,Reduction,North America,United States,"Ahtna, Incorporated",2017.0,575759.0,23.63,A,Yes,No
ACR0361,Forest Carbon Partners - Port Graham Corporation Improved Forest Management Project,ACR,Listed - Active ARB Project,Forestry & Land Use,Improved Forest Management,Reduction,North America,United States,The Port Graham Corporation,2018.0,35545.0,15.73,BB,Yes,No
ACR0367,Elk Creek Permit Area Abandoned Mine Project,ACR,Listed - Active ARB Project,Industrial & Commercial,Mine Methane Capture,Reduction,North America,United States,Hubbard Creek Coal Gas LLC,2016.0,263648.0,8.16,AAA,No,No
ACR0368,Anew - Middlebury Forestry Project,ACR,Active: Registered,Forestry & Land Use,Improved Forest Management,Mixed,North America,United States,"Anew Carbon Development, LLC",2018.0,7034.0,9.16,BBB,Yes,No
ACR0373,Blue Source - Northwoods Improved Forest Management Project,ACR,Listed - Active ARB Project,Forestry & Land Use,Improved Forest Management,Reduction,North America,United States,"Anew Carbon Development, LLC",2017.0,71010.0,19.67,B,Yes,No
ACR0374,Anew - Shafer-Tuuk Forestry Project,ACR,Active: Registered,Forestry & Land Use,Improved Forest Management,Mixed,North America,United States,"Anew Carbon Development, LLC",2018.0,42576.0,10.14,BB,Yes,No
ACR0375,Hawk Mountain Forestry Project,ACR,Active: Registered,Forestry & Land Use,Improved Forest Management,Mixed,North America,United States,The Nature Conservancy,2018.0,34055.0,13.73,CCC,Yes,No
ACR0376,Anew - Massachusetts Tri-City Forestry Project,ACR,Active: Registered,Forestry & Land Use,Improved Forest Management,Mixed,North America,United States,"Anew Carbon Development, LLC",2018.0,409366.0,13.35,BBB,Yes,No
ACR0378,Lord Ellis Improved Forest Management Project,ACR,Listed - Active ARB Project,Forestry & Land Use,Improved Forest Management,Reduction,North America,United States,Green Diamond Resource Company,2017.0,51089.0,11.9,B,Yes,No
ACR0382,Re-Refining of Used Transformer Oil,ACR,Active: Registered,Industrial & Commercial,Oil Recycling,Reduction,North America,United States,"Environmental Management of KC, LLC",2018.0,137694.0,5.09,AA,No,No
ACR0386,Hudson Farm Forestry Project,ACR,Active: Registered,Forestry & Land Use,Improved Forest Management,Mixed,North America,United States,"Anew Carbon Development, LLC",2018.0,52274.0,9.81,CCC,Yes,No
ACR0388,Corinth Abandoned Mine Methane Recovery Project,ACR,Listed - Active ARB Project,Industrial & Commercial,Mine Methane Capture,Reduction,North America,United States,"DTM Clean Fuels, LLC",2017.0,281446.0,7.77,AAA,No,No
ACR0389,Winston Creek Forest Carbon Project,ACR,Active: Registered,Forestry & Land Use,Improved Forest Management,Mixed,North America,United States,Port Blakely,2017.0,95240.0,11.08,B,Yes,No
ACR0394,Hiawatha Club Carbon Project,ACR,Active: Registered,Forestry & Land Use,Improved Forest Management,Mixed,North America,United States,The Nature Conservancy,2017.0,2534.0,9.21,BB,Yes,No
ACR0395,Finite Carbon - MWF Ned Lake IFM,ACR,Listed - Active ARB Project,Forestry & Land Use,Improved Forest Management,Reduction,North America,United States,Molpus Woodlands Group,2019.0,29078.0,13.51,BB,Yes,No
ACR0398,Anew - Doe Mountain Forestry Project,ACR,Active: Registered,Forestry & Land Use,Improved Forest Management,Mixed,North America,United States,"Anew Carbon Development, LLC",2018.0,123475.0,18.1,BBB,Yes,No
ACR0403,Bluesource GCS Bear Canyon,ACR,Listed - Active ARB Project,Industrial & Commercial,Mine Methane Capture,Reduction,North America,United States,"Anew Carbon Development, LLC",2018.0,12133.0,8.55,AA,No,No
ACR0407,BMMC1,ACR,Listed - Active ARB Project,Industrial & Commercial,Mine Methane Capture,Reduction,North America,United States,Environmental Commodities Corporation,2018.0,306823.0,6.7,BBB,No,No
ACR0410,Restoring Wetlands on California Department of Water Resources-Owned Areas of Twitchell and Sherman Islands,ACR,Active: Registered,Forestry & Land Use,Wetland Restoration,Reduction,North America,United States,California Department of Water Resources,2011.0,52405.0,22.39,B,Yes,No
ACR0411,Steuben County Bath Landfill GHG Offset Project,ACR,Active: Registered,Waste Management,Landfill Methane,Reduction,North America,United States,"Steuben County DPW, Solid Waste Division",2018.0,76503.0,7.16,BBB,No,No
ACR0413,Finite Carbon - Tyonek Native Alaskan IFM,ACR,Listed - Active ARB Project,Forestry & Land Use,Improved Forest Management,Reduction,North America,United States,"Beach People, LLC",2020.0,138599.0,11.61,BBB,Yes,No
ACR0416,Finite Carbon - Meriwether IFM,ACR,Listed - Active ARB Project,Forestry & Land Use,Improved Forest Management,Reduction,North America,United States,Molpus Woodlands Group,2019.0,152313.0,10.46,B,Yes,No
ACR0417,Bluesource - Baskahegan Improved Forest Management Project,ACR,Listed - Active ARB Project,Forestry & Land Use,Improved Forest Management,Reduction,North America,United States,Baskahegan Company,2018.0,40531.0,18.39,BBB,Yes,No
ACR0418,WMMC1,ACR,Listed - Active ARB Project,Industrial & Commercial,Mine Methane Capture,Reduction,North America,United States,Environmental Commodities Corporation,2018.0,6472.0,7.07,AA,No,No
ACR0419,Tradewater ODS 12,ACR,Completed,Chemical Processes,Ozone Depleting Substances Recovery & Destruction,Reduction,North America,United States,"Tradewater, LLC",2018.0,62498.0,11.0,AAA,No,No
ACR0422,Wabassus Improved Forest Management Project,ACR,Active: Registered,Forestry & Land Use,Improved Forest Management,Mixed,North America,United States,Downeast Lakes Land Trust,2018.0,115056.0,11.96,BB,Yes,No
ACR0424,Albany Water Board - Improved Forest Management Project,ACR,Active: Registered,Forestry & Land Use,Improved Forest Management,Mixed,North America,United States,The Nature Conservancy,2017.0,58472.0,14.01,B,Yes,No
ACR0426,Tradewater ODS 13,ACR,Completed,Chemical Processes,Ozone Depleting Substances Recovery & Destruction,Reduction,North America,United States,"Tradewater, LLC",2018.0,30914.0,10.56,AAA,No,No
ACR0427,The Nature Conservancy - Upper St. John Forest IFM Project,ACR,Listed - Active ARB Project,Forestry & Land Use,Improved Forest Management,Reduction,North America,United States,The Nature Conservancy,2018.0,12357.0,9.58,CCC,Yes,No
ACR0431,Tradewater ODS 15,ACR,Completed,Chemical Processes,Ozone Depleting Substances Recovery & Destruction,Reduction,North America,United States,"Tradewater, LLC",2018.0,52322.0,11.92,AA,No,No
ACR0433,Tradewater ODS 16,ACR,Completed,Chemical Processes,Ozone Depleting Substances Recovery & Destruction,Reduction,North America,United States,"Tradewater, LLC",2018.0,47678.0,7.69,AAA,No,No
ACR0437,Bluesource - Cumberland Mountains Improved Forest Management Project,ACR,Listed - Active ARB Project,Forestry & Land Use,Improved Forest Management,Reduction,North America,United States,"Anew Carbon Development, LLC",2019.0,1007993.0,13.39,B,Yes,No
ACR0439,Bluesource – Edge of Appalachia Improved Forest Management Project,ACR,Listed - Active ARB Project,Forestry & Land Use,Improved Forest Management,Reduction,North America,United States,"Anew Carbon Development, LLC",2019.0,59216.0,13.18,,Yes,No
ACR0441,TNC-Chestnut Mountain Improved Forest Management Project,ACR,Active: Registered,Forestry & Land Use,Improved Forest Management,Reduction,North America,United States,The Nature Conservancy,2018.0,101575.0,15.29,A,Yes,No
ACR0442,Coolgas 2019-2,ACR,Completed,Chemical Processes,Ozone Depleting Substances Recovery & Destruction,Reduction,North America,United States,A-Gas US Inc.,2019.0,111759.0,10.19,,No,No
ACR0447,Foam Blowing Agent Project 001C,ACR,Completed,Chemical Processes,HFC Replacement in Foam Production,Reduction,North America,United States,"Foam Supplies, Inc. 2",2017.0,40492.0,6.51,AAA,No,No
ACR0449,Foam Blowing Agent Project 002D,ACR,Completed,Chemical Processes,HFC Replacement in Foam Production,Reduction,North America,United States,"Foam Supplies, Inc. 2",2018.0,62008.0,10.65,AAA,No,No
ACR0454,Foam Blowing Agent Project 003C,ACR,Completed,Chemical Processes,HFC Replacement in Foam Production,Reduction,North America,United States,"Foam Supplies, Inc. 2",2017.0,187255.0,7.49,AAA,No,No
ACR0455,Foam Blowing Agent Project 003D,ACR,Completed,Chemical Processes,HFC Replacement in Foam Production,Reduction,North America,United States,"Foam Supplies, Inc. 2",2018.0,455795.0,8.88,AAA,No,No
ACR0459,Anew - Klawock Heenya Native Community Forestry Project,ACR,Active: Registered,Forestry & Land Use,Improved Forest Management,Mixed,North America,United States,"Anew Carbon Development, LLC",2018.0,230747.0,16.38,B,Yes,No
ACR0461,Tradewater ODS 19,ACR,Completed,Chemical Processes,Ozone Depleting Substances Recovery & Destruction,Reduction,North America,United States,"Tradewater, LLC",2019.0,8452.0,8.65,AAA,No,No
ACR0463,Foam Blowing Agent Project 001G,ACR,Completed,Chemical Processes,HFC Replacement in Foam Production,Reduction,North America,United States,"Foam Supplies, Inc. 2",2011.0,1195.0,6.73,AAA,No,No
ACR0468,Tradewater ODS 20,ACR,Completed,Chemical Processes,Ozone Depleting Substances Recovery & Destruction,Reduction,North America,United States,"Tradewater, LLC",2019.0,2820.0,11.16,,No,No
ACR0470,PERENNIAL CN9-1 AMM FLARE PROJECT,ACR,Listed - Active ARB Project,Industrial & Commercial,Mine Methane Capture,Reduction,North America,United States,Perennial CMM LLC,2019.0,21211.0,5.94,AA,No,No
ACR0472,Tradewater ODS 22,ACR,Completed,Chemical Processes,Ozone Depleting Substances Recovery & Destruction,Reduction,North America,United States,"Tradewater, LLC",2019.0,50000.0,8.8,AAA,No,No
ACR0479,Advanced Refrigeration US49 - ARS 001,ACR,Completed,Chemical Processes,Advanced Refrigerants,Reduction,North America,United States,"True Manufacturing Co., Inc.",2016.0,194624.0,12.11,A,No,No
ACR0480,Advanced Refrigeration US49 - ARS 002,ACR,Completed,Chemical Processes,Advanced Refrigerants,Reduction,North America,United States,"True Manufacturing Co., Inc.",2017.0,93856.0,6.89,AAA,No,No
ACR0481,Advanced Refrigeration US49 - ARS 003,ACR,Completed,Chemical Processes,Advanced Refrigerants,Reduction,North America,United States,"True Manufacturing Co., Inc.",2018.0,123143.0,11.6,A,No,No
ACR0482,Tradewater ODS 23,ACR,Completed,Chemical Processes,Ozone Depleting Substances Recovery & Destruction,Reduction,North America,United States,"Tradewater, LLC",2019.0,71230.0,12.35,AAA,No,No
ACR0483,Lower Green Swamp Preserve,ACR,Active: Registered,Forestry & Land Use,Improved Forest Management,Mixed,North America,United States,Hillsborough County/CELMD,2018.0,81536.0,18.11,B,Yes,No
ACR0485,Whirlpool HFO Amana 485,ACR,Completed,Chemical Processes,HFC Replacement in Foam Production,Reduction,North America,United States,WHIRLPOOL CORPORATION,2016.0,109102.0,9.65,AAA,No,No
ACR0486,Whirlpool HFO Amana 486,ACR,Completed,Chemical Processes,HFC Replacement in Foam Production,Reduction,North America,United States,WHIRLPOOL CORPORATION,2017.0,119102.0,7.73,AAA,No,No
ACR0487,Whirlpool HFO Amana 487,ACR,Completed,Chemical Processes,HFC Replacement in Foam Production,Reduction,North America,United States,WHIRLPOOL CORPORATION,2018.0,66579.0,8.76,AAA,No,No
ACR0493,Marshall County Flare I,ACR,Listed - Active ARB Project,Industrial & Commercial,Mine Methane Capture,Reduction,North America,United States,"NextEra Energy Marketing, LLC",2019.0,200753.0,11.16,,No,No
ACR0496,A-Gas 2019-Misc,ACR,Completed,Chemical Processes,Ozone Depleting Substances Recovery & Destruction,Reduction,North America,United States,A-Gas US Inc.,2019.0,1988.0,6.58,AA,No,No
ACR0499,Anew - Kootznoowoo Native Community Forestry Project,ACR,Active: Registered,Forestry & Land Use,Improved Forest Management,Mixed,North America,United States,"Anew Carbon Development, LLC",2018.0,386514.0,19.5,BB,Yes,No
ACR0500,Tradewater ODS 27,ACR,Completed,Chemical Processes,Ozone Depleting Substances Recovery & Destruction,Reduction,North America,United States,"Tradewater, LLC",2019.0,92096.0,8.79,AAA,No,No
ACR0505,Anew - Sharp Bingham Forestry Project,ACR,Active: Registered,Forestry & Land Use,Improved Forest Management,Mixed,North America,United States,"Anew Carbon Development, LLC",2019.0,63249.0,21.04,BBB,Yes,No
ACR0506,Anew - Greenleaf Forestry Project,ACR,Active: Registered,Forestry & Land Use,Improved Forest Management,Mixed,North America,United States,"Anew Carbon Development, LLC",2019.0,768674.0,20.84,CCC,Yes,No
ACR0508,Otter Creek IFM,ACR,Active: Registered,Forestry & Land Use,Improved Forest Management,Mixed,North America,United States,Manulife Investment Management Timberland and Agriculture Inc,2017.0,81324.0,17.54,AAA,Yes,No
ACR0509,Kite Hammock IFM,ACR,Active: Registered,Forestry & Land Use,Improved Forest Management,Mixed,North America,United States,Manulife Investment Management Timberland and Agriculture Inc,2017.0,110504.0,18.36,BBB,Yes,No
ACR0516,HFC Emissions Reduction in Spray Foam by Replacement of HFC-245fa Blowing Agent with Solstice LBA® (HFO-1233zd(E)) 2018b,ACR,Completed,Chemical Processes,HFC Replacement in Foam Production,Reduction,North America,United States,Honeywell International,2018.0,22165.0,7.15,,No,No
ACR0517,Tradewater ODS 28,ACR,Completed,Chemical Processes,Ozone Depleting Substances Recovery & Destruction,Reduction,North America,United States,"Tradewater, LLC",2019.0,108005.0,11.06,AAA,No,No
ACR0518,Anew - Burnt Mountain Forestry Project,ACR,Active: Registered,Forestry & Land Use,Improved Forest Management,Mixed,North America,United States,"Anew Carbon Development, LLC",2018.0,100695.0,14.92,B,Yes,No
ACR0519,Cold Hollow Carbon - Improved Forest Management Project,ACR,Active: Registered,Forestry & Land Use,Improved Forest Management,Mixed,North America,United States,Vermont Forest Carbon LLC,2019.0,126856.0,16.41,B,Yes,No
ACR0520,Tradewater ODS 29,ACR,Completed,Chemical Processes,Ozone Depleting Substances Recovery & Destruction,Reduction,North America,United States,"Tradewater, LLC",2019.0,29438.0,13.27,AAA,No,No
ACR0521,A-Gas 1-2020,ACR,Completed,Chemical Processes,Ozone Depleting Substances Recovery & Destruction,Reduction,North America,United States,A-Gas US Inc.,2019.0,7715.0,9.03,A,No,No
ACR0526,Advanced Refrigeration CAL - ARS  001B,ACR,Completed,Chemical Processes,Advanced Refrigerants,Reduction,North America,United States,"True Manufacturing Co., Inc.",2016.0,21141.0,6.52,BBB,No,No
ACR0527,Advanced Refrigeration CAN - ARS 001C,ACR,Completed,Chemical Processes,Advanced Refrigerants,Reduction,North America,United States,"True Manufacturing Co., Inc.",2016.0,13449.0,7.6,BBB,No,No
ACR0528,Advanced Refrigeration CAL - ARS 002B,ACR,Completed,Chemical Processes,Advanced Refrigerants,Reduction,North America,United States,"True Manufacturing Co., Inc.",2017.0,36105.0,8.41,AAA,No,No
ACR0530,Advanced Refrigeration CAL - ARS 003B,ACR,Completed,Chemical Processes,Advanced Refrigerants,Reduction,North America,United States,"True Manufacturing Co., Inc.",2018.0,52251.0,7.4,AA,No,No
ACR0533,A-Gas 3-2020,ACR,Completed,Chemical Processes,Ozone Depleting Substances Recovery & Destruction,Reduction,North America,United States,A-Gas US Inc.,2020.0,8219.0,10.23,BBB,No,No
ACR0534,Anew - Shaan Seet Native Community Forestry Project,ACR,Active: Registered,Forestry & Land Use,Improved Forest Management,Mixed,North America,United States,"Anew Carbon Development, LLC",2019.0,64053.0,16.49,BBB,Yes,No
ACR0538,Hudson Tech 2020-2,ACR,Completed,Chemical Processes,Ozone Depleting Substances Recovery & Destruction,Reduction,North America,United States,Hudson Technologies Company,2020.0,8938.0,9.13,AA,No,No
ACR0543,Tradewater ODS 32,ACR,Completed,Chemical Processes,Ozone Depleting Substances Recovery & Destruction,Reduction,North America,United States,"Tradewater, LLC",2020.0,13952.0,13.01,AAA,No,No
ACR0544,Hubbard Creek Coal Gas Incineration Project,ACR,Listed - Active ARB Project,Industrial & Commercial,Mine Methane Capture,Reduction,North America,United States,Hubbard Creek Coal Gas LLC,2021.0,115235.0,7.28,AA,No,No
ACR0545,WMMC2,ACR,Listed - Active ARB Project,Industrial & Commercial,Mine Methane Capture,Reduction,North America,United States,Environmental Commodities Corporation,2024.0,57887.0,10.79,A,No,No
ACR0547,Tradewater ODS 33,ACR,Completed,Chemical Processes,Ozone Depleting Substances Recovery & Destruction,Reduction,North America,United States,"Tradewater, LLC",2020.0,16563.0,10.43,,No,No
ACR0549,Bluesource - Spirit Falls Improved Forest Management Project,ACR,Listed - Active ARB Project,Forestry & Land Use,Improved Forest Management,Reduction,North America,United States,"Anew Carbon Development, LLC",2020.0,80298.0,13.25,BB,Yes,No
ACR0551,Foam Blowing Agent Project 001L,ACR,Completed,Chemical Processes,HFC Replacement in Foam Production,Reduction,North America,United States,"Foam Supplies, Inc. 2",2019.0,40275.0,9.45,AAA,No,No
ACR0552,Foam Blowing Agent Project 002E,ACR,Completed,Chemical Processes,HFC Replacement in Foam Production,Reduction,North America,United States,"Foam Supplies, Inc. 2",2019.0,5450.0,5.16,AAA,No,No
ACR0554,Finite Carbon - Opal Mountain Ranch IFM,ACR,Listed - Active ARB Project,Forestry & Land Use,Improved Forest Management,Reduction,North America,United States,Opal Mountain LLC,2021.0,329742.0,17.35,AA,Yes,No
ACR0555,Anew - Navajo Nation Forestry Project,ACR,Listed - Active ARB Project,Forestry & Land Use,Improved Forest Management,Reduction,North America,United States,"Anew Carbon Development, LLC",2024.0,4370151.0,18.55,A,Yes,No
ACR0556,Foam Blowing Agent Project 005,ACR,Completed,Chemical Processes,HFC Replacement in Foam Production,Reduction,North America,United States,"Foam Supplies, Inc. 2",2019.0,1397698.0,8.26,AAA,No,No
ACR0557,Hudson Tech HFC Reclamation Project 2020-1,ACR,Completed,Chemical Processes,HFC Refrigerant Reclamation,Reduction,North America,United States,Hudson Technologies Company,2019.0,69644.0,9.23,AAA,No,No
ACR0558,Finite Carbon - Park Forestry IFM,ACR,Active: Registered,Forestry & Land Use,Improved Forest Management,Mixed,North America,United States,"Park Forestry NY, LLC",2020.0,340670.0,11.46,BB,Yes,No
ACR0561,Tradewater ODS 34,ACR,Completed,Chemical Processes,Ozone Depleting Substances Recovery & Destruction,Reduction,North America,United States,"Tradewater, LLC",2020.0,101273.0,7.26,AAA,No,No
ACR0562,Finite Carbon - Hiawatha Sportsman's Club IFM,ACR,Active: Registered,Forestry & Land Use,Improved Forest Management,Mixed,North America,United States,Hiawatha Sportsman's Club,2020.0,332547.0,11.56,BBB,Yes,No
ACR0566,Anew - 100-Mile Wilderness  Forestry Project,ACR,Active: Registered,Forestry & Land Use,Improved Forest Management,Mixed,North America,United States,"Anew Carbon Development, LLC",2020.0,53051.0,13.07,B,Yes,No
ACR0568,Spray Foam Omega 2,ACR,Completed,Chemical Processes,HFC Replacement in Foam Production,Reduction,North America,United States,"Brian R. Anderson, Inc. DBA 1st Climate Solutions",2019.0,156439.0,5.62,,No,No
ACR0569,Anew - East Branch Forestry Project,ACR,Active: Registered,Forestry & Land Use,Improved Forest Management,Mixed,North America,United States,"Anew Carbon Development, LLC",2020.0,197176.0,12.76,BBB,Yes,No
ACR0570,Forest Carbon Works Rowan Family Forest Project,ACR,Listed - Active ARB Project,Forestry & Land Use,Improved Forest Management,Reduction,North America,United States,"Forest Carbon Works, PBC",2021.0,30279.0,19.13,BBB,Yes,No
ACR0571,Finite Carbon - AMC Maine Woods Initiative IFM,ACR,Active: Registered,Forestry & Land Use,Improved Forest Management,Mixed,North America,United States,AMC Maine Woods Initiative LLC,2020.0,795778.0,14.58,A,Yes,No
ACR0573,A-Gas V1,ACR,Completed,Chemical Processes,HFC Refrigerant Reclamation,Reduction,North America,United States,A-Gas US Inc.,2018.0,7166.0,6.47,A,No,No
ACR0574,The Nature Conservancy Washington Rainforest Renewal Project,ACR,Active: Registered,Forestry & Land Use,Improved Forest Management,Mixed,North America,United States,The Nature Conservancy,2020.0,49799.0,19.33,B,Yes,No
ACR0576,Anew - Rainier Gateway Forestry Project,ACR,Active: Registered,Forestry & Land Use,Improved Forest Management,Mixed,North America,United States,"Anew Carbon Development, LLC",2020.0,57879.0,12.8,BB,Yes,No
ACR0577,Tradewater ODS 35,ACR,Completed,Chemical Processes,Ozone Depleting Substances Recovery & Destruction,Reduction,North America,United States,"Tradewater, LLC",2020.0,50204.0,7.57,AAA,No,No
ACR0579,The University of Tennessee Forest Resources AgResearch and Education Center Forest Carbon Project,ACR,Active: Registered,Forestry & Land Use,Improved Forest Management,Reduction,North America,United States,The University of Tennessee,2019.0,80219.0,11.38,BB,Yes,No
ACR0583,A-Gas V2,ACR,Completed,Chemical Processes,HFC Refrigerant Reclamation,Reduction,North America,United States,A-Gas US Inc.,2019.0,2000.0,11.26,,No,No
ACR0584,A-Gas V3,ACR,Completed,Chemical Processes,HFC Refrigerant Reclamation,Reduction,North America,United States,A-Gas US Inc.,2019.0,13561.0,9.18,A,No,No
ACR0585,A-Gas V4,ACR,Completed,Chemical Processes,HFC Refrigerant Reclamation,Reduction,North America,United States,A-Gas US Inc.,2020.0,36439.0,8.92,BB,No,No
ACR0586,18 Reserves Forest Carbon Project,ACR,Active: Registered,Forestry & Land Use,Improved Forest Management,Mixed,North America,United States,The Climate Trust,2020.0,401574.0,16.04,B,Yes,No
ACR0587,Anew - North Maine Woods Forestry Project,ACR,Active: Registered,Forestry & Land Use,Improved Forest Management,Mixed,North America,United States,"Anew Carbon Development, LLC",2020.0,253693.0,13.96,B,Yes,No
ACR0588,Anew - Big Six Forestry Project,ACR,Active: Registered,Forestry & Land Use,Improved Forest Management,Mixed,North America,United States,"Anew Carbon Development, LLC",2020.0,71790.0,14.93,,Yes,No
ACR0589,Tradewater ODS 36,ACR,Completed,Chemical Processes,Ozone Depleting Substances Recovery & Destruction,Reduction,North America,United States,"Tradewater, LLC",2020.0,5816.0,7.87,AAA,No,No
ACR0590,Anew - Blue Ridge Escarpment Forestry Project,ACR,Active: Registered,Forestry & Land Use,Improved Forest Management,Mixed,North America,United States,"Anew Carbon Development, LLC",2020.0,63966.0,16.82,BBB,Yes,No
ACR0591,Spray Foam Alpha,ACR,Completed,Chemical Processes,HFC Replacement in Foam Production,Reduction,North America,United States,"Brian R. Anderson, Inc. DBA 1st Climate Solutions",2019.0,6121.0,6.57,AA,No,No
ACR0592,Anew - Doyon Native Community Forest Project,ACR,Active: Registered,Forestry & Land Use,Improved Forest Management,Mixed,North America,United States,"Anew Carbon Development, LLC",2020.0,544687.0,14.11,CCC,Yes,No
ACR0593,NMMC1,ACR,Listed - Active ARB Project,Industrial & Commercial,Mine Methane Capture,Reduction,North America,United States,Environmental Commodities Corporation,2021.0,29136.0,5.98,AA,No,No
ACR0594,CMMC1,ACR,Listed - Active ARB Project,Industrial & Commercial,Mine Methane Capture,Reduction,North America,United States,Environmental Commodities Corporation,2021.0,54518.0,9.07,A,No,No
ACR0595,Anew - Elk Forestry Project,ACR,Active: Registered,Forestry & Land Use,Improved Forest Management,Mixed,North America,United States,"Anew Carbon Development, LLC",2019.0,609897.0,18.2,BBB,Yes,No
ACR0596,Anew - Boone Forestry Project,ACR,Active: Registered,Forestry & Land Use,Improved Forest Management,Mixed,North America,United States,"Anew Carbon Development, LLC",2019.0,997931.0,15.12,CCC,Yes,No
ACR0598,Advanced Refrigeration US49 - ARS 004,ACR,Completed,Chemical Processes,Advanced Refrigerants,Reduction,North America,United States,"True Manufacturing Co., Inc.",2019.0,151162.0,8.06,AA,No,No
ACR0599,Advanced Refrigeration CAL - ARS 004B,ACR,Completed,Chemical Processes,Advanced Refrigerants,Reduction,North America,United States,"True Manufacturing Co., Inc.",2019.0,44571.0,8.2,AAA,No,No
ACR0600,Advanced Refrigeration CAN - ARS 004C,ACR,Completed,Chemical Processes,Advanced Refrigerants,Reduction,North America,United States,"True Manufacturing Co., Inc.",2019.0,34725.0,7.75,,No,No
ACR0604,Anew - Moose Country Divide Forestry Project,ACR,Active: Registered,Forestry & Land Use,Improved Forest Management,Mixed,North America,United States,"Anew Carbon Development, LLC",2020.0,82913.0,8.78,BBB,Yes,No
ACR0606,True Manufacturing FBA Project 002,ACR,Completed,Chemical Processes,HFC Replacement in Foam Production,Reduction,North America,United States,"True Manufacturing Co., Inc.",2019.0,139118.0,10.06,AA,No,No
ACR0608,Tradewater ODS 37,ACR,Completed,Chemical Processes,Ozone Depleting Substances Recovery & Destruction,Reduction,North America,United States,"Tradewater, LLC",2021.0,4038.0,10.83,AAA,No,No
ACR0609,Marshall County Flare II,ACR,Listed - Active ARB Project,Industrial & Commercial,Mine Methane Capture,Reduction,North America,United States,"NextEra Energy Marketing, LLC",2020.0,172836.0,6.76,,No,No
ACR0610,Marshall County Flare III,ACR,Listed - Active ARB Project,Industrial & Commercial,Mine Methane Capture,Reduction,North America,United States,"NextEra Energy Marketing, LLC",2021.0,99661.0,8.4,BBB,No,No
ACR0611,Marion County Flare I,ACR,Listed - Active ARB Project,Industrial & Commercial,Mine Methane Capture,Reduction,North America,United States,"NextEra Energy Marketing, LLC",2021.0,51101.0,10.92,AAA,No,No
ACR0613,Anew - Bluestone Forestry Project,ACR,Active: Registered,Forestry & Land Use,Improved Forest Management,Mixed,North America,United States,"Anew Carbon Development, LLC",2020.0,247819.0,11.25,A,Yes,No
ACR0614,Anew - Michigan DNR Big Wild Forestry Project,ACR,Active: Registered,Forestry & Land Use,Improved Forest Management,Mixed,North America,United States,"Anew Carbon Development, LLC",2020.0,938137.0,15.06,BB,Yes,No
ACR0616,Anew - Columbia River Forestry Project,ACR,Active: Registered,Forestry & Land Use,Improved Forest Management,Mixed,North America,United States,"Anew Carbon Development, LLC",2021.0,178320.0,17.41,A,Yes,No
ACR0617,Anew - Tomah Highlands Forestry Project,ACR,Active: Registered,Forestry & Land Use,Improved Forest Management,Mixed,North America,United States,"Anew Carbon Development, LLC",2020.0,3403.0,12.19,BB,Yes,No
ACR0618,Anew - Apalachicola River Forestry Project,ACR,Active: Registered,Forestry & Land Use,Improved Forest Management,Mixed,North America,United States,"Anew Carbon Development, LLC",2021.0,559238.0,17.23,B,Yes,No
ACR0619,Hudson Tech 2021-1,ACR,Completed,Chemical Processes,Ozone Depleting Substances Recovery & Destruction,Reduction,North America,United States,Hudson Technologies Company,2021.0,47010.0,7.97,AAA,No,No
ACR0621,Spray Foam Omega 3,ACR,Completed,Chemical Processes,HFC Replacement in Foam Production,Reduction,North America,United States,"Brian R. Anderson, Inc. DBA 1st Climate Solutions",2020.0,1418363.0,10.96,,No,No
ACR0622,Foam Blowing Agent Project 003F,ACR,Completed,Chemical Processes,HFC Replacement in Foam Production,Reduction,North America,United States,"Foam Supplies, Inc. 2",2020.0,1122767.0,7.81,AAA,No,No
ACR0623,Foam Blowing Agent Project 002F,ACR,Completed,Chemical Processes,HFC Replacement in Foam Production,Reduction,North America,United States,"Foam Supplies, Inc. 2",2020.0,102145.0,7.09,AAA,No,No
ACR0624,Foam Blowing Agent Project 001M,ACR,Completed,Chemical Processes,HFC Replacement in Foam Production,Reduction,North America,United States,"Foam Supplies, Inc. 2",2020.0,71920.0,9.12,AAA,No,No
ACR0625,Tradewater ODS 38,ACR,Completed,Chemical Processes,Ozone Depleting Substances Recovery & Destruction,Reduction,North America,United States,"Tradewater, LLC",2021.0,136658.0,6.56,,No,No
ACR0628,Wolf Lands Forest Carbon Project,ACR,Active: Registered,Forestry & Land Use,Improved Forest Management,Mixed,North America,United States,"Wolf Lands, Inc.",2020.0,18833.0,13.31,BBB,Yes,Yes
ACR0629,Hudson Technologies HFC Reclamation Project Champaign 2020,ACR,Completed,Chemical Processes,HFC Refrigerant Reclamation,Reduction,North America,United States,Hudson Technologies Company,2020.0,637332.0,9.1,AAA,No,No
ACR0630,Carlisle Abandoned Mine Methane Recovery Project,ACR,Listed - Active ARB Project,Industrial & Commercial,Mine Methane Capture,Reduction,North America,United States,"Sunrise Energy, LLC",2022.0,216082.0,13.81,A,No,No
ACR0631,Hudson Technologies HFC Reclamation Project Ontario 2020,ACR,Completed,Chemical Processes,HFC Refrigerant Reclamation,Reduction,North America,United States,Hudson Technologies Company,2020.0,153619.0,10.79,AAA,No,No
ACR0632,Anew - Eagle Mountain Forestry Project,ACR,Active: Registered,Forestry & Land Use,Improved Forest Management,Mixed,North America,United States,Northeast Wilderness Trust,2021.0,24196.0,21.21,,Yes,No
ACR0633,Anew - White Mountain Forestry Project,ACR,Active: Registered,Forestry & Land Use,Improved Forest Management,Mixed,North America,United States,"Anew Carbon Development, LLC",2020.0,202697.0,12.73,A,Yes,No
ACR0634,ILTF/NICC & SIG Fond Du Lac Band Forest Carbon Project,ACR,Active: Registered,Forestry & Land Use,Improved Forest Management,Mixed,North America,United States,Indian Land Tenure Foundation,2019.0,78284.0,10.97,BBB,Yes,No
ACR0637,ILTF/NICC & SIG  Keweenaw Bay Indian Community Forest Carbon Project,ACR,Active: Registered,Forestry & Land Use,Improved Forest Management,Mixed,North America,United States,Indian Land Tenure Foundation,2019.0,522599.0,9.94,BB,Yes,No
ACR0638,Bluesource - Vermejo Forestry Project,ACR,Listed - Active ARB Project,Forestry & Land Use,Improved Forest Management,Reduction,North America,United States,"Anew Carbon Development, LLC",2021.0,1083074.0,17.15,B,Yes,No
ACR0639,Anew - Northeast Kingdom Forestry Project,ACR,Active: Registered,Forestry & Land Use,Improved Forest Management,Mixed,North America,United States,"Anew Carbon Development, LLC",2021.0,49593.0,11.86,BB,Yes,No
ACR0640,Advanced Refrigeration US49 - ARS 005,ACR,Completed,Chemical Processes,Advanced Refrigerants,Reduction,North America,United States,"True Manufacturing Co., Inc.",2020.0,367047.0,6.32,AAA,No,No
ACR0641,Advanced Refrigeration CAL - ARS 005B,ACR,Completed,Chemical Processes,Advanced Refrigerants,Reduction,North America,United States,"True Manufacturing Co., Inc.",2020.0,18605.0,10.55,AA,No,No
ACR0642,Advanced Refrigeration CAN - ARS 005C,ACR,Completed,Chemical Processes,Advanced Refrigerants,Reduction,North America,United States,"True Manufacturing Co., Inc.",2020.0,16102.0,10.34,A,No,No
ACR0643,Anew - Bayfield County Forest Project,ACR,Active: Registered,Forestry & Land Use,Improved Forest Management,Mixed,North America,United States,"Anew Carbon Development, LLC",2021.0,498258.0,14.23,A,Yes,No
ACR0645,Tradewater ODS 41,ACR,Completed,Chemical Processes,Ozone Depleting Substances Recovery & Destruction,Reduction,North America,United States,"Tradewater, LLC",2021.0,27895.0,8.99,AAA,No,No
ACR0646,A-Gas V5,ACR,Completed,Chemical Processes,HFC Refrigerant Reclamation,Reduction,North America,United States,A-Gas US Inc.,2019.0,385631.0,8.82,AAA,No,No
ACR0647,The Nature Conservancy – Michigamme Highlands Carbon Project,ACR,Active: Registered,Forestry & Land Use,Improved Forest Management,Mixed,North America,United States,The Nature Conservancy,2021.0,177998.0,12.71,BBB,Yes,No
ACR0648,Hudson Technologies HFC Reclamation Project 2020 - Georgia,ACR,Completed,Chemical Processes,HFC Refrigerant Reclamation,Reduction,North America,United States,Hudson Technologies Company,2020.0,432532.0,7.63,A,No,No
ACR0649,Hudson Tech 2021-2,ACR,Completed,Chemical Processes,Ozone Depleting Substances Recovery & Destruction,Reduction,North America,United States,Hudson Technologies Company,2021.0,38887.0,10.02,,No,No
ACR0650,PMR #3,ACR,Listed - Active ARB Project,Industrial & Commercial,Mine Methane Capture,Reduction,North America,United States,"Pine Mountain Resources, LLC",2022.0,78260.0,8.89,AA,No,No
ACR0651,CH4 - BWM Carbon Capture Project 1,ACR,Listed - Active ARB Project,Industrial & Commercial,Mine Methane Capture,Reduction,North America,United States,CH4 Solutions LLC,2021.0,64935.0,7.13,,No,No
ACR0652,True Manufacturing FBA Project 002A,ACR,Completed,Chemical Processes,HFC Replacement in Foam Production,Reduction,North America,United States,"True Manufacturing Co., Inc.",2020.0,204812.0,10.41,AA,No,No
ACR0653,Anew - Canada Creek Forestry Project,ACR,Active: Registered,Forestry & Land Use,Improved Forest Management,Mixed,North America,United States,"Anew Carbon Development, LLC",2021.0,46257.0,23.51,B,Yes,No
ACR0656,Whirlpool HFO Amana 656,ACR,Completed,Chemical Processes,HFC Replacement in Foam Production,Reduction,North America,United States,WHIRLPOOL CORPORATION,2019.0,1634700.0,6.74,AAA,No,No
ACR0657,Whirlpool HFO Amana 657,ACR,Completed,Chemical Processes,HFC Replacement in Foam Production,Reduction,North America,United States,WHIRLPOOL CORPORATION,2020.0,1698213.0,7.99,,No,No
ACR0658,Whirlpool HFO Ottawa 658,ACR,Completed,Chemical Processes,HFC Replacement in Foam Production,Reduction,North America,United States,WHIRLPOOL CORPORATION,2019.0,272558.0,5.07,AAA,No,No
ACR0659,Whirlpool HFO Ottawa 659,ACR,Completed,Chemical Processes,HFC Replacement in Foam Production,Reduction,North America,United States,WHIRLPOOL CORPORATION,2020.0,395375.0,10.75,AAA,No,No
ACR0660,Whirlpool HFO Ramos 660,ACR,Completed,Chemical Processes,HFC Replacement in Foam Production,Reduction,Latin America and the Caribbean,Mexico,WHIRLPOOL CORPORATION,2019.0,1148779.0,6.11,,No,No
ACR0661,Whirlpool HFO Ramos 661,ACR,Completed,Chemical Processes,HFC Replacement in Foam Production,Reduction,Latin America and the Caribbean,Mexico,WHIRLPOOL CORPORATION,2020.0,1481234.0,8.52,AAA,No,No
ACR0662,Whirlpool HFO Supsa 662,ACR,Completed,Chemical Processes,HFC Replacement in Foam Production,Reduction,Latin America and the Caribbean,Mexico,WHIRLPOOL CORPORATION,2020.0,2069372.0,9.68,AAA,No,No
ACR0664,Anew - Connecticut River Forestry Project,ACR,Active: Registered,Forestry & Land Use,Improved Forest Management,Mixed,North America,United States,"Anew Carbon Development, LLC",2021.0,197380.0,17.25,B,Yes,No
ACR0666,Tradewater ODS 42,ACR,Completed,Chemical Processes,Ozone Depleting Substances Recovery & Destruction,Reduction,North America,United States,"Tradewater, LLC",2021.0,84610.0,7.45,AAA,No,No
ACR0668,Blue Hills Forest Carbon Project,ACR,Active: Registered,Forestry & Land Use,Improved Forest Management,Mixed,North America,United States,The Climate Trust,2021.0,26774.0,12.59,B,Yes,No
ACR0670,TWRS 2,ACR,Completed,Chemical Processes,HFC Refrigerant Reclamation,Reduction,North America,United States,"Tradewater, LLC",2021.0,5113.0,9.06,AA,No,No
ACR0671,Tradewater ODS 43,ACR,Completed,Chemical Processes,Ozone Depleting Substances Recovery & Destruction,Reduction,North America,United States,"Tradewater, LLC",2021.0,3725.0,6.74,AAA,No,No
ACR0672,Finite Carbon - L.D. O'Rourke Foundation IFM,ACR,Active: Registered,Forestry & Land Use,Improved Forest Management,Mixed,North America,United States,"L. D. O'Rourke Foundation, Inc.",2020.0,263321.0,12.56,BBB,Yes,No
ACR0673,Anew - Two-Hearted Forestry Project,ACR,Active: Registered,Forestry & Land Use,Improved Forest Management,Mixed,North America,United States,"Anew Carbon Development, LLC",2019.0,121061.0,15.43,B,Yes,No
ACR0676,A-Gas V6,ACR,Completed,Chemical Processes,HFC Refrigerant Reclamation,Reduction,North America,United States,A-Gas US Inc.,2020.0,275275.0,11.61,AAA,No,No
ACR0677,Anew - Superior Watershed Forestry Project,ACR,Active: Registered,Forestry & Land Use,Improved Forest Management,Mixed,North America,United States,"Anew Carbon Development, LLC",2021.0,92415.0,11.39,BBB,Yes,No
ACR0678,A-Gas V7,ACR,Completed,Chemical Processes,HFC Refrigerant Reclamation,Reduction,North America,United States,A-Gas US Inc.,2021.0,86403.0,7.57,A,No,No
ACR0679,Anew - Washburn County Forestry Project,ACR,Active: Registered,Forestry & Land Use,Improved Forest Management,Mixed,North America,United States,"Anew Carbon Development, LLC",2021.0,261945.0,12.7,BBB,Yes,No
ACR0680,Anew - Quinte Forestry Project,ACR,Active: Registered,Forestry & Land Use,Improved Forest Management,Mixed,North America,Canada,"Anew Carbon Development, LLC",2020.0,318459.0,17.65,CCC,Yes,No
ACR0681,Anew - Sylvania Forestry Project,ACR,Active: Registered,Forestry & Land Use,Improved Forest Management,Mixed,North America,United States,"Anew Carbon Development, LLC",2021.0,88969.0,13.09,BB,Yes,No
ACR0682,Gibson North AMM Project,ACR,Listed - Active ARB Project,Industrial & Commercial,Mine Methane Capture,Reduction,North America,United States,"Pioneer Oil Company, Inc.",2023.0,58431.0,9.05,,No,No
ACR0683,Anew - McCoy Forestry Project,ACR,Active: Registered,Forestry & Land Use,Improved Forest Management,Mixed,North America,United States,"Anew Carbon Development, LLC",2021.0,26635.0,18.64,BBB,Yes,No
ACR0684,Anew – Rusk County Forestry Project,ACR,Active: Registered,Forestry & Land Use,Improved Forest Management,Mixed,North America,United States,"Anew Carbon Development, LLC",2021.0,261614.0,17.91,A,Yes,No
ACR0685,Anew – Iron County Forestry Project,ACR,Active: Registered,Forestry & Land Use,Improved Forest Management,Mixed,North America,United States,"Anew Carbon Development, LLC",2021.0,372200.0,17.94,BB,Yes,No
ACR0686,Tradewater ODS 44,ACR,Completed,Chemical Processes,Ozone Depleting Substances Recovery & Destruction,Reduction,North America,United States,"Tradewater, LLC",2021.0,13005.0,12.65,AAA,No,No
ACR0687,Anew - Hartwood Forestry Project,ACR,Active: Registered,Forestry & Land Use,Improved Forest Management,Mixed,North America,United States,"Anew Carbon Development, LLC",2021.0,26047.0,10.23,,Yes,No
ACR0690,Anew - Michigan DNR Wolverine Copper Forestry Project,ACR,Active: Registered,Forestry & Land Use,Improved Forest Management,Mixed,North America,United States,"Anew Carbon Development, LLC",2021.0,564796.0,15.57,BB,Yes,No
ACR0692,Hudson Tech 2021-3,ACR,Completed,Chemical Processes,Ozone Depleting Substances Recovery & Destruction,Reduction,North America,United States,Hudson Technologies Company,2021.0,58191.0,10.06,AAA,No,No
ACR0693,American Refrigerants 1,ACR,Completed,Chemical Processes,HFC Refrigerant Reclamation,Reduction,North America,United States,Fireside Holdings Inc (DBA American Refrigerants Inc),2020.0,13250.0,7.87,BBB,No,No
ACR0695,Oaktown Fuel 2 Mine Methane Incineration Project,ACR,Listed - Active ARB Project,Industrial & Commercial,Mine Methane Capture,Reduction,North America,United States,Keyrock Energy LLC,2021.0,7695.0,10.8,A,No,No
ACR0698,Anew - Katahdin Forestry Project,ACR,Active: Registered,Forestry & Land Use,Improved Forest Management,Mixed,North America,United States,"Anew Carbon Development, LLC",2019.0,16489.0,19.05,BB,Yes,No
ACR0699,Anew - Longview Ranch Forestry Project,ACR,Active: Registered,Forestry & Land Use,Improved Forest Management,Mixed,North America,United States,"Anew Carbon Development, LLC",2021.0,2930.0,13.05,BBB,Yes,No
ACR0701,Finite Carbon - Windrock Land Company IFM,ACR,Active: Registered,Forestry & Land Use,Improved Forest Management,Mixed,North America,United States,Windrock Land Company,2021.0,2057335.0,11.36,A,Yes,No
ACR0704,Wildlands Carbon Initiative,ACR,Active: Registered,Forestry & Land Use,Improved Forest Management,Mixed,North America,United States,Wildlands Carbon LLC,2022.0,53290.0,8.37,BB,Yes,No
ACR0705,Anew - Empire Riverlands Forestry Project,ACR,Active: Registered,Forestry & Land Use,Improved Forest Management,Mixed,North America,United States,"Anew Carbon Development, LLC",2021.0,767281.0,23.04,B,Yes,No
ACR0706,Advanced Refrigeration US49 - ARS 006,ACR,Completed,Chemical Processes,Advanced Refrigerants,Reduction,North America,United States,"True Manufacturing Co., Inc.",2021.0,254689.0,7.58,AA,No,No
ACR0707,Advanced Refrigeration CAL - ARS 006B,ACR,Completed,Chemical Processes,Advanced Refrigerants,Reduction,North America,United States,"True Manufacturing Co., Inc.",2021.0,25376.0,9.18,AA,No,No
ACR0708,Advanced Refrigeration CAN - ARS 006C,ACR,Completed,Chemical Processes,Advanced Refrigerants,Reduction,North America,United States,"True Manufacturing Co., Inc.",2021.0,18868.0,8.63,AAA,No,No
ACR0709,Hodag Forest Project (HFP),ACR,Active: Registered,Forestry & Land Use,Improved Forest Management,Impermanent Removal,North America,United States,"The Conservation Fund, A Non-Profit Corporation",2021.0,159331.0,21.03,BBB,Yes,No
ACR0710,Anew - Price County Forestry Project,ACR,Active: Registered,Forestry & Land Use,Improved Forest Management,Mixed,North America,United States,"Anew Carbon Development, LLC",2021.0,145362.0,11.23,BBB,Yes,No
ACR0716,Chahta Yakni Ishtayah,ACR,Active: Registered,Forestry & Land Use,Improved Forest Management,Mixed,North America,United States,Indian Land Tenure Foundation,2020.0,126794.0,14.03,BB,Yes,No
ACR0718,Anew - Cole & Crane Forestry Project,ACR,Active: Registered,Forestry & Land Use,Improved Forest Management,Mixed,North America,United States,"Anew Carbon Development, LLC",2021.0,195865.0,11.66,BBB,Yes,No
ACR0720,Anew - Woodbury Forestry Project,ACR,Active: Registered,Forestry & Land Use,Improved Forest Management,Mixed,North America,United States,"Anew Carbon Development, LLC",2021.0,102643.0,13.54,A,Yes,No
ACR0729,Cumberland County Solid Waste Complex: GHG Emissions Reduction Automated Collection of Landfill Gas,ACR,Active: Registered,Waste Management,Landfill Methane,Reduction,North America,United States,"Loci Controls, Inc.",2021.0,60510.0,4.16,AA,No,No
ACR0730,"South Wake Landfill, Apex, Wake County NC: GHG Emissions Reduction Automated Collection of Landfill Gas",ACR,Active: Registered,Waste Management,Landfill Methane,Reduction,North America,United States,"Loci Controls, Inc.",2022.0,12411.0,4.27,AA,No,No
ACR0731,Perennial CMM CMB7-1 Flare Project,ACR,Listed - Active ARB Project,Industrial & Commercial,Mine Methane Capture,Reduction,North America,United States,Perennial CMM LLC,2023.0,278136.0,9.07,AAA,No,No
ACR0732,Scott River Shackleford IFM Project,ACR,Active: Registered,Forestry & Land Use,Improved Forest Management,Impermanent Removal,North America,United States,"EFM Investments & Advisory, Inc.",2021.0,55226.0,15.9,BBB,Yes,No
ACR0733,Scott River Whiskey IFM Project,ACR,Active: Registered,Forestry & Land Use,Improved Forest Management,Mixed,North America,United States,"EFM Investments & Advisory, Inc.",2021.0,11436.0,11.81,BBB,Yes,No
ACR0734,Scott River Wildcat IFM Project,ACR,Active: Registered,Forestry & Land Use,Improved Forest Management,Mixed,North America,United States,"EFM Investments & Advisory, Inc.",2021.0,19112.0,14.08,B,Yes,No
ACR0735,Finite Carbon - Loon Echo and Mahoosuc Land Trusts IFM,ACR,Active: Registered,Forestry & Land Use,Improved Forest Management,Mixed,North America,United States,Loon Echo Land Trust,2021.0,220959.0,12.29,BBB,Yes,No
ACR0736,Tradewater US - ODS - #1,ACR,Completed,Chemical Processes,Ozone Depleting Substances Recovery & Destruction,Reduction,North America,United States,"Tradewater, LLC",2022.0,1452.0,11.68,,No,No
ACR0737,Advanced Refrigeration - ARS2019001,ACR,Completed,Chemical Processes,Advanced Refrigerants,Reduction,North America,United States,Therm Solutions Inc.,2019.0,1351.0,9.67,AA,No,No
ACR0741,Green Diamond Resource Company Thompson River IFM,ACR,Listed - Active ARB Project,Forestry & Land Use,Improved Forest Management,Reduction,North America,United States,Green Diamond Resource Company,2022.0,116962.0,17.96,CCC,Yes,No
ACR0744,Tradewater ODS 45,ACR,Completed,Chemical Processes,Ozone Depleting Substances Recovery & Destruction,Reduction,North America,United States,"Tradewater, LLC",2022.0,74893.0,9.37,AAA,No,No
ACR0745,Northern Cheyenne Forest Carbon Project,ACR,Active: Registered,Forestry & Land Use,Improved Forest Management,Impermanent Removal,North America,United States,The Climate Trust,2022.0,45067.0,12.83,BBB,Yes,No
ACR0751,Green Assets - DLT Avoided Conversion Project,ACR,Listed - Active ARB Project,Forestry & Land Use,Avoided Forest Conversion,Reduction,North America,United States,Green Assets,2022.0,664080.0,16.09,A,Yes,No
ACR0752,Marshall County Flare IV,ACR,Listed - Active ARB Project,Industrial & Commercial,Mine Methane Capture,Reduction,North America,United States,"NextEra Energy Marketing, LLC",2022.0,75659.0,7.69,A,No,No
ACR0753,Green Diamond Resource Company Lost Trail IFM,ACR,Active: Registered,Forestry & Land Use,Improved Forest Management,Mixed,North America,United States,Green Diamond Resource Company,2021.0,10787.0,14.35,BBB,Yes,No
ACR0754,Anew - Allagash Headwaters Forestry Project,ACR,Active: Registered,Forestry & Land Use,Improved Forest Management,Mixed,North America,United States,"Anew Carbon Development, LLC",2020.0,172429.0,12.17,B,Yes,No
ACR0755,Hudson Tech 2022-1,ACR,Completed,Chemical Processes,Ozone Depleting Substances Recovery & Destruction,Reduction,North America,United States,Hudson Technologies Company,2022.0,41298.0,7.59,AAA,No,No
ACR0762,Tradewater ODS 46,ACR,Completed,Chemical Processes,Ozone Depleting Substances Recovery & Destruction,Reduction,North America,United States,"Tradewater, LLC",2022.0,76662.0,10.5,AAA,No,No
ACR0764,Foam Blowing Agent Project 003G,ACR,Completed,Chemical Processes,HFC Replacement in Foam Production,Reduction,North America,United States,"Foam Supplies, Inc. 2",2021.0,1350960.0,10.48,,No,No
ACR0765,Foam Blowing Agent Project 002G,ACR,Completed,Chemical Processes,HFC Replacement in Foam Production,Reduction,North America,United States,"Foam Supplies, Inc. 2",2021.0,276634.0,10.12,AAA,No,No
ACR0766,Foam Blowing Agent Project 001N,ACR,Completed,Chemical Processes,HFC Replacement in Foam Production,Reduction,North America,United States,"Foam Supplies, Inc. 2",2021.0,580176.0,6.72,AAA,No,No
ACR0767,Spray Foam Omega 4,ACR,Completed,Chemical Processes,HFC Replacement in Foam Production,Reduction,North America,United States,"Brian R. Anderson, Inc. DBA 1st Climate Solutions",2021.0,310000.0,11.57,AAA,No,No
ACR0768,Spray Foam Alpha 3,ACR,Completed,Chemical Processes,HFC Replacement in Foam Production,Reduction,North America,United States,"Brian R. Anderson, Inc. DBA 1st Climate Solutions",2021.0,77324.0,5.96,,No,No
ACR0773,A-Gas V8,ACR,Completed,Chemical Processes,HFC Refrigerant Reclamation,Reduction,North America,United States,A-Gas US Inc.,2021.0,612490.0,8.07,AA,No,No
ACR0774,A-Gas V9,ACR,Completed,Chemical Processes,HFC Refrigerant Reclamation,Reduction,North America,United States,A-Gas US Inc.,2020.0,17182.0,9.25,BBB,No,No
ACR0775,A-Gas V10,ACR,Completed,Chemical Processes,HFC Refrigerant Reclamation,Reduction,North America,United States,A-Gas US Inc.,2021.0,269123.0,9.55,BBB,No,No
ACR0776,Summit HFC Reclaim 2020,ACR,Completed,Chemical Processes,HFC Refrigerant Reclamation,Reduction,North America,United States,"Anew Environmental, LLC",2020.0,24494.0,8.81,AA,No,No
ACR0777,RHI HFC Reclaim 2021,ACR,Completed,Chemical Processes,HFC Refrigerant Reclamation,Reduction,North America,United States,"Anew Environmental, LLC",2021.0,49313.0,8.65,AAA,No,No
ACR0778,Marion County Flare II,ACR,Listed - Active ARB Project,Industrial & Commercial,Mine Methane Capture,Reduction,North America,United States,"NextEra Energy Marketing, LLC",2022.0,245587.0,7.65,BBB,No,No
ACR0782,ILTF/NICC & Blackfeet Indian Nation Forest Carbon Project,ACR,Active: Registered,Forestry & Land Use,Improved Forest Management,Mixed,North America,United States,Indian Land Tenure Foundation,2020.0,357096.0,18.82,BBB,Yes,No
ACR0783,NativState – S&J Taylor Forest Carbon Improved Forest Management Project,ACR,Active: Registered,Forestry & Land Use,Improved Forest Management,Mixed,North America,United States,Nativstate LLC,2022.0,867337.0,20.56,A,Yes,No
ACR0785,Finite Carbon - Bessey Development Company IFM,ACR,Active: Registered,Forestry & Land Use,Improved Forest Management,Mixed,North America,United States,Bessey Development Company,2022.0,221660.0,16.34,BB,Yes,No
ACR0786,Finite Carbon - Scott Woodlands IFM,ACR,Active: Registered,Forestry & Land Use,Improved Forest Management,Mixed,North America,United States,"Scott Woodlands, LLC",2022.0,106246.0,13.05,A,Yes,No
ACR0793,Tradewater - Saudi Arabia 1,ACR,Completed,Chemical Processes,Ozone Depleting Substances Recovery & Destruction,Reduction,Europe,France,"Tradewater, LLC",2024.0,128897.0,11.76,AA,No,No
ACR0794,Whirlpool HFO Amana 794,ACR,Completed,Chemical Processes,HFC Replacement in Foam Production,Reduction,North America,United States,WHIRLPOOL CORPORATION,2021.0,904574.0,11.92,AA,No,No
ACR0795,Whirlpool HFO Ottawa 795,ACR,Completed,Chemical Processes,HFC Replacement in Foam Production,Reduction,North America,United States,WHIRLPOOL CORPORATION,2021.0,294699.0,10.22,AAA,No,No
ACR0796,Whirlpool HFO Ramos 796,ACR,Completed,Chemical Processes,HFC Replacement in Foam Production,Reduction,Latin America and the Caribbean,Mexico,WHIRLPOOL CORPORATION,2021.0,1107195.0,7.6,AAA,No,No
ACR0797,Whirlpool HFO Supsa 797,ACR,Completed,Chemical Processes,HFC Replacement in Foam Production,Reduction,Latin America and the Caribbean,Mexico,WHIRLPOOL CORPORATION,2021.0,1712931.0,8.06,AAA,No,No
ACR0799,Tradewater International Honduras 1.0,ACR,Completed,Chemical Processes,Ozone Depleting Substances Recovery & Destruction,Reduction,Europe,France,Tradewater International SRL,2022.0,25195.0,13.04,AA,No,No
ACR0800,CH4-BWM Carbon Capture Project 2,ACR,Listed - Active ARB Project,Industrial & Commercial,Mine Methane Capture,Reduction,North America,United States,CH4 Solutions LLC,2022.0,65031.0,9.49,AAA,No,No
ACR0801,NativState - Mixed Upland Forests of the Ozarks & Ouachita Mountains (PDA),ACR,Active: Registered,Forestry & Land Use,Improved Forest Management,Mixed,North America,United States,Nativstate LLC,2022.0,262245.0,11.75,B,Yes,No
ACR0802,NativState - Bottomland Forests of the Mississippi Delta & Coastal Plains (PDA),ACR,Active: Registered,Forestry & Land Use,Improved Forest Management,Mixed,North America,United States,Nativstate LLC,2022.0,554013.0,20.98,BB,Yes,No
ACR0805,HT HFC Reclamation Project Ontario 2021,ACR,Completed,Chemical Processes,HFC Refrigerant Reclamation,Reduction,North America,United States,Hudson Technologies Company,2021.0,178538.0,8.73,AAA,No,No
ACR0809,Anew - Walker Line Sustainable Forestry Project,ACR,Active: Registered,Forestry & Land Use,Improved Forest Management,Mixed,North America,United States,"Anew Carbon Development, LLC",2022.0,305869.0,21.01,,Yes,No
ACR0810,Hudson Tech 2022-2,ACR,Listed - Active ARB Project,Chemical Processes,Ozone Depleting Substances Recovery & Destruction,Reduction,North America,United States,Hudson Technologies Company,2022.0,32555.0,17.12,AAA,No,No
ACR0811,Perennial CMM Emerald Mine AMM Flare Project,ACR,Listed - Active ARB Project,Industrial & Commercial,Mine Methane Capture,Reduction,North America,United States,Perennial CMM LLC,2023.0,328897.0,12.57,BBB,No,No
ACR0814,Tradewater International - Thailand 1.0,ACR,Completed,Chemical Processes,Ozone Depleting Substances Recovery & Destruction,Reduction,South-Eastern Asia,Thailand,"Tradewater, LLC",2022.0,164537.0,12.04,AAA,No,No
ACR0817,True Manufacturing FBA Project 002B,ACR,Completed,Chemical Processes,HFC Replacement in Foam Production,Reduction,North America,United States,"True Manufacturing Co., Inc.",2021.0,169066.0,8.82,A,No,No
ACR0818,HT HFC Reclamation Project Champaign 2021,ACR,Completed,Chemical Processes,HFC Refrigerant Reclamation,Reduction,North America,United States,Hudson Technologies Company,2021.0,787563.0,7.08,AA,No,No
ACR0819,HT HFC Reclamation Project Georgia 2021,ACR,Completed,Chemical Processes,HFC Refrigerant Reclamation,Reduction,North America,United States,Hudson Technologies Company,2021.0,260000.0,8.34,,No,No
ACR0821,Coastal Edge IFM,ACR,Active: Registered,Forestry & Land Use,Improved Forest Management,Mixed,North America,United States,The Climate Trust,2022.0,109021.0,11.47,CCC,Yes,No
ACR0822,Finite Carbon - Green Acre Woodlands IFM,ACR,Active: Registered,Forestry & Land Use,Improved Forest Management,Reduction,North America,United States,"Green Acre Woodlands, Inc",2022.0,182169.0,14.0,,Yes,No
ACR0823,A-Gas South Korea 1,ACR,Completed,Chemical Processes,Ozone Depleting Substances Recovery & Destruction,Reduction,North America,United States,A-Gas US Inc.,2022.0,55728.0,10.5,AA,No,No
ACR0824,Fielding Environmental HFC Reclamation Offset Project - 2021,ACR,Completed,Chemical Processes,HFC Refrigerant Reclamation,Reduction,North America,Canada,"Anew Carbon Development, LLC",2021.0,2345.0,7.86,BBB,No,No
ACR0826,Tradewater ODS 48,ACR,Completed,Chemical Processes,Ozone Depleting Substances Recovery & Destruction,Reduction,North America,United States,"Tradewater, LLC",2023.0,4819.0,12.34,AA,No,No
ACR0827,A-Gas V11,ACR,Completed,Chemical Processes,HFC Refrigerant Reclamation,Reduction,North America,United States,A-Gas US Inc.,2022.0,791377.0,8.35,AA,No,No
ACR0828,Anew - Manistique Forestry Project,ACR,Active: Registered,Forestry & Land Use,Improved Forest Management,Mixed,North America,United States,"Anew Carbon Development, LLC",2022.0,121574.0,17.85,BBB,Yes,No
ACR0829,Summit HFC Reclaim 2021,ACR,Completed,Chemical Processes,HFC Refrigerant Reclamation,Reduction,North America,United States,"Anew Environmental, LLC",2021.0,92189.0,12.28,A,No,No
ACR0830,Advanced Refrigeration - ARS2021002,ACR,Completed,Chemical Processes,Advanced Refrigerants,Reduction,North America,United States,Therm Solutions Inc.,2021.0,8298.0,7.43,AAA,No,No
ACR0832,Foam Blowing Agent Project 003H,ACR,Completed,Chemical Processes,HFC Replacement in Foam Production,Reduction,North America,United States,"Foam Supplies, Inc. 2",2022.0,1069415.0,8.74,AAA,No,No
ACR0833,Foam Blowing Agent Project 001P,ACR,Completed,Chemical Processes,HFC Replacement in Foam Production,Reduction,North America,United States,"Foam Supplies, Inc. 2",2022.0,690059.0,7.23,AAA,No,No
ACR0834,Foam Blowing Agent Project 002H,ACR,Completed,Chemical Processes,HFC Replacement in Foam Production,Reduction,North America,United States,"Foam Supplies, Inc. 2",2022.0,305601.0,7.61,AAA,No,No
ACR0836,Spray Foam Omega 5,ACR,Completed,Chemical Processes,HFC Replacement in Foam Production,Reduction,North America,United States,"Brian R. Anderson, Inc. DBA 1st Climate Solutions",2022.0,650572.0,9.22,AA,No,No
ACR0839,Tradewater - Thailand 2,ACR,Completed,Chemical Processes,Ozone Depleting Substances Recovery & Destruction,Reduction,South-Eastern Asia,Thailand,"Tradewater, LLC",2023.0,167000.0,10.66,AA,No,No
ACR0840,Finite Carbon - Manulife Blueback IFM,ACR,Active: Registered,Forestry & Land Use,Improved Forest Management,Mixed,North America,United States,Manulife Investment Management Timberland and Agriculture Inc,2021.0,321834.0,19.13,B,Yes,No
ACR0842,Perennial CMM CMB10-4 Flare Project,ACR,Listed - Active ARB Project,Industrial & Commercial,Mine Methane Capture,Reduction,North America,United States,Perennial CMM LLC,2024.0,145994.0,7.6,A,No,No
ACR0844,Tradewater - Thailand 3,ACR,Completed,Chemical Processes,Ozone Depleting Substances Recovery & Destruction,Reduction,South-Eastern Asia,Thailand,"Tradewater, LLC",2023.0,4000.0,10.66,AAA,No,No
ACR0845,Harrison County Flare I,ACR,Listed - Active ARB Project,Industrial & Commercial,Mine Methane Capture,Reduction,North America,United States,"NextEra Energy Marketing, LLC",2023.0,167783.0,9.82,BB,No,No
ACR0846,HT HFC Reclamation Project Ontario 2022,ACR,Completed,Chemical Processes,HFC Refrigerant Reclamation,Reduction,North America,United States,Hudson Technologies Company,2022.0,151019.0,9.67,AA,No,No
ACR0847,HT HFC Reclamation Project Champaign 2022,ACR,Completed,Chemical Processes,HFC Refrigerant Reclamation,Reduction,North America,United States,Hudson Technologies Company,2022.0,909988.0,10.47,AA,No,No
ACR0848,NativState - Bottomland Forests of the Louisiana Plains (PDA),ACR,Active: Registered,Forestry & Land Use,Improved Forest Management,Mixed,North America,United States,Nativstate LLC,2022.0,771964.0,11.35,BBB,Yes,No
ACR0850,Perennial CMM HRS Dent's Run Flare Project,ACR,Listed - Active ARB Project,Industrial & Commercial,Mine Methane Capture,Reduction,North America,United States,Perennial CMM LLC,2024.0,429074.0,7.07,BB,No,No
ACR0851,Anew - Big Poplar Forestry Project,ACR,Active: Registered,Forestry & Land Use,Improved Forest Management,Mixed,North America,United States,"Anew Carbon Development, LLC",2022.0,1348060.0,20.18,B,Yes,No
ACR0852,Anew - Little Bear Forestry Project,ACR,Active: Registered,Forestry & Land Use,Improved Forest Management,Mixed,North America,United States,"Anew Carbon Development, LLC",2022.0,532914.0,10.16,CCC,Yes,No
ACR0855,Anew - Louisiana Lowlands Forestry Project,ACR,Active: Registered,Forestry & Land Use,Improved Forest Management,Mixed,North America,United States,"Anew Carbon Development, LLC",2022.0,373528.0,10.24,BB,Yes,No
ACR0856,Anew - Gingercake Ridge Forestry Project,ACR,Active: Registered,Forestry & Land Use,Improved Forest Management,Mixed,North America,United States,"Anew Carbon Development, LLC",2022.0,135097.0,16.01,CCC,Yes,No
ACR0860,Anew - Arrowhead Forestry Project,ACR,Active: Registered,Forestry & Land Use,Improved Forest Management,Mixed,North America,United States,"Anew Carbon Development, LLC",2022.0,114291.0,11.52,BBB,Yes,No
ACR0863,Anew - Appalachian Hollows Forestry Project,ACR,Active: Registered,Forestry & Land Use,Improved Forest Management,Mixed,North America,United States,"Anew Carbon Development, LLC",2022.0,143190.0,21.47,CCC,Yes,No
ACR0864,Anew - Chestnut Oak Forestry Project,ACR,Active: Registered,Forestry & Land Use,Improved Forest Management,Mixed,North America,United States,"Anew Carbon Development, LLC",2022.0,83544.0,19.14,BB,Yes,No
ACR0865,Anew - Cumberland Gap Forestry Project,ACR,Active: Registered,Forestry & Land Use,Improved Forest Management,Mixed,North America,United States,"Anew Carbon Development, LLC",2022.0,1589306.0,13.35,BBB,Yes,No
ACR0866,Anew - Kanawha River Forestry Project,ACR,Active: Registered,Forestry & Land Use,Improved Forest Management,Mixed,North America,United States,"Anew Carbon Development, LLC",2022.0,2020005.0,16.85,A,Yes,No
ACR0867,Anew - Gauley River Forestry Project,ACR,Active: Registered,Forestry & Land Use,Improved Forest Management,Mixed,North America,United States,"Anew Carbon Development, LLC",2022.0,149783.0,12.39,A,Yes,No
ACR0869,A-Gas V12,ACR,Completed,Chemical Processes,HFC Refrigerant Reclamation,Reduction,North America,United States,A-Gas US Inc.,2022.0,954909.0,6.31,BBB,No,No
ACR0872,Tradewater ODS 49,ACR,Completed,Chemical Processes,Ozone Depleting Substances Recovery & Destruction,Reduction,North America,United States,"Tradewater, LLC",2023.0,85347.0,10.86,,No,No
ACR0873,Mississippi River Islands Forest Conservation Project,ACR,Active: Registered,Forestry & Land Use,Improved Forest Management,Mixed,North America,United States,"U.S. Venture, Inc.",2022.0,417386.0,11.41,BBB,Yes,No
ACR0877,Hudson Tech 2023-1,ACR,Listed - Active ARB Project,Chemical Processes,Ozone Depleting Substances Recovery & Destruction,Reduction,North America,United States,Hudson Technologies Company,2023.0,50474.0,11.67,AAA,No,No
ACR0878,Rosetta IFM Project,ACR,Active: Registered,Forestry & Land Use,Improved Forest Management,Mixed,North America,United States,Weyerhaeuser NR Company,2023.0,142080.0,22.32,,Yes,No
ACR0879,Northwest Arkansas IFM,ACR,Active: Registered,Forestry & Land Use,Improved Forest Management,Mixed,North America,United States,"Northwest Arkansas IFM, LLC",2023.0,450373.0,17.15,B,Yes,No
ACR0880,Anew - Ashland County Forestry Project,ACR,Active: Registered,Forestry & Land Use,Improved Forest Management,Mixed,North America,United States,"Anew Carbon Development, LLC",2022.0,96868.0,20.83,CCC,Yes,No
ACR0882,A-Gas South Korea 2,ACR,Completed,Chemical Processes,Ozone Depleting Substances Recovery & Destruction,Reduction,North America,United States,A-Gas US Inc.,2023.0,3831.0,9.86,AAA,No,No
ACR0883,HMMC1,ACR,Listed - Active ARB Project,Industrial & Commercial,Mine Methane Capture,Reduction,North America,United States,Environmental Commodities Corporation,2023.0,140890.0,10.76,A,No,No
ACR0885,Razorback IFM Project,ACR,Active: Registered,Forestry & Land Use,Improved Forest Management,Mixed,North America,United States,Weyerhaeuser NR Company,2023.0,262232.0,20.48,BBB,Yes,No
ACR0886,Spray Foam Omega 4C,ACR,Completed,Chemical Processes,HFC Replacement in Foam Production,Reduction,North America,Canada,"Brian R. Anderson, Inc. DBA 1st Climate Solutions",2021.0,10000.0,7.67,A,No,No
ACR0888,Flathead Ridge Ranch Forest Carbon Project,ACR,Active: Registered,Forestry & Land Use,Improved Forest Management,Mixed,North America,United States,"Flathead Ridge Ranch, LLC",2022.0,191001.0,18.4,BBB,Yes,No
ACR0889,Tradewater US - ODS - #6,ACR,Completed,Chemical Processes,Ozone Depleting Substances Recovery & Destruction,Reduction,Europe,France,"Tradewater, LLC",2024.0,5322.0,10.67,AA,No,No
ACR0890,Heartland Methane Abatement and Land Restoration – Packard & Kottke Ranch Project,ACR,Completed,Industrial & Commercial,Plugging Oil & Gas Wells,Reduction,North America,United States,"Rebellion Energy Solutions, LLC",2023.0,17584.0,4.11,A,No,No
ACR0892,Tradewater ODS 51,ACR,Completed,Chemical Processes,Ozone Depleting Substances Recovery & Destruction,Reduction,North America,United States,"Tradewater, LLC",2023.0,139956.0,8.5,AA,No,No
ACR0894,Tradewater OOG 1,ACR,Completed,Industrial & Commercial,Plugging Oil & Gas Wells,Reduction,North America,United States,"Tradewater, LLC",2023.0,144942.0,4.94,A,No,No
ACR0895,"Roosevelt Regional Landfill, Roosevelt, WA: GHG Emissions Reduction Automated Collection of Landfill Gas",ACR,Active: Registered,Waste Management,Landfill Methane,Reduction,North America,United States,"Loci Controls, Inc.",2023.0,129558.0,4.52,AA,No,No
ACR0896,"Wesco HMB, Inc. HFC Reclamation Project  New Jersey 2023",ACR,Completed,Chemical Processes,HFC Refrigerant Reclamation,Reduction,North America,United States,"Wesco HMB, Inc.",2022.0,64774.0,8.38,AAA,No,No
ACR0897,Maine St. John River Carbon Project,ACR,Active: Registered,Forestry & Land Use,Improved Forest Management,Mixed,North America,United States,Solifor Timberlands inc.,2023.0,553668.0,21.14,BB,Yes,No
ACR0899,Harrison County Flare II,ACR,Listed - Active ARB Project,Industrial & Commercial,Mine Methane Capture,Reduction,North America,United States,"NextEra Energy Marketing, LLC",2023.0,186990.0,7.83,A,No,No
ACR0900,NativState - Calion Ouachita River Wilderness,ACR,Active: Registered,Forestry & Land Use,Improved Forest Management,Mixed,North America,United States,Nativstate LLC,2023.0,546828.0,18.38,BBB,Yes,No
ACR0902,A-Gas 2-2023,ACR,Completed,Chemical Processes,Ozone Depleting Substances Recovery & Destruction,Reduction,North America,United States,A-Gas US Inc.,2023.0,109180.0,14.65,A,No,No
ACR0904,Advanced Refrigeration - ARS2021004,ACR,Completed,Chemical Processes,Advanced Refrigerants,Reduction,North America,United States,Therm Solutions Inc.,2021.0,1270.0,8.5,AAA,No,No
ACR0905,A-Gas V14,ACR,Completed,Chemical Processes,HFC Refrigerant Reclamation,Reduction,North America,United States,A-Gas US Inc.,2023.0,1434905.0,8.77,A,No,No
ACR0906,Perennial CMM CMB3-5 Flare Project,ACR,Listed - Active ARB Project,Industrial & Commercial,Mine Methane Capture,Reduction,North America,United States,Perennial CMM LLC,2024.0,151926.0,9.77,,No,No
ACR0908,Buchanan VAM VS-16,ACR,Listed - Active ARB Project,Industrial & Commercial,Mine Methane Capture,Reduction,North America,United States,"NextEra Energy Marketing, LLC",2023.0,91986.0,6.08,AAA,No,No
ACR0910,Finite Carbon - Northeast Carry Woodlands IFM,ACR,Active: Registered,Forestry & Land Use,Improved Forest Management,Impermanent Removal,North America,United States,"Fallen Timber, LLC",2023.0,212143.0,14.03,BBB,Yes,No
ACR0915,Tradewater OOG 2,ACR,Completed,Industrial & Commercial,Plugging Oil & Gas Wells,Reduction,North America,United States,"Tradewater, LLC",2024.0,236784.0,6.19,AA,No,No
ACR0917,PMR VT2,ACR,Listed - Active ARB Project,Industrial & Commercial,Mine Methane Capture,Reduction,North America,United States,"Pine Mountain Resources, LLC",2024.0,43708.0,5.64,AA,No,No
ACR0918,Tradewater ODS 52,ACR,Completed,Chemical Processes,Ozone Depleting Substances Recovery & Destruction,Reduction,North America,United States,"Tradewater, LLC",2023.0,61130.0,13.52,AAA,No,No
ACR0919,Advanced Refrigeration - ARS2021005,ACR,Completed,Chemical Processes,Advanced Refrigerants,Reduction,North America,United States,Therm Solutions Inc.,2021.0,6855.0,9.83,AAA,No,No
ACR0920,"Broome County Nanticoke Landfill, Binghamton, NY:  GHG Emissions Reduction Automation Collection of Landfill Gas",ACR,Active: Registered,Waste Management,Landfill Methane,Reduction,North America,United States,"Loci Controls, Inc.",2023.0,80536.0,7.36,AAA,No,No
ACR0921,Hudson Tech 2023-2,ACR,Listed - Active ARB Project,Chemical Processes,Ozone Depleting Substances Recovery & Destruction,Reduction,North America,United States,Hudson Technologies Company,2023.0,41444.0,9.23,AAA,No,No
ACR0922,Double Bar IFM,ACR,Active: Registered,Forestry & Land Use,Improved Forest Management,Mixed,North America,United States,Terra Verde Inc,2023.0,775763.0,16.27,BB,Yes,No
ACR0923,Loess Hills Regional Sanitary Landfill,ACR,Active: Registered,Waste Management,Landfill Methane,Reduction,North America,United States,"Loci Controls, Inc.",2021.0,201113.0,6.59,AA,No,No
ACR0925,Finite Carbon - Batchawana Bay Forest IFM,ACR,Active: Registered,Forestry & Land Use,Improved Forest Management,Mixed,North America,Canada,Astina Forest AG,2023.0,263720.0,24.61,BB,Yes,No
ACR0926,Advanced Refrigeration and HFC Draw Down - Project 007 - US (38 states),ACR,Completed,Chemical Processes,Advanced Refrigerants,Reduction,North America,United States,"True Manufacturing Co., Inc.",2022.0,230064.0,10.94,AAA,No,No
ACR0927,Advanced Refrigeration and HFC Draw Down – Project 007A – CA (& 11 states),ACR,Completed,Chemical Processes,Advanced Refrigerants,Reduction,North America,United States,"True Manufacturing Co., Inc.",2022.0,71852.0,9.91,AA,No,No
ACR0928,Reclamation Technologies: HFC Reclamation Project 1,ACR,Completed,Chemical Processes,HFC Refrigerant Reclamation,Reduction,North America,United States,ClimeCo LLC,2022.0,1974.0,14.62,AAA,No,No
ACR0929,Advanced Refrigeration - ARS2023001,ACR,Completed,Chemical Processes,Advanced Refrigerants,Reduction,North America,United States,Therm Solutions Inc.,2023.0,11587.0,11.05,AAA,No,No
ACR0930,CO Orphan Well P&A CS-23-001,ACR,Completed,Industrial & Commercial,Plugging Oil & Gas Wells,Reduction,North America,United States,Carbon Shield LLC,2024.0,60863.0,3.85,AAA,No,No
ACR0934,PermCap Louisiana Methane Abatement Project 001,ACR,Completed,Industrial & Commercial,Plugging Oil & Gas Wells,Reduction,North America,United States,"PermCap-GHG, LLC",2024.0,53033.0,6.36,BBB,No,No
ACR0935,A-Gas V13,ACR,Completed,Chemical Processes,HFC Refrigerant Reclamation,Reduction,North America,United States,A-Gas US Inc.,2023.0,150000.0,10.16,A,No,No
ACR0937,Tradewater - Thailand 6,ACR,Completed,Chemical Processes,Ozone Depleting Substances Recovery & Destruction,Reduction,South-Eastern Asia,Thailand,"Tradewater, LLC",2023.0,6752.0,11.68,AAA,No,No
ACR0940,DMMC1,ACR,Listed - Active Registry Project,Industrial & Commercial,Mine Methane Capture,Reduction,North America,United States,Environmental Commodities Corporation,2025.0,81569.0,10.91,AA,No,No
ACR0941,Advanced Refrigeration - ARS2023002,ACR,Completed,Chemical Processes,Advanced Refrigerants,Reduction,North America,United States,Therm Solutions Inc.,2023.0,17022.0,8.64,AAA,No,No
ACR0942,Cape Fox Carbon IFM,ACR,Active: Registered,Forestry & Land Use,Improved Forest Management,Mixed,North America,United States,Terra Verde Inc,2023.0,233509.0,16.93,BBB,Yes,No
ACR0945,HT HFC Reclamation Project Champaign 2022-2,ACR,Completed,Chemical Processes,HFC Refrigerant Reclamation,Reduction,North America,United States,Hudson Technologies Company,2022.0,205798.0,8.07,AA,No,No
ACR0947,Hudson Tech 2023-3,ACR,Listed - Active ARB Project,Chemical Processes,Ozone Depleting Substances Recovery & Destruction,Reduction,North America,United States,Hudson Technologies Company,2023.0,29969.0,12.0,AAA,No,No
ACR0948,True Manufacturing FBA Project 002C,ACR,Completed,Chemical Processes,HFC Replacement in Foam Production,Reduction,North America,United States,"True Manufacturing Co., Inc.",2022.0,153840.0,8.96,AAA,No,No
ACR0949,FF HFC 23-01,ACR,Completed,Chemical Processes,HFC Refrigerant Reclamation,Reduction,North America,United States,"Fluorofusion Specialty Chemicals, Inc.",2023.0,32691.0,10.03,,No,No
ACR0952,Advanced Refrigeration and HFC Draw Down - Project 007B - Canada,ACR,Completed,Chemical Processes,Advanced Refrigerants,Reduction,North America,United States,"True Manufacturing Co., Inc.",2022.0,15171.0,11.72,A,No,No
ACR0953,Advanced Refrigeration - ARS2023003,ACR,Completed,Chemical Processes,Advanced Refrigerants,Reduction,North America,United States,Therm Solutions Inc.,2022.0,9507.0,9.99,,No,No
ACR0956,NativState - Mixed Broadleaf Forests of the Western Tennessee Plains to the Highland Rim (PDA),ACR,Active: Registered,Forestry & Land Use,Improved Forest Management,Mixed,North America,United States,Nativstate LLC,2023.0,107698.0,20.09,BBB,Yes,No
ACR0959,Zefiro Methane OOG 1 - Drake,ACR,Completed,Industrial & Commercial,Plugging Oil & Gas Wells,Reduction,North America,United States,Zefiro Methane Corp.,2025.0,83121.0,6.05,,No,No
ACR0963,HRC Oak Meadows IFM,ACR,Listed - Active Registry Project,Forestry & Land Use,Improved Forest Management,Reduction,North America,United States,"Humboldt Redwood Company, LLC",2024.0,558048.0,15.27,BB,Yes,No
ACR0965,Easthaven IFM Project,ACR,Active: Registered,Forestry & Land Use,Improved Forest Management,Mixed,North America,United States,Weyerhaeuser NR Company,2024.0,6814.0,17.33,BB,Yes,No
ACR0966,Heartland Methane Abatement and Land Restoration Project 2,ACR,Completed,Industrial & Commercial,Plugging Oil & Gas Wells,Reduction,North America,United States,"Rebellion Energy Solutions, LLC",2023.0,1861773.0,6.21,,No,No
ACR0967,Alsea River Forest Carbon Project,ACR,Active: Registered,Forestry & Land Use,Improved Forest Management,Mixed,North America,United States,"Digger Mountain Forestry, LLC",2022.0,34396.0,15.85,BB,Yes,No
ACR0972,Perennial CMM CMB8-6 Flare Project,ACR,Listed - Active ARB Project,Industrial & Commercial,Mine Methane Capture,Reduction,North America,United States,Perennial CMM LLC,2025.0,149412.0,9.68,A,No,No
ACR0973,A-Gas V16,ACR,Completed,Chemical Processes,HFC Refrigerant Reclamation,Reduction,North America,United States,A-Gas US Inc.,2023.0,578605.0,11.3,AA,No,No
ACR0974,Foam Blowing Agent Project 001-2023,ACR,Completed,Chemical Processes,HFC Replacement in Foam Production,Reduction,North America,United States,"Foam Supplies, Inc. 2",2023.0,904934.0,11.73,AAA,No,No
ACR0975,Foam Blowing Agent Project 004-2023,ACR,Completed,Chemical Processes,HFC Replacement in Foam Production,Reduction,North America,United States,"Foam Supplies, Inc. 2",2023.0,2016664.0,7.31,,No,No
ACR0976,Spray Foam Omega 2023,ACR,Completed,Chemical Processes,HFC Replacement in Foam Production,Reduction,North America,United States,"Brian R. Anderson, Inc. DBA 1st Climate Solutions",2023.0,919204.0,7.51,AAA,No,No
ACR0977,Spray Foam Omega 2023C,ACR,Completed,Chemical Processes,HFC Replacement in Foam Production,Reduction,North America,Canada,"Brian R. Anderson, Inc. DBA 1st Climate Solutions",2023.0,105048.0,4.77,,No,No
ACR0978,Crbon Labs Plugging of Orphaned Wells V1,ACR,Completed,Industrial & Commercial,Plugging Oil & Gas Wells,Reduction,North America,Canada,Crbon Labs Inc.,2024.0,85145.0,5.99,BBB,No,No
ACR0979,A-Gas South Korea 3,ACR,Completed,Chemical Processes,Ozone Depleting Substances Recovery & Destruction,Reduction,North America,United States,A-Gas US Inc.,2024.0,65632.0,7.91,AAA,No,No
ACR0988,Anew – Sawyer County Forestry Project,ACR,Active: Registered,Forestry & Land Use,Improved Forest Management,Mixed,North America,United States,"Anew Carbon Development, LLC",2022.0,254349.0,10.3,BB,Yes,No
ACR0992,HT HFC Reclamation Project Champaign 2023,ACR,Completed,Chemical Processes,HFC Refrigerant Reclamation,Reduction,North America,United States,Hudson Technologies Company,2023.0,1164012.0,9.58,AAA,No,No
ACR0993,HT HFC Reclamation Project Ontario 2023,ACR,Completed,Chemical Processes,HFC Refrigerant Reclamation,Reduction,North America,United States,Hudson Technologies Company,2023.0,144031.0,8.18,A,No,No
ACR0994,Whirlpool HFO Amana 994,ACR,Completed,Chemical Processes,HFC Replacement in Foam Production,Reduction,North America,United States,WHIRLPOOL CORPORATION,2022.0,770381.0,11.12,AAA,No,No
ACR0995,Whirlpool HFO Ottawa 995,ACR,Completed,Chemical Processes,HFC Replacement in Foam Production,Reduction,North America,United States,WHIRLPOOL CORPORATION,2022.0,282587.0,11.82,AAA,No,No
ACR0996,Whirlpool HFO Ramos 996,ACR,Completed,Chemical Processes,HFC Replacement in Foam Production,Reduction,Latin America and the Caribbean,Mexico,WHIRLPOOL CORPORATION,2022.0,1150192.0,10.3,AAA,No,No
ACR0997,Whirlpool HFO Supsa 997,ACR,Completed,Chemical Processes,HFC Replacement in Foam Production,Reduction,Latin America and the Caribbean,Mexico,WHIRLPOOL CORPORATION,2022.0,1603000.0,8.21,AAA,No,No
ACR0998,Whirlpool HFO Amana 998,ACR,Completed,Chemical Processes,HFC Replacement in Foam Production,Reduction,North America,United States,WHIRLPOOL CORPORATION,2023.0,731785.0,6.71,AAA,No,No
ACR0999,Whirlpool HFO Ottawa 999,ACR,Completed,Chemical Processes,HFC Replacement in Foam Production,Reduction,North America,United States,WHIRLPOOL CORPORATION,2023.0,230632.0,7.53,AAA,No,No
ACR1000,Whirlpool HFO Ramos 1000,ACR,Completed,Chemical Processes,HFC Replacement in Foam Production,Reduction,Latin America and the Caribbean,Mexico,WHIRLPOOL CORPORATION,2023.0,1090133.0,7.42,AAA,No,No
ACR1001,Whirlpool HFO Supsa 1001,ACR,Completed,Chemical Processes,HFC Replacement in Foam Production,Reduction,Latin America and the Caribbean,Mexico,WHIRLPOOL CORPORATION,2023.0,1568319.0,8.4,AAA,No,No
ACR1006,Challenge Tree Farm IFM Project,ACR,Active: Registered,Forestry & Land Use,Improved Forest Management,Mixed,North America,United States,The CHY Company,2022.0,27116.0,15.49,BBB,Yes,No
ACR1008,Advanced Refrigeration - ARS2022004,ACR,Completed,Chemical Processes,Advanced Refrigerants,Reduction,North America,United States,Therm Solutions Inc.,2022.0,26766.0,13.07,AA,No,No
ACR1013,Tradewater ODS 54,ACR,Completed,Chemical Processes,Ozone Depleting Substances Recovery & Destruction,Reduction,North America,United States,"Tradewater, LLC",2024.0,92445.0,12.54,AAA,No,No
ACR1014,Fielding Environmental HFC Reclamation Offset Project - 2022,ACR,Completed,Chemical Processes,HFC Refrigerant Reclamation,Reduction,North America,Canada,"Anew Carbon Development, LLC",2022.0,24891.0,13.73,B,No,No
ACR1015,NativState - Bottomland Forests of the Mississippi Backswamps and Delta Mixed Forests (PDA),ACR,Active: Registered,Forestry & Land Use,Improved Forest Management,Mixed,North America,United States,Nativstate LLC,2023.0,1259657.0,17.12,A,Yes,No
ACR1020,Hudson Tech 2024-1,ACR,Listed - Active ARB Project,Chemical Processes,Ozone Depleting Substances Recovery & Destruction,Reduction,North America,United States,Hudson Technologies Company,2024.0,34668.0,8.39,AAA,No,No
ACR1021,A-Gas V15,ACR,Completed,Chemical Processes,HFC Refrigerant Reclamation,Reduction,North America,United States,A-Gas US Inc.,2023.0,162293.0,8.33,,No,No
ACR1022,Tradewater ODS 53B,ACR,Completed,Chemical Processes,Ozone Depleting Substances Recovery & Destruction,Reduction,North America,United States,"Tradewater, LLC",2024.0,78611.0,10.44,AAA,No,No
ACR1023,Heartland Methane Abatement and Land Restoration Project 3,ACR,Completed,Industrial & Commercial,Plugging Oil & Gas Wells,Reduction,North America,United States,"Rebellion Energy Solutions, LLC",2023.0,989735.0,6.37,AAA,No,No
ACR1024,Calabrella IFM Project,ACR,Active: Registered,Forestry & Land Use,Improved Forest Management,Impermanent Removal,North America,United States,Weyerhaeuser NR Company,2024.0,78857.0,21.6,BBB,Yes,No
ACR1029,SPP Lost Trail IFM,ACR,Active: Registered,Forestry & Land Use,Improved Forest Management,Mixed,North America,United States,"SPP Montana, LLC",2023.0,43766.0,14.75,BBB,Yes,No
ACR1032,Advanced Refrigeration - ARS2022005,ACR,Completed,Chemical Processes,Advanced Refrigerants,Reduction,North America,United States,Therm Solutions Inc.,2022.0,82564.0,8.05,AA,No,No
ACR1033,Advanced Refrigeration - ARS2022006,ACR,Completed,Chemical Processes,Advanced Refrigerants,Reduction,North America,United States,Therm Solutions Inc.,2022.0,61396.0,9.39,AAA,No,No
ACR1034,Advanced Refrigeration - ARS2023004,ACR,Completed,Chemical Processes,Advanced Refrigerants,Reduction,North America,United States,Therm Solutions Inc.,2023.0,16667.0,12.25,AAA,No,No
ACR1035,Advanced Refrigeration - ARS2024003,ACR,Completed,Chemical Processes,Advanced Refrigerants,Reduction,North America,United States,Therm Solutions Inc.,2024.0,17200.0,8.32,BBB,No,No
ACR1036,Advanced Refrigeration - ARS2024001,ACR,Completed,Chemical Processes,Advanced Refrigerants,Reduction,North America,United States,Therm Solutions Inc.,2024.0,14548.0,10.29,AA,No,No
ACR1037,Thompson Family Forest Restoration Carbon Project,ACR,Active: Registered,Forestry & Land Use,Improved Forest Management,Mixed,North America,United States,Thompson Land,2023.0,46997.0,12.1,BB,Yes,No
ACR1039,A-Gas South Korea 4,ACR,Completed,Chemical Processes,Ozone Depleting Substances Recovery & Destruction,Reduction,North America,United States,A-Gas US Inc.,2024.0,25876.0,11.05,BBB,No,No
ACR1040,Tradewater ODS 55,ACR,Completed,Chemical Processes,Ozone Depleting Substances Recovery & Destruction,Reduction,North America,United States,"Tradewater, LLC",2024.0,87649.0,11.68,AAA,No,No
ACR1041,Tradewater US - ODS - #5,ACR,Completed,Chemical Processes,Ozone Depleting Substances Recovery & Destruction,Reduction,North America,United States,"Tradewater, LLC",2024.0,30330.0,11.8,AAA,No,No
ACR1042,A-Gas 1-2024,ACR,Completed,Chemical Processes,Ozone Depleting Substances Recovery & Destruction,Reduction,North America,United States,A-Gas US Inc.,2024.0,90278.0,13.79,,No,No
ACR1043,Tradewater OOG 3,ACR,Completed,Industrial & Commercial,Plugging Oil & Gas Wells,Reduction,North America,United States,"Tradewater, LLC",2025.0,176111.0,6.02,A,No,No
ACR1045,A-Gas ODS-VER3,ACR,Completed,Chemical Processes,Ozone Depleting Substances Recovery & Destruction,Reduction,North America,United States,A-Gas US Inc.,2023.0,1942.0,11.63,,No,No
ACR1047,"Wesco HMB, Inc. HFC Reclamation Project  New Jersey 2024",ACR,Completed,Chemical Processes,HFC Refrigerant Reclamation,Reduction,North America,United States,"Wesco HMB, Inc.",2023.0,100047.0,8.3,AA,No,No
ACR1048,RHI HFC Reclaim 2022,ACR,Completed,Chemical Processes,HFC Refrigerant Reclamation,Reduction,North America,United States,"Anew Environmental, LLC",2022.0,59991.0,7.59,AA,No,No
ACR1049,Summit HFC Reclaim 2022,ACR,Completed,Chemical Processes,HFC Refrigerant Reclamation,Reduction,North America,United States,"Anew Environmental, LLC",2022.0,90816.0,9.59,AA,No,No
ACR1050,American Refrigerants HFC Reclamation Project - 2023,ACR,Completed,Chemical Processes,HFC Refrigerant Reclamation,Reduction,North America,United States,"Anew Carbon Development, LLC",2023.0,42686.0,9.44,AA,No,No
ACR1051,CMMC2,ACR,Listed - Active ARB Project,Industrial & Commercial,Mine Methane Capture,Reduction,North America,United States,Environmental Commodities Corporation,2024.0,20698.0,13.35,AA,No,No
ACR1053,Rudio Mountain Forest Carbon Project,ACR,Listed - Active ECY Project,Forestry & Land Use,Improved Forest Management,Reduction,North America,United States,Opal Mountain LLC,2024.0,404704.0,19.23,BBB,Yes,No
ACR1054,Sooes Dickey IFM Project,ACR,Active: Registered,Forestry & Land Use,Improved Forest Management,Mixed,North America,United States,"EFM Investments & Advisory, Inc.",2023.0,66906.0,22.37,BBB,Yes,No
ACR1057,Calawah-Bogachiel IFM Project,ACR,Active: Registered,Forestry & Land Use,Improved Forest Management,Impermanent Removal,North America,United States,"EFM Investments & Advisory, Inc.",2023.0,57164.0,17.81,BBB,Yes,No
ACR1060,"Certified Reclaimed HFC Refrigerants, Propellants, and Fire Suppressants-2024001",ACR,Completed,Chemical Processes,HFC Refrigerant Reclamation,Reduction,North America,United States,Therm Solutions Inc.,2022.0,60182.0,11.65,BBB,No,No
ACR1065,Advanced Refrigeration - ARS2023005,ACR,Completed,Chemical Processes,Advanced Refrigerants,Reduction,North America,United States,Therm Solutions Inc.,2023.0,31597.0,8.63,AAA,No,No
ACR1066,A-Gas V18,ACR,Completed,Chemical Processes,HFC Refrigerant Reclamation,Reduction,North America,United States,A-Gas US Inc.,2024.0,1460456.0,11.88,AA,No,No
ACR1067,Tradewater ODS 56,ACR,Completed,Chemical Processes,Ozone Depleting Substances Recovery & Destruction,Reduction,North America,United States,"Tradewater, LLC",2024.0,63169.0,9.36,AAA,No,No
ACR1072,Heartland Methane Abatement and Land Restoration Project 4,ACR,Completed,Industrial & Commercial,Plugging Oil & Gas Wells,Reduction,North America,United States,"Rebellion Energy Solutions, LLC",2025.0,1368286.0,5.48,AA,No,No
ACR1076,Hudson Tech 2024-2,ACR,Listed - Active ARB Project,Chemical Processes,Ozone Depleting Substances Recovery & Destruction,Reduction,North America,United States,Hudson Technologies Company,2024.0,120685.0,6.08,AA,No,No
ACR1078,Advanced Refrigeration and HFC Draw Down - Project 008,ACR,Completed,Chemical Processes,Advanced Refrigerants,Reduction,North America,United States,"True Manufacturing Co., Inc.",2023.0,300953.0,9.93,AAA,No,No
ACR1088,Advanced Refrigeration - ARS2022008,ACR,Completed,Chemical Processes,Advanced Refrigerants,Reduction,North America,United States,Therm Solutions Inc.,2022.0,64910.0,10.7,AA,No,No
ACR1090,Tradewater ODS 57,ACR,Completed,Chemical Processes,Ozone Depleting Substances Recovery & Destruction,Reduction,North America,United States,"Tradewater, LLC",2024.0,67943.0,12.02,,No,No
ACR1092,Advanced Refrigeration - ARS2024002,ACR,Completed,Chemical Processes,Advanced Refrigerants,Reduction,North America,United States,Therm Solutions Inc.,2024.0,1287.0,9.97,AA,No,No
ACR1093,Crbon Labs Plugging of Alberta Orphaned Wells V2,ACR,Completed,Industrial & Commercial,Plugging Oil & Gas Wells,Reduction,North America,Canada,Crbon Labs Inc.,2025.0,77942.0,5.45,AA,No,No
ACR1094,RMMC1,ACR,Listed - Active ARB Project,Industrial & Commercial,Mine Methane Capture,Reduction,North America,United States,Rocklick Environment LLC,2025.0,65523.0,5.72,AAA,No,No
ACR1097,Refrigerants Inc HFC Reclaim 2023,ACR,Completed,Chemical Processes,HFC Refrigerant Reclamation,Reduction,North America,United States,"Anew Environmental, LLC",2023.0,38162.0,7.84,AA,No,No
ACR1098,HFC Drawdown in Foam Systems: 002D,ACR,Completed,Chemical Processes,HFC Replacement in Foam Production,Reduction,North America,United States,"True Manufacturing Co., Inc.",2023.0,164752.0,8.82,AAA,No,No
ACR1099,HFC Drawdown in Foam Systems: 002E,ACR,Completed,Chemical Processes,HFC Replacement in Foam Production,Reduction,North America,United States,"True Manufacturing Co., Inc.",2024.0,168770.0,10.75,AAA,No,No
ACR1100,Monongalia County Abandoned Mine Project,ACR,Listed - Active ARB Project,Industrial & Commercial,Mine Methane Capture,Reduction,North America,United States,"NextEra Energy Marketing, LLC",2025.0,153201.0,11.95,,No,No
ACR1102,A-Gas V17,ACR,Completed,Chemical Processes,HFC Refrigerant Reclamation,Reduction,North America,United States,A-Gas US Inc.,2024.0,483943.0,13.08,A,No,No
ACR1103,Tradewater US - ODS - #7,ACR,Completed,Chemical Processes,Ozone Depleting Substances Recovery & Destruction,Reduction,North America,United States,"Tradewater, LLC",2024.0,67978.0,9.02,AAA,No,No
ACR1104,Advanced Refrigeration - ARS2023006,ACR,Completed,Chemical Processes,Advanced Refrigerants,Reduction,North America,United States,Therm Solutions Inc.,2023.0,30911.0,8.65,,No,No
ACR1106,FF HFC 23-02,ACR,Completed,Chemical Processes,HFC Refrigerant Reclamation,Reduction,North America,United States,"Fluorofusion Specialty Chemicals, Inc.",2023.0,33727.0,7.71,AA,No,No
ACR1107,Tradewater US - ODS - #8,ACR,Completed,Chemical Processes,Ozone Depleting Substances Recovery & Destruction,Reduction,North America,United States,"Tradewater, LLC",2024.0,32022.0,6.98,AAA,No,No
ACR1109,Hudson Tech 2024-3,ACR,Listed - Active ARB Project,Chemical Processes,Ozone Depleting Substances Recovery & Destruction,Reduction,North America,United States,Hudson Technologies Company,2024.0,45693.0,8.61,A,No,No
ACR1110,Tradewater ODS 58,ACR,Completed,Chemical Processes,Ozone Depleting Substances Recovery & Destruction,Reduction,North America,United States,"Tradewater, LLC",2024.0,53346.0,8.78,AAA,No,No
ACR1111,Foam Blowing Agent Project 001-2024,ACR,Completed,Chemical Processes,HFC Replacement in Foam Production,Reduction,North America,United States,"Foam Supplies, Inc. 2",2024.0,822315.0,7.68,AAA,No,No
ACR1113,A-Gas 2-2024,ACR,Completed,Chemical Processes,Ozone Depleting Substances Recovery & Destruction,Reduction,North America,United States,A-Gas US Inc.,2024.0,85269.0,12.15,A,No,No
ACR1114,Advanced Refrigeration - ARS2023007,ACR,Completed,Chemical Processes,Advanced Refrigerants,Reduction,North America,United States,Therm Solutions Inc.,2023.0,155327.0,12.76,,No,No
ACR1116,A-Gas ODS-VER4,ACR,Completed,Chemical Processes,Ozone Depleting Substances Recovery & Destruction,Reduction,North America,United States,A-Gas US Inc.,2024.0,30353.0,8.48,AA,No,No
ACR1117,Tradewater US - ODS - #9,ACR,Completed,Chemical Processes,Ozone Depleting Substances Recovery & Destruction,Reduction,North America,United States,"Tradewater, LLC",2025.0,22795.0,15.58,AAA,No,No
ACR1118,PMMC1,ACR,Listed - Active ARB Project,Industrial & Commercial,Mine Methane Capture,Reduction,North America,United States,Environmental Commodities Corporation,2025.0,14773.0,6.47,,No,No
ACR1123,Buchanan VAM II VS-18,ACR,Listed - Active ARB Project,Industrial & Commercial,Mine Methane Capture,Reduction,North America,United States,"NextEra Energy Marketing, LLC",2024.0,75540.0,9.93,BBB,No,No
ACR1124,Tradewater US - ODS - #10,ACR,Completed,Chemical Processes,Ozone Depleting Substances Recovery & Destruction,Reduction,North America,United States,"Tradewater, LLC",2025.0,112862.0,12.15,AAA,No,No
ACR1125,A-Gas V20,ACR,Completed,Chemical Processes,HFC Refrigerant Reclamation,Reduction,North America,United States,A-Gas US Inc.,2024.0,2538235.0,7.45,AA,No,No
ACR1128,Oak Grove Voluntary Project I,ACR,Active: Registered,Industrial & Commercial,Mine Methane Capture,Reduction,North America,United States,"NextEra Energy Marketing, LLC",2023.0,26915.0,11.12,AA,No,No
ACR1129,Tradewater - Middle East 1,ACR,Completed,Chemical Processes,Ozone Depleting Substances Recovery & Destruction,Reduction,Europe,France,"Tradewater, LLC",2025.0,227183.0,9.78,AAA,No,No
ACR1130,Advanced Refrigeration - ARS2023008,ACR,Completed,Chemical Processes,Advanced Refrigerants,Reduction,North America,United States,Therm Solutions Inc.,2024.0,55715.0,9.86,,No,No
ACR1133,Advanced Refrigeration - ARS2023009,ACR,Completed,Chemical Processes,Advanced Refrigerants,Reduction,North America,United States,Therm Solutions Inc.,2023.0,76411.0,11.66,BBB,No,No
ACR1138,Marshall County 6N6S District Flare Project I,ACR,Listed - Active ARB Project,Industrial & Commercial,Mine Methane Capture,Reduction,North America,United States,"NextEra Energy Marketing, LLC",2025.0,29038.0,10.87,BBB,No,No
ACR1140,Tradewater ODS 59,ACR,Listed - Active ECY Project,Chemical Processes,Ozone Depleting Substances Recovery & Destruction,Reduction,North America,United States,"Tradewater, LLC",2025.0,82296.0,9.66,AAA,No,No
ACR1147,Tradewater ODS 60,ACR,Listed - Active ECY Project,Chemical Processes,Ozone Depleting Substances Recovery & Destruction,Reduction,North America,United States,"Tradewater, LLC",2025.0,59104.0,10.59,AAA,No,No
ACR1148,A-Gas South Korea 5,ACR,Completed,Chemical Processes,Ozone Depleting Substances Recovery & Destruction,Reduction,North America,United States,A-Gas US Inc.,2025.0,11929.0,15.5,A,No,No
ACR1149,A-Gas Israel 1,ACR,Completed,Chemical Processes,Ozone Depleting Substances Recovery & Destruction,Reduction,North America,United States,A-Gas US Inc.,2025.0,82618.0,7.21,A,No,No
ACR1150,A-Gas Singapore 1,ACR,Completed,Chemical Processes,Ozone Depleting Substances Recovery & Destruction,Reduction,Europe,France,A-Gas Singapore Pte Ltd,2025.0,27988.0,12.36,BBB,No,No
ACR1151,Advanced Refrigeration - ARS2023010,ACR,Completed,Chemical Processes,Advanced Refrigerants,Reduction,North America,United States,Therm Solutions Inc.,2024.0,122026.0,11.51,AAA,No,No
ACR1152,HT HFC Reclamation Project Champaign 2024,ACR,Completed,Chemical Processes,HFC Refrigerant Reclamation,Reduction,North America,United States,Hudson Technologies Company,2024.0,881920.0,15.64,,No,No
ACR1154,"Hay Road Landfill, Vacaville, CA: GHG Emission Reduction Automation Collection of Landfill Gas",ACR,Active: Registered,Waste Management,Landfill Methane,Reduction,North America,United States,"Loci Controls, Inc.",2023.0,126952.0,7.4,AA,No,No
ACR1156,"Ostrom Road Landfill, Wheatland, CA: GHG Emission Reduction Automation Collection of Landfill Gas",ACR,Active: Registered,Waste Management,Landfill Methane,Reduction,North America,United States,"Loci Controls, Inc.",2025.0,39684.0,4.22,,No,No
ACR1157,"Sonoma County Central Disposal Site, Petaluma, CA: GHG Emission Reduction Automation Collection of Landfill Gas",ACR,Active: Registered,Waste Management,Landfill Methane,Reduction,North America,United States,"Loci Controls, Inc.",2023.0,54682.0,6.32,BBB,No,No
ACR1158,"Camino Real Landfill, Sunland Park, NM: GHG Emission Reduction Automation Collection of Landfill Gas",ACR,Active: Registered,Waste Management,Landfill Methane,Reduction,North America,United States,"Loci Controls, Inc.",2023.0,23812.0,6.17,AAA,No,No
ACR1159,Perennial CMM CMB72-2-7 Flare Project,ACR,Listed - Active Registry Project,Industrial & Commercial,Mine Methane Capture,Reduction,North America,United States,Perennial CMM LLC,2026.0,71542.0,11.29,AA,No,No
ACR1163,Hudson Tech 2025-1,ACR,Listed - Active ARB Project,Chemical Processes,Ozone Depleting Substances Recovery & Destruction,Reduction,North America,United States,Hudson Technologies Company,2025.0,61040.0,15.96,AAA,No,No
ACR1164,RHI HFC Reclaim 2023,ACR,Completed,Chemical Processes,HFC Refrigerant Reclamation,Reduction,North America,United States,"Anew Environmental, LLC",2023.0,35871.0,10.53,AA,No,No
ACR1165,RHI HFC Reclaim 2024,ACR,Completed,Chemical Processes,HFC Refrigerant Reclamation,Reduction,North America,United States,"Anew Environmental, LLC",2024.0,161985.0,9.9,AA,No,No
ACR1167,CMMC3,ACR,Listed - Active Registry Project,Industrial & Commercial,Mine Methane Capture,Reduction,North America,United States,Environmental Commodities Corporation,2025.0,49757.0,9.09,AA,No,No
ACR1169,A-Gas V19,ACR,Completed,Chemical Processes,HFC Refrigerant Reclamation,Reduction,North America,United States,A-Gas US Inc.,2024.0,282802.0,12.72,BBB,No,No
ACR1171,American Refrigerants HFC Reclamation Project - 2024,ACR,Completed: Registered,Chemical Processes,HFC Refrigerant Reclamation,Reduction,North America,United States,"Anew Carbon Development, LLC",2024.0,53139.0,8.02,BBB,No,No
ACR1172,A-Gas ODS-VER5,ACR,Completed,Chemical Processes,Ozone Depleting Substances Recovery & Destruction,Reduction,North America,United States,A-Gas US Inc.,2024.0,45657.0,11.93,AAA,No,No
ACR1173,Tradewater US - ODS - #11,ACR,Completed,Chemical Processes,Ozone Depleting Substances Recovery & Destruction,Reduction,North America,United States,"Tradewater, LLC",2025.0,87275.0,11.68,AAA,No,No
ACR1174,Advanced Refrigeration - ARS2025001,ACR,Completed,Chemical Processes,Advanced Refrigerants,Reduction,North America,United States,Therm Solutions Inc.,2024.0,57830.0,6.24,,No,No
ACR1176,Hudson Tech 2025-2 Washington,ACR,Listed - Active ECY Project,Chemical Processes,Ozone Depleting Substances Recovery & Destruction,Reduction,North America,United States,Hudson Technologies Company,2025.0,53739.0,11.89,AAA,No,No
ACR1178,RMMC2,ACR,Listed - Active Registry Project,Industrial & Commercial,Mine Methane Capture,Reduction,North America,United States,Rocklick Environment LLC,2025.0,77915.0,7.48,A,No,No
ACR1179,Summit HFC Reclaim 2023,ACR,Completed,Chemical Processes,HFC Refrigerant Reclamation,Reduction,North America,United States,"Anew Environmental, LLC",2023.0,146664.0,15.72,AA,No,No
ACR1181,Oak Grove Panel 50/51 Flare Project,ACR,Listed - Active Registry Project,Industrial & Commercial,Mine Methane Capture,Reduction,North America,United States,"NextEra Energy Marketing, LLC",2025.0,30942.0,7.38,BBB,No,No
ACR1182,"Wesco HMB, Inc. HFC Reclamation Project  New Jersey 2025",ACR,Completed,Chemical Processes,HFC Refrigerant Reclamation,Reduction,North America,United States,"Wesco HMB, Inc.",2024.0,102473.0,12.78,AAA,No,No
ACR1184,Advanced Refrigeration - ARS2024006,ACR,Completed,Chemical Processes,Advanced Refrigerants,Reduction,Latin America and the Caribbean,Mexico,Therm Solutions Inc.,2024.0,43305.0,8.89,AAA,No,No
ACR1185,A-Gas 1-2025,ACR,Listed - Active ECY Project,Chemical Processes,Ozone Depleting Substances Recovery & Destruction,Reduction,North America,United States,A-Gas US Inc.,2025.0,85847.0,8.45,AAA,No,No
ACR1188,Advanced Refrigeration - ARS2025003,ACR,Completed,Chemical Processes,Advanced Refrigerants,Reduction,North America,United States,Therm Solutions Inc.,2025.0,44902.0,10.5,AA,No,No
ACR1189,PMR #4,ACR,Listed - Active Registry Project,Industrial & Commercial,Mine Methane Capture,Reduction,North America,United States,"Pine Mountain Resources, LLC",2026.0,19194.0,7.35,AAA,No,No
ACR1190,"Certified Reclaimed HFC Refrigerants, Propellants, and Fire Suppressants-2024002",ACR,Completed,Chemical Processes,HFC Refrigerant Reclamation,Reduction,North America,United States,Therm Solutions Inc.,2023.0,215169.0,9.46,,No,No
ACR1194,Tradewater - Middle East 2,ACR,Completed,Chemical Processes,Ozone Depleting Substances Recovery & Destruction,Reduction,Europe,Germany,"Tradewater, LLC",2025.0,10214.0,14.56,AAA,No,No
ACR1196,A-Gas South Korea 6,ACR,Completed,Chemical Processes,Ozone Depleting Substances Recovery & Destruction,Reduction,North America,United States,A-Gas US Inc.,2025.0,35413.0,9.82,AAA,No,No
ACR1199,HT HFC Reclamation Project Champaign 2025-1,ACR,Completed,Chemical Processes,HFC Refrigerant Reclamation,Reduction,North America,United States,Hudson Technologies Company,2025.0,541151.0,17.31,,No,No
ACR1200,A-Gas V22,ACR,Completed,Chemical Processes,HFC Refrigerant Reclamation,Reduction,North America,United States,A-Gas US Inc.,2025.0,1687533.0,12.86,A,No,No
ACR1202,Advanced Refrigeration - ARS2025005,ACR,Completed: Registered,Chemical Processes,Advanced Refrigerants,Reduction,North America,United States,Therm Solutions Inc.,2024.0,8959.0,6.65,AAA,No,No
ACR1203,Advanced Refrigeration - ARS2025006,ACR,Completed,Chemical Processes,Advanced Refrigerants,Reduction,Latin America and the Caribbean,Mexico,Therm Solutions Inc.,2025.0,39047.0,15.59,AAA,No,No
ACR1204,Advanced Refrigeration - ARS2025007,ACR,Active: Registered,Chemical Processes,Advanced Refrigerants,Reduction,North America,United States,Therm Solutions Inc.,2025.0,43779.0,13.62,A,No,No
ACR1205,"Certified Reclaimed HFC Refrigerants, Propellants, and Fire Suppressants- 2025001",ACR,Completed,Chemical Processes,HFC Refrigerant Reclamation,Reduction,North America,United States,Therm Solutions Inc.,2024.0,300634.0,6.66,A,No,No
ACR1210,FF HFC 24-01,ACR,Completed,Chemical Processes,HFC Refrigerant Reclamation,Reduction,North America,United States,"Fluorofusion Specialty Chemicals, Inc.",2024.0,83227.0,9.65,A,No,No
ACR1215,Tradewater - Middle East 3,ACR,Completed,Chemical Processes,Ozone Depleting Substances Recovery & Destruction,Reduction,Europe,Germany,"Tradewater, LLC",2025.0,153634.0,16.05,AAA,No,No
ACR1216,A-Gas South Korea 7,ACR,Completed,Chemical Processes,Ozone Depleting Substances Recovery & Destruction,Reduction,North America,United States,A-Gas US Inc.,2025.0,30791.0,10.38,AAA,No,No
ACR1217,Marion County Flare III Project,ACR,Listed - Active Registry Project,Industrial & Commercial,Mine Methane Capture,Reduction,North America,United States,"NextEra Energy Marketing, LLC",2025.0,35216.0,9.23,BB,No,No
ACR1218,Oak Grove Panel 52 Flare Project,ACR,Listed - Active Registry Project,Industrial & Commercial,Mine Methane Capture,Reduction,North America,United States,"NextEra Energy Marketing, LLC",2025.0,28062.0,7.62,A,No,No
ACR1219,Tradewater US - ODS - #13,ACR,Completed,Chemical Processes,Ozone Depleting Substances Recovery & Destruction,Reduction,North America,United States,"Tradewater, LLC",2025.0,19376.0,10.78,AAA,No,No
ACR1221,Hudson Tech 2025-3 Washington,ACR,Listed - Active ECY Project,Chemical Processes,Ozone Depleting Substances Recovery & Destruction,Reduction,North America,United States,Hudson Technologies Company,2025.0,81276.0,11.97,AAA,No,No
ACR1224,A-Gas South Korea 8,ACR,Completed,Chemical Processes,Ozone Depleting Substances Recovery & Destruction,Reduction,North America,United States,A-Gas US Inc.,2025.0,27431.0,16.09,AA,No,No
ACR1231,Tradewater - Middle East 4,ACR,Completed,Chemical Processes,Ozone Depleting Substances Recovery & Destruction,Reduction,Europe,Germany,"Tradewater, LLC",2026.0,163963.0,9.41,AAA,No,No
ART0101,Costa Rica,ART,Listed,Forestry & Land Use,Jurisdictional REDD+,Impermanent Removal,Latin America and the Caribbean,Costa Rica,Fondo Nacional de Financiamento Forestal (FONAFIFO),2017.0,1095881.0,13.57,CCC,Yes,No
ART0102,Guyana,ART,Registered,Forestry & Land Use,Jurisdictional REDD+,Reduction,Latin America and the Caribbean,Guyana,Guyana Forestry Commission,2016.0,45762713.0,17.18,B,Yes,No
ART0130,Cote d'Ivoire Tai National Park Area Emission Reductions Program,ART,Registered,Forestry & Land Use,Jurisdictional REDD+,Reduction,Sub-Saharan Africa,Côte d'Ivoire,"DIRECTION GENERALE DES FINANCEMENTS, MINISTERE DE L'ECONOMIE, DES FINANCES ET DU BUDGET, RCI",2022.0,150000.0,15.61,B,No,No
CAR398,Development Authority of the North Country (DANC) Landfill Gas Destruction Project,CAR,Registered,Waste Management,Landfill Methane,Reduction,North America,United States,Development Authority of the North Country,2008.0,709148.0,2.9,AAA,No,No
CAR399,Granger Decatur Landfill Gas Destruction Project,CAR,Completed,Waste Management,Landfill Methane,Reduction,North America,United States,EcoSecurities International Limited,2008.0,50100.0,4.42,A,No,No
CAR400,South Jordan Landfill Gas Destruction Project,CAR,Completed,Waste Management,Landfill Methane,Reduction,North America,United States,"Anew Environmental, LLC",2009.0,533404.0,4.23,AA,No,No
CAR403,Black Warrior Solid Waste Facility,CAR,Registered,Waste Management,Landfill Methane,Reduction,North America,United States,"Anew Environmental, LLC",2009.0,176465.0,2.58,BB,No,No
CAR406,Moccasin Mike Landfill Gas Project,CAR,Registered,Waste Management,Landfill Methane,Reduction,North America,United States,City of Superior,2009.0,91354.0,5.12,AA,No,No
CAR412,Green Meadow Farm,CAR,Completed,Agriculture,Manure Methane Digester,Reduction,North America,United States,"Camco International Group, Inc.",2009.0,2729.0,4.05,,No,No
CAR422,Hernando County Landfill Electric Generation,CAR,Registered,Waste Management,Landfill Methane,Reduction,North America,United States,"Timberline Energy, LLC",2008.0,114895.0,4.68,BB,No,No
CAR424,Chautauqua County,CAR,Completed,Waste Management,Landfill Methane,Reduction,North America,United States,Chautauqua County,2005.0,1203.0,3.28,B,No,No
CAR429,McCloud River,CAR,Registered,Forestry & Land Use,Improved Forest Management,Mixed,North America,United States,"Bascom Pacific, LLC",2007.0,217525.0,11.63,B,Yes,No
CAR434,The Denton Landfill Gas Destruction Project,CAR,Completed,Waste Management,Landfill Methane,Reduction,North America,United States,"Denton Power, LLC",2008.0,20892.0,2.85,A,No,No
CAR436,Volunteer Regional Landfill,CAR,Completed,Waste Management,Landfill Methane,Reduction,North America,United States,Scott Solid Waste Disposal Company,2008.0,163460.0,3.25,,No,No
CAR437,Meadow Branch Landfill,CAR,Completed,Waste Management,Landfill Methane,Reduction,North America,United States,Environmental Trust Company,2009.0,83062.0,4.0,BB,No,No
CAR443,South Kent Landfill Gas to Energy Project,CAR,Registered,Waste Management,Landfill Methane,Reduction,North America,United States,"3Degrees Group, Inc",2008.0,106939.0,3.27,BBB,No,No
CAR444,Erie County Landfill,CAR,Registered,Waste Management,Landfill Methane,Reduction,North America,United States,"Renewable Energy Services of Ohio, LLC",2008.0,358310.0,2.96,AA,No,No
CAR445,LCSWMA Landfill Gas-to-Energy Project,CAR,Completed,Waste Management,Landfill Methane,Reduction,North America,United States,Lancaster County Solid Waste Management Authority,2008.0,130497.0,3.4,AA,No,No
CAR448,Tri-Community Recycling and Sanitary Landfill,CAR,Completed,Waste Management,Landfill Methane,Reduction,North America,United States,"3Degrees Group, Inc",2010.0,3772.0,3.14,BBB,No,No
CAR449,Riverview Farm Anaerobic Digester Project,CAR,Completed,Agriculture,Manure Methane Digester,Reduction,North America,United States,"Camco International Group, Inc.",2008.0,3746.0,5.45,AA,No,No
CAR451,East Central Sanitary Landfill Voluntary GCCS,CAR,Completed,Waste Management,Landfill Methane,Reduction,North America,United States,East Central Solid Waste Commission,2008.0,3169.0,3.13,BB,No,No
CAR456,Blue Ridge Landfill,CAR,Completed,Waste Management,Landfill Methane,Reduction,North America,United States,"3Degrees Group, Inc",2009.0,54819.0,1.8,BB,No,No
CAR457,Charleston Landfill Gas Utilization Project,CAR,Completed,Waste Management,Landfill Methane,Reduction,North America,United States,Charleston Clean Energy LLC,2010.0,21003.0,5.82,AA,No,No
CAR459,American Environmental Landfill (AEL),CAR,Completed,Waste Management,Landfill Methane,Reduction,North America,United States,"Montauk Energy Capital, LLC",2009.0,8732.0,3.8,A,No,No
CAR462,Sioux Falls Regional Sanitary Landfill,CAR,Completed,Waste Management,Landfill Methane,Reduction,North America,United States,"3Degrees Group, Inc",2008.0,29718.0,4.19,,No,No
CAR465,GTR Solid Waste Landfill,CAR,Registered,Waste Management,Landfill Methane,Reduction,North America,United States,GTR Solid Waste Management Authority,2009.0,87185.0,2.41,AA,No,No
CAR466,Dalton-Whitfield Landfill Project,CAR,Registered,Waste Management,Landfill Methane,Reduction,North America,United States,Dalton-Whitfield Regional Solid Waste Management Authority,2008.0,98073.0,2.91,AA,No,No
CAR467,Coffee County Sanitary Landfill Gas Collection System,CAR,Completed,Waste Management,Landfill Methane,Reduction,North America,United States,Coffee County Commission,2009.0,72781.0,3.89,AA,No,No
CAR468,Davidson County Landfill Gas Destruction Project,CAR,Completed,Waste Management,Landfill Methane,Reduction,North America,United States,"Davidson Gas Producers, LLC",2009.0,3583.0,6.2,A,No,No
CAR469,Bluesource - MP Greenwood Landfill Gas to Energy Project,CAR,Completed,Waste Management,Landfill Methane,Reduction,North America,United States,"Anew Carbon Development, LLC",2009.0,39789.0,3.97,A,No,No
CAR471,Clinton County Landfill Methane Destruction Project,CAR,Completed,Waste Management,Landfill Methane,Reduction,North America,United States,"New England Waste Services of NY, Inc.",2008.0,73484.0,3.38,BBB,No,No
CAR473,Davis Landfill Gas Offset Project,CAR,Registered,Waste Management,Landfill Methane,Reduction,North America,United States,"Anew Environmental, LLC",2008.0,369973.0,3.86,AA,No,No
CAR475,Gaston County Landfill Gas Destruction Project,CAR,Registered,Waste Management,Landfill Methane,Reduction,North America,United States,Gaston County Solid Waste and Recycling,2008.0,503031.0,2.64,BBB,No,No
CAR476,Eagle Point Landfill,CAR,Completed,Waste Management,Landfill Methane,Reduction,North America,United States,Sustainable Energy Solutions LLC,2009.0,296695.0,2.79,BBB,No,No
CAR480,Colebrook Landfill,CAR,Completed,Waste Management,Landfill Methane,Reduction,North America,United States,"PPL EnergyPlus, LLC",2009.0,17535.0,4.43,BB,No,No
CAR481,Southtex Greenwood Farms,CAR,Completed,Waste Management,Landfill Methane,Reduction,North America,United States,"East Texas Renewables, LLC",2009.0,97700.0,3.93,AA,No,No
CAR482,Bluesource - MP Wilson Landfill Gas Project,CAR,Completed,Waste Management,Landfill Methane,Reduction,North America,United States,"Anew Carbon Development, LLC",2010.0,11282.0,4.07,,No,No
CAR483,Mt. Carberry Landfill,CAR,Completed,Waste Management,Landfill Methane,Reduction,North America,United States,Androscoggin Valley Regional Refuse Disposal Dist,2008.0,30146.0,4.85,A,No,No
CAR485,The Greenbrier Landfill Project,CAR,Completed,Waste Management,Landfill Methane,Reduction,North America,United States,Greenbrier Clean Energy LLC,2009.0,1236.0,4.14,AAA,No,No
CAR486,Worcester County Central Landfill Gas-to-Energy Project,CAR,Completed,Waste Management,Landfill Methane,Reduction,North America,United States,"3Degrees Group, Inc",2009.0,19888.0,2.65,BBB,No,No
CAR491,TRR Landfill,CAR,Completed,Waste Management,Landfill Methane,Reduction,North America,United States,Three Rivers Solid Waste Management Authority,2009.0,306480.0,5.64,A,No,No
CAR495,Greenville County Landfill Gas Utilization Project,CAR,Registered,Waste Management,Landfill Methane,Reduction,North America,United States,"Anew Environmental, LLC",2009.0,296374.0,4.47,,No,No
CAR497,Alligator River Avoided Conversion,CAR,Registered,Forestry & Land Use,Avoided Forest Conversion,Reduction,North America,United States,"Mattamuskeet Ventures I,  LLC",2010.0,22055.0,13.5,BB,Yes,No
CAR498,Wolf Creek Landfill,CAR,Completed,Waste Management,Landfill Methane,Reduction,North America,United States,Sustainable Energy Solutions LLC,2010.0,276163.0,3.18,B,No,No
CAR502,Central Sanitary Landfill,CAR,Completed,Waste Management,Landfill Methane,Reduction,North America,United States,"Central Sanitary Landfill, Inc.",2009.0,86243.0,4.22,BB,No,No
CAR503,Crow Wing County Landfill Gas Collection System,CAR,Completed,Waste Management,Landfill Methane,Reduction,North America,United States,Crow Wing County Solid Waste Management,2008.0,10000.0,5.38,AA,No,No
CAR509,Larimer County Landfill Gas Project,CAR,Registered,Waste Management,Landfill Methane,Reduction,North America,United States,"Larimer Energy, LLC",2009.0,18906.0,3.44,AAA,No,No
CAR512,Rio Grande Valley Landfill,CAR,Registered,Waste Management,Landfill Methane,Reduction,North America,United States,"Republic Services Alliance Group II, Inc.",2010.0,215188.0,4.96,AAA,No,No
CAR514,Stillwater Sanitary Landfill,CAR,Registered,Waste Management,Landfill Methane,Reduction,North America,United States,"Republic Services Alliance Group II, Inc.",2006.0,143723.0,4.94,AAA,No,No
CAR515,Canadian Valley Landfill,CAR,Registered,Waste Management,Landfill Methane,Reduction,North America,United States,"Republic Services Alliance Group II, Inc.",2005.0,45226.0,5.45,AAA,No,No
CAR516,Resource Recovery Landfill,CAR,Registered,Waste Management,Landfill Methane,Reduction,North America,United States,"Republic Services Alliance Group II, Inc.",2006.0,50574.0,2.67,A,No,No
CAR517,Anson County Landfill,CAR,Completed,Waste Management,Landfill Methane,Reduction,North America,United States,"Anew Environmental, LLC",2009.0,367679.0,2.98,BBB,No,No
CAR521,Maple Hill Landfill,CAR,Registered,Waste Management,Landfill Methane,Reduction,North America,United States,"Advanced Disposal Services Maple Hill Landfill, Inc",2008.0,212673.0,3.02,A,No,No
CAR522,Kentucky Blue Ridge Landfill,CAR,Registered,Waste Management,Landfill Methane,Reduction,North America,United States,"3Degrees Group, Inc",2007.0,69406.0,3.59,BBB,No,No
CAR531,Buncombe County Landfill,CAR,Registered,Waste Management,Landfill Methane,Reduction,North America,United States,Buncombe County,2012.0,69295.0,4.17,AA,No,No
CAR535,CMW Landfill Methane Reduction Project,CAR,Completed,Waste Management,Landfill Methane,Reduction,North America,United States,"Covanta Semass, L.P.",2009.0,14247.0,3.85,BBB,No,No
CAR548,Newland Park Landfill,CAR,Completed,Waste Management,Landfill Methane,Reduction,North America,United States,"Wicomico County, Maryland",2010.0,37000.0,4.05,B,No,No
CAR557,Mt. Herman Landfill Gas Project,CAR,Completed,Waste Management,Landfill Methane,Reduction,North America,United States,"Camco International Group, Inc.",2009.0,8372.0,3.17,A,No,No
CAR558,Indian River County Landfill,CAR,Registered,Waste Management,Landfill Methane,Reduction,North America,United States,"Anew Environmental, LLC",2010.0,339471.0,4.55,AAA,No,No
CAR560,New River Landfill Gas Methane Destruction Project,CAR,Registered,Waste Management,Landfill Methane,Reduction,North America,United States,New River Resource Authority,2008.0,430554.0,2.87,AA,No,No
CAR566,Mahoning Landfill,CAR,Completed,Waste Management,Landfill Methane,Reduction,North America,United States,"Mahoning Landfill, Inc.",2008.0,125580.0,3.42,A,No,No
CAR574,Berkeley County Landfill Gas Project,CAR,Registered,Waste Management,Landfill Methane,Reduction,North America,United States,"Anew Environmental, LLC",2010.0,47414.0,2.88,A,No,No
CAR575,Arcata Sunnybrae Tract,CAR,Registered,Forestry & Land Use,Improved Forest Management,Mixed,North America,United States,City of Arcata,2006.0,3892.0,14.62,BBB,Yes,No
CAR582,Finite Carbon - MWF Brimstone IFM Project I,CAR,Completed,Forestry & Land Use,Improved Forest Management,Mixed,North America,United States,Lyme Brimstone Timberlands LLC,2007.0,48486.0,5.52,BBB,Yes,No
CAR589,Fiscalini Farms Anaerobic Digester,CAR,Completed,Agriculture,Manure Methane Digester,Reduction,North America,United States,"Fiscalini Properties, L.P.",2009.0,3372.0,4.8,AA,No,No
CAR592,Morehead Landfill,CAR,Registered,Waste Management,Landfill Methane,Reduction,North America,United States,"3Degrees Group, Inc",2009.0,100898.0,2.71,BBB,No,No
CAR597,Coolgas India ODS project 2,CAR,Completed,Chemical Processes,Ozone Depleting Substances Recovery & Destruction,Reduction,North America,United States,"COOLGAS, INC.",2010.0,33845.0,8.05,AA,No,No
CAR620,Upper Piedmont Landfill,CAR,Completed,Waste Management,Landfill Methane,Reduction,North America,United States,"Republic Services of North Carolina, LLC",2010.0,23982.0,4.72,AA,No,No
CAR621,Kimble Sanitary Landfill Gas Project,CAR,Completed,Waste Management,Landfill Methane,Reduction,North America,United States,Kimble Company,2010.0,418447.0,3.76,AA,No,No
CAR627,Charlotte County Zemel Road Landfill Gas Capture Project,CAR,Completed,Waste Management,Landfill Methane,Reduction,North America,United States,"Anew Environmental, LLC",2010.0,83163.0,3.06,B,No,No
CAR635,Hancock County Landfill Gas Collection Project,CAR,Registered,Waste Management,Landfill Methane,Reduction,North America,United States,"3Degrees Group, Inc",2010.0,185809.0,2.83,AAA,No,No
CAR639,"El Dorado Nitrogen, LP - Nitrous Oxide Abatement Project",CAR,Registered,Chemical Processes,N2O Destruction in Nitric Acid Production,Reduction,North America,United States,"LSB Industries, Inc.",2010.0,991112.0,4.98,BB,No,No
CAR644,Central LFG to Energy Project,CAR,Completed,Waste Management,Landfill Methane,Reduction,North America,United States,"Central Clean Energy, LLC",2010.0,19293.0,4.03,AA,No,No
CAR645,Finite Carbon - The Forestland Group Champion Property,CAR,Completed,Forestry & Land Use,Improved Forest Management,Mixed,North America,United States,Heartwood Forestland Fund III Limited Partnership,2009.0,29881.0,14.18,BBB,Yes,No
CAR646,Katahdin Iron Works Ecological Reserve,CAR,Registered,Forestry & Land Use,Improved Forest Management,Mixed,North America,United States,AMC Maine Woods Initiative LLC,2007.0,22865.0,11.81,BBB,Yes,No
CAR648,Finite Carbon - Potlatch Moro Big Pine CE,CAR,Completed,Forestry & Land Use,Improved Forest Management,Mixed,North America,United States,"PotlatchDeltic Forest Holdings, Inc",2006.0,59248.0,13.5,BBB,Yes,No
CAR657,Finite Carbon - Farm Cove Community Forest Project,CAR,Completed,Forestry & Land Use,Improved Forest Management,Mixed,North America,United States,Downeast Lakes Land Trust,2010.0,51130.0,11.31,BB,Yes,No
CAR658,Finite Carbon - Brosnan Forest,CAR,Completed,Forestry & Land Use,Improved Forest Management,Mixed,North America,United States,Norfolk Southern Railway Company,2010.0,62573.0,9.47,B,Yes,No
CAR659,Blue Source - Pungo River Forest Conservation Project,CAR,Registered,Forestry & Land Use,Avoided Forest Conversion,Reduction,North America,United States,David Dicktel,2004.0,37667.0,10.19,B,Yes,No
CAR660,Gualala River Forest,CAR,Completed,Forestry & Land Use,Improved Forest Management,Mixed,North America,United States,The Conservation Fund,2007.0,81209.0,11.1,AA,Yes,No
CAR661,Willits Woods,CAR,Completed,Forestry & Land Use,Improved Forest Management,Mixed,North America,United States,"Coastal Ridges LLC, a California Limited Liability Company",2004.0,304862.0,8.28,B,Yes,No
CAR672,Finite Carbon - NEFF,CAR,Registered,Forestry & Land Use,Improved Forest Management,Mixed,North America,United States,New England Forestry Foundation,2007.0,30322.0,11.34,B,Yes,No
CAR674,"Oneida Herkimer Landfill Ava, NY",CAR,Registered,Waste Management,Landfill Methane,Reduction,North America,United States,Oneida Herkimer Solid Waste Authority,2010.0,438212.0,4.26,BBB,No,No
CAR676,Pocosin Lakes Forest Conservation Project,CAR,Registered,Forestry & Land Use,Avoided Forest Conversion,Reduction,North America,United States,W. Brinkley Melvin,2004.0,7685.0,8.29,BB,Yes,No
CAR683,Blue Source - Francis Beidler Improved Forest Management Project,CAR,Registered,Forestry & Land Use,Improved Forest Management,Mixed,North America,United States,"National Audubon Society, Inc.",2007.0,209285.0,12.06,BBB,Yes,No
CAR688,Noles North Avoided Conversion Forest Project,CAR,Registered,Forestry & Land Use,Avoided Forest Conversion,Reduction,North America,United States,Michael A. Noles,2002.0,18249.0,8.63,BB,Yes,No
CAR691,RemTec International ODS Destruction Import Project #1,CAR,Completed,Chemical Processes,Ozone Depleting Substances Recovery & Destruction,Reduction,North America,United States,Reclamation Technologies Inc.,2010.0,2174.0,6.98,AAA,No,No
CAR730,Usal Redwood Forest,CAR,Completed,Forestry & Land Use,Improved Forest Management,Mixed,North America,United States,"Usal Redwood Forest Company, LLC",2007.0,845652.0,8.42,CCC,Yes,No
CAR749,Green Assets - Middleton Avoided Conversion,CAR,Completed,Forestry & Land Use,Avoided Forest Conversion,Reduction,North America,United States,"Woodlands Nature Reserve, LLC",2007.0,4967.0,10.42,B,Yes,No
CAR764,Cedar Rapids Linn County Solid Waste Agency Landfill Gas Project,CAR,Completed,Waste Management,Landfill Methane,Reduction,North America,United States,Cedar Rapids Linn County Solid Waste Agency,2010.0,36999.0,4.64,BBB,No,No
CAR766,Terra Verdigris #2,CAR,Completed,Chemical Processes,N2O Destruction in Nitric Acid Production,Reduction,North America,United States,"Terra Nitrogen, Limited Partnership",2008.0,96144.0,4.08,,No,No
CAR768,"Terra Yazoo City  # 9, Nitrous Oxide Abatement Project",CAR,Registered,Chemical Processes,N2O Destruction in Nitric Acid Production,Reduction,North America,United States,"CF Industries Nitrogen, LLC",2009.0,1067428.0,6.57,BBB,No,No
CAR772,"Citrus County, Florida Landfill Gas Flare Project",CAR,Completed,Waste Management,Landfill Methane,Reduction,North America,United States,Citrus County Division of Solid Waste Management,2010.0,12187.0,3.76,BBB,No,No
CAR777,Yurok Tribe Sustainable Forest Project,CAR,Completed,Forestry & Land Use,Improved Forest Management,Mixed,North America,United States,Yurok Tribe,2011.0,210164.0,9.96,,Yes,No
CAR780,Finite Carbon - Shannondale Tree Farm,CAR,Completed,Forestry & Land Use,Improved Forest Management,Mixed,North America,United States,"Shannondale Carbon, LLC",2010.0,35904.0,8.71,BB,Yes,No
CAR785,Dubuque Metropolitan Sanitary Landfill,CAR,Completed,Waste Management,Landfill Methane,Reduction,North America,United States,Dubuque Metropolitan Area Solid Waste Agency,2011.0,74189.0,4.85,AA,No,No
CAR790,Bi-County Landfill Gas Destruction Project,CAR,Completed,Waste Management,Landfill Methane,Reduction,North America,United States,"Bi-County Gas Producers, LLC",2010.0,174367.0,3.58,BBB,No,No
CAR802,Noles South Avoided Conversion Forest Project,CAR,Registered,Forestry & Land Use,Avoided Forest Conversion,Reduction,North America,United States,Michael A. Noles,2003.0,15042.0,10.0,CCC,Yes,No
CAR811,Rentech Energy Midwest Corporation – Nitric Acid Plant 1,CAR,Registered,Chemical Processes,N2O Destruction in Nitric Acid Production,Reduction,North America,United States,"East Dubuque Nitrogen Fertilizers, LLC",2011.0,355086.0,6.44,B,No,No
CAR822,"Rainier Biogas, LLC",CAR,Completed,Agriculture,Manure Methane Digester,Reduction,North America,United States,"Native, a Public Benefit Corporation",2013.0,2455.0,8.43,A,No,No
CAR825,Cedar Grove Composting,CAR,Registered,Waste Management,Composting,Reduction,North America,United States,ClimeCo LLC,2008.0,15817.0,5.28,AAA,No,No
CAR826,O.S.L. ODS Destruction Project Mexico,CAR,Completed,Chemical Processes,Ozone Depleting Substances Recovery & Destruction,Reduction,North America,United States,OEKO Service Luxembourg (O.S.L) S.A.,2012.0,89825.0,9.08,B,No,No
CAR829,Hilltop Sand and Gravel Landfill GHG Project,CAR,Registered,Waste Management,Landfill Methane,Reduction,North America,United States,"3Degrees Group, Inc",2012.0,31418.0,5.27,AA,No,No
CAR838,IESI-Trinity Timber Ridge Landfill Carbon Project,CAR,Registered,Waste Management,Landfill Methane,Reduction,North America,United States,Timber Ridge Landfill Company,2011.0,126753.0,6.81,AA,No,No
CAR839,PCS Nitrogen Fertilizer LP - NAP V Nitrous Oxide Abatement Project,CAR,Completed,Chemical Processes,N2O Destruction in Nitric Acid Production,Reduction,North America,United States,PCS Nitrogen Fertilizer L.P.,2011.0,278731.0,7.45,AAA,No,No
CAR843,"Sunny Farms Landfill, LLC",CAR,Completed,Waste Management,Landfill Methane,Reduction,North America,United States,"Sunny Farms Landfill, LLC",2010.0,65793.0,4.71,A,No,No
CAR844,Sudbury Road Landfill Gas Destruction Project,CAR,Completed,Waste Management,Landfill Methane,Reduction,North America,United States,City of Walla Walla,2011.0,24645.0,4.86,AAA,No,No
CAR866,Cedar Grove - Maple Valley OWC Composting Project,CAR,Registered,Waste Management,Composting,Reduction,North America,United States,ClimeCo LLC,2008.0,60356.0,3.33,AA,No,No
CAR878,Bluff Road Landfill,CAR,Completed,Waste Management,Landfill Methane,Reduction,North America,United States,"City of Lincoln, NE",2011.0,63523.0,4.28,A,No,No
CAR880,Johnston County Landfill Project,CAR,Registered,Waste Management,Landfill Methane,Reduction,North America,United States,"Anew Environmental, LLC",2012.0,126707.0,4.4,AA,No,No
CAR881,Athens-Clarke County Landfill Project,CAR,Registered,Waste Management,Landfill Methane,Reduction,North America,United States,"Anew Environmental, LLC",2011.0,61390.0,4.31,,No,No
CAR888,Angelina County Landfill,CAR,Registered,Waste Management,Landfill Methane,Reduction,North America,United States,Angelina County,2011.0,15050.0,4.4,A,No,No
CAR911,Surry County Landfill,CAR,Registered,Waste Management,Landfill Methane,Reduction,North America,United States,"Barnabas Investment Group, LLC",2013.0,91641.0,4.45,A,No,No
CAR917,Orange County NC Landfill Gas Project,CAR,Registered,Waste Management,Landfill Methane,Reduction,North America,United States,The University of North Carolina at Chapel Hill,2012.0,365772.0,5.03,BBB,No,No
CAR920,Rockingham County NC Landfill Gas Project,CAR,Completed,Waste Management,Landfill Methane,Reduction,North America,United States,Rockingham County,2012.0,18340.0,3.3,A,No,No
CAR955,EOS Article 5 - Nepal,CAR,Completed,Chemical Processes,Ozone Depleting Substances Recovery & Destruction,Reduction,North America,United States,EOS Climate Inc.,2013.0,50891.0,8.86,A,No,No
CAR969,Dairyland Digester,CAR,Completed,Agriculture,Manure Methane Digester,Reduction,North America,United States,"CI Score Solution, LLC",2014.0,59904.0,5.57,AAA,No,No
CAR972,DPC Domestic ODS Destruction Project #9,CAR,Completed,Chemical Processes,Ozone Depleting Substances Recovery & Destruction,Reduction,North America,United States,"Diversified Pure Chem, LLC",2012.0,34107.0,4.9,A,No,No
CAR973,Blue Source - Bishop Improved Forest Management Project,CAR,Registered,Forestry & Land Use,Improved Forest Management,Mixed,North America,United States,"Anew Carbon Development, LLC",2013.0,263003.0,8.18,B,Yes,No
CAR975,DPC Domestic ODS Destruction Project #10,CAR,Completed,Chemical Processes,Ozone Depleting Substances Recovery & Destruction,Reduction,North America,United States,"Diversified Pure Chem, LLC",2012.0,31701.0,7.61,A,No,No
CAR982,Deer Run Digester,CAR,Completed,Agriculture,Manure Methane Digester,Reduction,North America,United States,"U.S. Venture, Inc.",2014.0,2342.0,7.44,BBB,No,No
CAR988,Farm Power Tillamook Regional Digester,CAR,Registered,Agriculture,Manure Methane Digester,Reduction,North America,United States,The Climate Trust,2012.0,9310.0,5.35,BBB,No,No
CAR989,Wakker Digester,CAR,Registered,Agriculture,Manure Methane Digester,Reduction,North America,United States,"CI Score Solution, LLC",2014.0,16463.0,6.41,AA,No,No
CAR993,Yurok Tribe/Forest Carbon Partners CKGG Improved Forest Management Project,CAR,Registered,Forestry & Land Use,Improved Forest Management,Mixed,North America,United States,Yurok Tribe,2013.0,159033.0,13.46,B,Yes,No
CAR996,Farm Power Misty Meadow Anaerobic Digester,CAR,Registered,Agriculture,Manure Methane Digester,Reduction,North America,United States,The Climate Trust,2013.0,16799.0,5.63,AA,No,No
CAR997,Blue Mountain Biogas,CAR,Completed,Agriculture,Manure Methane Digester,Reduction,North America,United States,"3Degrees Group, Inc",2013.0,11156.0,6.96,AA,No,No
CAR998,Maas Energy Works Van Warmerdam Dairy Digester,CAR,Completed,Agriculture,Manure Methane Digester,Reduction,North America,United States,"Maas Energy Works, Inc.",2013.0,2138.0,8.55,,No,No
CAR1002,Ideal Family Farms Digester Project,CAR,Completed,Agriculture,Manure Methane Digester,Reduction,North America,United States,"Native, a Public Benefit Corporation",2014.0,1339.0,8.36,AAA,No,No
CAR1004,Finite Carbon - Berry Summit,CAR,Completed,Forestry & Land Use,Improved Forest Management,Mixed,North America,United States,"Berry Summit, LLC",2013.0,45928.0,11.03,A,Yes,Yes
CAR1008,Washington Beef LLC Greenhouse Gas and Solids Reduction Project,CAR,Registered,Waste Management,Methane Recovery in Wastewater,Reduction,North America,United States,"Washington Beef, LLC",2013.0,35538.0,4.27,AA,No,No
CAR1013,Buckeye Forest Project,CAR,Registered,Forestry & Land Use,Improved Forest Management,Mixed,North America,United States,The Conservation Fund,2014.0,162764.0,19.28,B,Yes,No
CAR1015,Rips Redwoods,CAR,Registered,Forestry & Land Use,Improved Forest Management,Mixed,North America,United States,"Rips Redwoods, LLC",2013.0,47013.0,16.84,BBB,Yes,No
CAR1019,LA PERSEVERANCIA BIOGAS PLANT,CAR,Registered,Waste Management,Landfill Methane,Reduction,Latin America and the Caribbean,Mexico,Energía Renovable de Cuautla S.A. de C.V.,2016.0,28488.0,6.71,A,No,No
CAR1027,"Rentech Nitrogen, LLC - Nitric Acid Plant 2",CAR,Registered,Chemical Processes,N2O Destruction in Nitric Acid Production,Reduction,North America,United States,"East Dubuque Nitrogen Fertilizers, LLC",2013.0,233205.0,7.18,BBB,No,No
CAR1032,Virginia Highlands I,CAR,Registered,Forestry & Land Use,Improved Forest Management,Mixed,North America,United States,The Nature Conservancy,2013.0,3962.0,9.38,B,Yes,No
CAR1041,Sacramento Canyon ARB001,CAR,Completed,Forestry & Land Use,Improved Forest Management,Mixed,North America,United States,Sierra Pacific Industries,2015.0,161346.0,14.71,BB,Yes,Yes
CAR1050,Lawton GCCS,CAR,Registered,Waste Management,Landfill Methane,Reduction,North America,United States,City of Lawton,2013.0,27395.0,3.48,A,No,No
CAR1062,Finite Carbon - Shannondale Tree Farm,CAR,Registered,Forestry & Land Use,Improved Forest Management,Mixed,North America,United States,"Shannondale Carbon, LLC",2016.0,23852.0,12.34,BB,Yes,Yes
CAR1063,Farm Cove Community Forest,CAR,Registered,Forestry & Land Use,Improved Forest Management,Mixed,North America,United States,Downeast Lakes Land Trust,2015.0,25353.0,13.84,,Yes,Yes
CAR1066,Buck Mountain ARB002,CAR,Completed,Forestry & Land Use,Improved Forest Management,Mixed,North America,United States,Sierra Pacific Industries,2015.0,68524.0,13.12,BB,Yes,Yes
CAR1070,Phase 1 Sustainable Forest Project,CAR,Registered,Forestry & Land Use,Improved Forest Management,Mixed,North America,United States,Yurok Tribe,2016.0,789846.0,11.87,A,Yes,No
CAR1086,Finite Carbon - Potlatch Moro Big Pine CE IFM,CAR,Registered,Forestry & Land Use,Improved Forest Management,Mixed,North America,United States,"PotlatchDeltic Forest Holdings, Inc",2014.0,84540.0,15.35,BB,Yes,No
CAR1095,Brushy Mountain,CAR,Registered,Forestry & Land Use,Improved Forest Management,Mixed,North America,United States,"Coastal Forestlands, LTD., a California Limited Partnership",2014.0,407238.0,12.87,A,Yes,No
CAR1096,Lenz Composting,CAR,Registered,Waste Management,Composting,Reduction,North America,United States,ClimeCo LLC,2014.0,13261.0,5.44,AA,No,No
CAR1098,Garcia River Forest - ARB,CAR,Registered,Forestry & Land Use,Improved Forest Management,Mixed,North America,United States,The Conservation Fund,2016.0,566130.0,12.82,BB,Yes,No
CAR1099,Gualala River Forest - ARB,CAR,Registered,Forestry & Land Use,Improved Forest Management,Mixed,North America,United States,Hayfield Creek LLC,2016.0,267531.0,14.34,AA,Yes,No
CAR1100,Big River / Salmon Creek Forests - ARB,CAR,Registered,Forestry & Land Use,Improved Forest Management,Mixed,North America,United States,The Conservation Fund,2016.0,249861.0,10.24,BB,Yes,Yes
CAR1102,Montesol - Forest Carbon Partners Improved Forest Management Project,CAR,Registered,Forestry & Land Use,Improved Forest Management,Mixed,North America,United States,Montesol LLC,2016.0,19374.0,21.13,BB,Yes,Yes
CAR1103,Forest Carbon Partners -- Glass Ranch Improved Forest Management Project,CAR,Registered,Forestry & Land Use,Improved Forest Management,Mixed,North America,United States,"Baldwin, Blomstrom, Wilkinson and Associates, Inc.",2015.0,100246.0,19.87,BBB,Yes,No
CAR1104,Gabrych Ranch Improved Forest Management Project,CAR,Registered,Forestry & Land Use,Improved Forest Management,Mixed,North America,United States,GM Gabrych Family L.P,2015.0,43619.0,10.55,CCC,Yes,No
CAR1105,American Soda LLC Waste Mine Methane Project,CAR,Registered,Industrial & Commercial,Mine Methane Capture,Reduction,North America,United States,American Soda LLC,2015.0,974383.0,6.97,A,No,No
CAR1106,Green Valley Dairy Methane Reduction Project,CAR,Completed,Agriculture,Manure Methane Digester,Reduction,North America,United States,"3Degrees Group, Inc",2016.0,1445.0,8.78,AAA,No,No
CAR1109,Green Assets – Woodlands Nature Reserve Avoided Conversion Project,CAR,Registered,Forestry & Land Use,Avoided Forest Conversion,Reduction,North America,United States,"Woodlands Nature Reserve, LLC",2015.0,18795.0,9.72,BB,Yes,No
CAR1110,Backbone,CAR,Registered,Forestry & Land Use,Improved Forest Management,Mixed,North America,United States,Sierra Pacific Industries,2019.0,230094.0,19.22,,Yes,No
CAR1120,Fair Oaks Dairy Farm LLC GHD-Designed Digester,CAR,Completed,Agriculture,Manure Methane Digester,Reduction,North America,United States,"Camco Offsets I, LLC",2015.0,29865.0,8.07,AA,No,No
CAR1124,"Willow Point Dairy, LLC",CAR,Completed,Agriculture,Manure Methane Digester,Reduction,North America,United States,"Camco Offsets I, LLC",2015.0,16049.0,6.07,,No,No
CAR1132,OHE DM4-3,CAR,Completed,Agriculture,Manure Methane Digester,Reduction,North America,United States,"Align RNG Magnolia, LLC",2014.0,5145.0,8.27,A,No,No
CAR1133,OHE DM2-1,CAR,Completed,Agriculture,Manure Methane Digester,Reduction,North America,United States,"Align RNG Magnolia, LLC",2014.0,1890.0,6.98,AA,No,No
CAR1136,CalBio ORRD Project,CAR,Registered,Agriculture,Manure Methane Digester,Reduction,North America,United States,ABEC Bidart-Old River LLC,2017.0,138196.0,7.4,AAA,No,No
CAR1138,Sunnyside Farms COP,CAR,Completed,Agriculture,Manure Methane Digester,Reduction,North America,United States,ClimeCo LLC,2016.0,82135.0,7.48,AA,No,No
CAR1139,Usal Redwood Forest - IFM,CAR,Registered,Forestry & Land Use,Improved Forest Management,Mixed,North America,United States,"Usal Redwood Forest Company, LLC",2015.0,1144544.0,14.35,B,Yes,No
CAR1140,Willits Woods IFM,CAR,Registered,Forestry & Land Use,Improved Forest Management,Mixed,North America,United States,Green Diamond Resource Company,2015.0,610186.0,9.3,CCC,Yes,Yes
CAR1141,Van Eck Forest,CAR,Registered,Forestry & Land Use,Improved Forest Management,Mixed,North America,United States,Fred M Van Eck Forest Foundation for Purdue University,2016.0,21382.0,14.41,B,Yes,No
CAR1142,Fiscalini Farms Anaerobic Digester,CAR,Completed,Agriculture,Manure Methane Digester,Reduction,North America,United States,"Fiscalini Properties, L.P.",2015.0,15027.0,6.45,AAA,No,No
CAR1145,"Storms Hog Power, LLC",CAR,Registered,Agriculture,Manure Methane Digester,Reduction,North America,United States,"Camco Offsets I, LLC",2015.0,32684.0,6.25,BBB,No,No
CAR1152,Aurora Ridge Dairy,CAR,Registered,Agriculture,Manure Methane Digester,Reduction,North America,United States,"Aurora Ridge Dairy, LLC",2014.0,18101.0,7.18,AA,No,No
CAR1161,SIG Carbon– Northeast Wilderness Trust – Howland Research Forest,CAR,Registered,Forestry & Land Use,Improved Forest Management,Mixed,North America,United States,Northeast Wilderness Trust,2017.0,4978.0,14.36,AAA,Yes,No
CAR1162,SIG Carbon - Northeast Wilderness Trust - Alder Stream Preserve,CAR,Registered,Forestry & Land Use,Improved Forest Management,Mixed,North America,United States,Northeast Wilderness Trust,2017.0,6794.0,16.1,BBB,Yes,No
CAR1173,Forest Carbon Partners - Berea College Improved Forest Management Project,CAR,Registered,Forestry & Land Use,Improved Forest Management,Mixed,North America,United States,Berea College,2017.0,13047.0,16.85,AA,Yes,No
CAR1174,Forest Carbon Partners -- Eddie Ranch Improved Forest Management Project,CAR,Registered,Forestry & Land Use,Improved Forest Management,Mixed,North America,United States,"Baldwin, Blomstrom, Wilkinson and Associates, Inc.",2017.0,6574.0,12.74,A,Yes,Yes
CAR1175,Finite Carbon - Passamaquoddy Tribe IFM,CAR,Registered,Forestry & Land Use,Improved Forest Management,Mixed,North America,United States,Passamaquoddy Joint Tribal Council,2015.0,266281.0,12.11,B,Yes,Yes
CAR1177,"Pixley Biogas, LLC",CAR,Completed,Agriculture,Manure Methane Digester,Reduction,North America,United States,"Pixley Biogas, LLC",2015.0,4594.0,5.51,AA,No,No
CAR1178,Open Sky Ranch Dairy Digester,CAR,Completed,Agriculture,Manure Methane Digester,Reduction,North America,United States,"Maas Energy Works, Inc.",2016.0,22684.0,6.44,A,No,No
CAR1180,Mailliard Ranch,CAR,Registered,Forestry & Land Use,Improved Forest Management,Mixed,North America,United States,"Mailliard Ranch, a California Limited Partnership",2016.0,177596.0,17.14,A,Yes,No
CAR1183,Forest Carbon Partners - Mescalero Apache Tribe Improved Forest Management Project,CAR,Registered,Forestry & Land Use,Improved Forest Management,Mixed,North America,United States,"Steigerwaldt Land Services, Inc.",2016.0,190972.0,16.07,,Yes,Yes
CAR1190,Greenwood Creek,CAR,Registered,Forestry & Land Use,Improved Forest Management,Mixed,North America,United States,"Mendocino Redwood Company, LLC",2017.0,408964.0,9.91,BBB,Yes,No
CAR1191,Hollow Tree,CAR,Registered,Forestry & Land Use,Improved Forest Management,Mixed,North America,United States,"Mendocino Redwood Company, LLC",2016.0,325837.0,11.42,CCC,Yes,No
CAR1197,Finite Carbon - Upper Hudson Woodlands ATP IFM,CAR,Registered,Forestry & Land Use,Improved Forest Management,Mixed,North America,United States,TimberLink LLC,2017.0,36101.0,15.58,BB,Yes,No
CAR1204,Finite Carbon - AMC Silver Lake IFM,CAR,Registered,Forestry & Land Use,Improved Forest Management,Mixed,North America,United States,AMC Maine Woods Initiative LLC,2017.0,8370.0,7.68,B,Yes,No
CAR1205,Finite Carbon - Lyme Logan IFM,CAR,Registered,Forestry & Land Use,Improved Forest Management,Mixed,North America,United States,Lyme Mountaineer Forest Holdings LLC,2018.0,81711.0,12.72,BB,Yes,No
CAR1206,Wapiti Woods I,CAR,Completed,Forestry & Land Use,Improved Forest Management,Mixed,North America,United States,"Anew Carbon Development, LLC",2018.0,260576.0,11.02,B,Yes,No
CAR1208,Finite Carbon - Alma Land Company IFM,CAR,Registered,Forestry & Land Use,Improved Forest Management,Mixed,North America,United States,Alma Land Company,2017.0,104288.0,13.6,BBB,Yes,Yes
CAR1209,Blue Source-Wolf River Improved Forest Management Project,CAR,Registered,Forestry & Land Use,Improved Forest Management,Mixed,North America,United States,"Anew Carbon Development, LLC",2017.0,28840.0,8.39,B,Yes,Yes
CAR1215,CF Ataya IFM,CAR,Registered,Forestry & Land Use,Improved Forest Management,Mixed,North America,United States,The Nature Conservancy,2017.0,48501.0,11.35,CCC,Yes,No
CAR1217,Finite Carbon - West Grand Lake IFM,CAR,Registered,Forestry & Land Use,Improved Forest Management,Mixed,North America,United States,Downeast Lakes Land Trust,2015.0,22666.0,11.68,BB,Yes,Yes
CAR1233,Port of Tillamook Bay Regional Anaerobic Digester,CAR,Registered,Agriculture,Manure Methane Digester,Reduction,North America,United States,"3Degrees Group, Inc",2016.0,5078.0,4.48,AA,No,No
CAR1237,Raven's Nest Nature Preserve,CAR,Registered,Forestry & Land Use,Avoided Grassland Conversion,Reduction,North America,United States,Southern Plains Land Trust,2015.0,1066.0,12.81,A,Yes,No
CAR1238,Heartland Ranch Phase 1,CAR,Registered,Forestry & Land Use,Avoided Grassland Conversion,Reduction,North America,United States,Southern Plains Land Trust,2016.0,6164.0,12.98,BBB,Yes,No
CAR1246,Woodcrest Dairy Digester,CAR,Registered,Agriculture,Manure Methane Digester,Reduction,North America,United States,"Camco Offsets I, LLC",2017.0,14482.0,8.03,,No,No
CAR1247,Bluesource - Carroll Avoided Grassland Conversion Project,CAR,Registered,Forestry & Land Use,Avoided Grassland Conversion,Reduction,North America,United States,"Anew Carbon Development, LLC",2016.0,18189.0,9.47,BBB,Yes,No
CAR1252,A-Gas Americas 2017-2,CAR,Completed,Chemical Processes,Ozone Depleting Substances Recovery & Destruction,Reduction,North America,United States,Reclamation Technologies Inc.,2017.0,99000.0,9.41,AAA,No,No
CAR1257,Finite Carbon - Rowland IFM,CAR,Registered,Forestry & Land Use,Improved Forest Management,Mixed,North America,United States,Rowland Land Company,2018.0,74899.0,14.63,A,Yes,No
CAR1259,Lightning Creek Ranch,CAR,Registered,Forestry & Land Use,Avoided Grassland Conversion,Reduction,North America,United States,Climate Trust Capital Fund I LP,2017.0,13700.0,14.2,BBB,Yes,No
CAR1261,May Ranch Avoided Grassland Conversion,CAR,Registered,Forestry & Land Use,Avoided Grassland Conversion,Reduction,North America,United States,"Ducks Unlimited, Inc.",2016.0,15739.0,14.11,AA,Yes,No
CAR1264,Chugach Alaska Forest Carbon Project,CAR,Registered,Forestry & Land Use,Improved Forest Management,Mixed,North America,United States,Chugach Alaska Corporation,2018.0,335160.0,11.14,CCC,Yes,Yes
CAR1265,Verwey Hanford Dairy Digester,CAR,Registered,Agriculture,Manure Methane Digester,Reduction,North America,United States,Philip Verwey Farms,2017.0,359779.0,7.2,,No,No
CAR1274,Lawnhurst Farms Methane Reduction Project,CAR,Completed,Agriculture,Manure Methane Digester,Reduction,North America,United States,"3Degrees Group, Inc",2019.0,7345.0,8.2,A,No,No
CAR1275,Chaput Family Farms,CAR,Registered,Agriculture,Manure Methane Digester,Reduction,North America,United States,"Ag Methane Advisors, LLC",2019.0,20039.0,6.86,,No,No
CAR1280,ClimeCo ODS Destruction 25,CAR,Completed,Chemical Processes,Ozone Depleting Substances Recovery & Destruction,Reduction,North America,United States,ClimeCo LLC,2018.0,1118.0,10.66,AAA,No,No
CAR1281,Four Hills Farm,CAR,Registered,Agriculture,Manure Methane Digester,Reduction,North America,United States,"Ag Methane Advisors, LLC",2019.0,23098.0,7.69,AA,No,No
CAR1284,BNW Ranch,CAR,Registered,Forestry & Land Use,Avoided Grassland Conversion,Reduction,North America,United States,Climate Trust Capital Fund I LP,2017.0,10528.0,12.08,,Yes,No
CAR1289,Irony,CAR,Completed,Chemical Processes,Ozone Depleting Substances Recovery & Destruction,Reduction,North America,United States,"Irony, LLC",2018.0,8330.0,7.96,A,No,No
CAR1291,Verwey Madera Dairy Digester,CAR,Registered,Agriculture,Manure Methane Digester,Reduction,North America,United States,Philip Verwey Farms,2019.0,80170.0,6.21,AAA,No,No
CAR1292,Forest Carbon Partners - Seldovia Native Association Forest Carbon Project,CAR,Registered,Forestry & Land Use,Improved Forest Management,Mixed,North America,United States,"Seldovia Native Association, Inc.",2019.0,328830.0,9.11,BB,Yes,No
CAR1293,Forest Carbon Partners - English Bay Corporation Forest Carbon Project,CAR,Registered,Forestry & Land Use,Improved Forest Management,Mixed,North America,United States,English Bay Corporation,2019.0,263593.0,8.94,B,Yes,No
CAR1295,A-Gas 2018-3,CAR,Completed,Chemical Processes,Ozone Depleting Substances Recovery & Destruction,Reduction,North America,United States,Reclamation Technologies Inc.,2018.0,4717.0,6.71,,No,No
CAR1296,A-Gas 2018-4,CAR,Completed,Chemical Processes,Ozone Depleting Substances Recovery & Destruction,Reduction,North America,United States,Reclamation Technologies Inc.,2018.0,1104.0,9.2,AAA,No,No
CAR1298,Adirondack Farms,CAR,Completed,Agriculture,Manure Methane Digester,Reduction,North America,United States,"Camco Offsets I, LLC",2019.0,41067.0,6.09,AA,No,No
CAR1299,Heartland Ranch Phase 2,CAR,Registered,Forestry & Land Use,Avoided Grassland Conversion,Reduction,North America,United States,Southern Plains Land Trust,2018.0,2349.0,11.81,A,Yes,No
CAR1300,ClimeCo ODS Destruction 26,CAR,Completed,Chemical Processes,Ozone Depleting Substances Recovery & Destruction,Reduction,North America,United States,ClimeCo LLC,2018.0,1080.0,9.46,AAA,No,No
CAR1309,ClimeCo ODS Destruction 29,CAR,Completed,Chemical Processes,Ozone Depleting Substances Recovery & Destruction,Reduction,North America,United States,ClimeCo LLC,2018.0,23000.0,5.35,AAA,No,No
CAR1310,ClimeCo ODS Destruction 30,CAR,Completed,Chemical Processes,Ozone Depleting Substances Recovery & Destruction,Reduction,North America,United States,ClimeCo LLC,2018.0,45344.0,8.64,AAA,No,No
CAR1311,A-Gas 2018-8,CAR,Completed,Chemical Processes,Ozone Depleting Substances Recovery & Destruction,Reduction,North America,United States,Reclamation Technologies Inc.,2018.0,106515.0,13.9,AAA,No,No
CAR1312,A-Gas 2018-9,CAR,Completed,Chemical Processes,Ozone Depleting Substances Recovery & Destruction,Reduction,North America,United States,Reclamation Technologies Inc.,2018.0,43485.0,8.82,AAA,No,No
CAR1314,Finite Carbon - Spokane Tribe of Indians IFM,CAR,Registered,Forestry & Land Use,Improved Forest Management,Mixed,North America,United States,Spokane Tribe of Indians,2019.0,166041.0,11.86,B,Yes,No
CAR1315,West Star North Dairy,CAR,Registered,Agriculture,Manure Methane Digester,Reduction,North America,United States,"California Bioenergy, LLC",2019.0,162414.0,6.3,A,No,No
CAR1316,Lakeview Farms Dairy,CAR,Registered,Agriculture,Manure Methane Digester,Reduction,North America,United States,"California Bioenergy, LLC",2019.0,122216.0,5.42,A,No,No
CAR1317,CE&S Dairy,CAR,Registered,Agriculture,Manure Methane Digester,Reduction,North America,United States,"California Bioenergy, LLC",2019.0,132960.0,7.49,AAA,No,No
CAR1321,Remley Family Farms Anaerobic Digester,CAR,Registered,Agriculture,Manure Methane Digester,Reduction,North America,United States,"3Degrees Group, Inc",2019.0,17865.0,11.22,A,No,No
CAR1324,AR-Joy Farm Dairy Digester,CAR,Registered,Agriculture,Manure Methane Digester,Reduction,North America,United States,"Native, a Public Benefit Corporation",2021.0,3735.0,11.75,AA,No,No
CAR1325,Captura de Carbono Forestal Ejido San Lucas,CAR,Registered,Forestry & Land Use,Improved Forest Management,Impermanent Removal,Latin America and the Caribbean,Mexico,TERRITORIOS RURALES SOSTENIBLES AC,2018.0,56459.0,9.09,CCC,Yes,No
CAR1327,Perfect Cycle ODS-4,CAR,Completed,Chemical Processes,Ozone Depleting Substances Recovery & Destruction,Reduction,North America,United States,"Perfect Score Too, LTD",2019.0,65097.0,8.34,AAA,No,No
CAR1328,Heartland Ranch Phase 3,CAR,Registered,Forestry & Land Use,Avoided Grassland Conversion,Reduction,North America,United States,Southern Plains Land Trust,2018.0,2538.0,14.75,A,Yes,No
CAR1329,Forest Carbon Partners - Hunter Ranch Improved Forest Management Project,CAR,Registered,Forestry & Land Use,Improved Forest Management,Mixed,North America,United States,"Baldwin, Blomstrom, Wilkinson and Associates, Inc.",2019.0,220440.0,13.01,CCC,Yes,No
CAR1330,Monte Rio Improved Forest Management Project,CAR,Registered,Forestry & Land Use,Improved Forest Management,Mixed,North America,United States,Bohemian Club,2019.0,189486.0,23.55,BBB,Yes,No
CAR1332,Lubrecht Experimental Forest Carbon Project,CAR,Registered,Forestry & Land Use,Improved Forest Management,Mixed,North America,United States,"Spatial Informatics Group, LLC",2019.0,156461.0,10.28,CCC,Yes,Yes
CAR1335,Coffeyville NAP2,CAR,Registered,Chemical Processes,N2O Destruction in Nitric Acid Production,Reduction,North America,United States,"ClimeCo Corp MCK NAP2, LLC.",2019.0,593929.0,9.78,AAA,No,No
CAR1336,TCT Birmingham IFM Project,CAR,Registered,Forestry & Land Use,Improved Forest Management,Mixed,North America,United States,"Twin Creeks Timber, LLC",2019.0,170232.0,12.75,BB,Yes,No
CAR1337,Two Fiets Digester,CAR,Registered,Agriculture,Manure Methane Digester,Reduction,North America,United States,"Maas Energy Works, Inc.",2020.0,26051.0,6.23,AA,No,No
CAR1339,Humboldt Mixed Forest Improvement Project,CAR,Registered,Forestry & Land Use,Improved Forest Management,Mixed,North America,United States,Peak Carbon LLC,2019.0,658811.0,9.67,BBB,Yes,No
CAR1340,"Optima KV, LLC",CAR,Registered,Agriculture,Manure Methane Digester,Reduction,North America,United States,"OptimaBio, LLC",2019.0,66610.0,7.53,AA,No,No
CAR1344,Reforesting the Land of the Jaguar,CAR,Registered,Forestry & Land Use,Afforestation/Reforestation,Impermanent Removal,Latin America and the Caribbean,Mexico,PLANALTO S.P.R. DE R.L.,2018.0,18163.0,28.9,BBB,Yes,No
CAR1347,Cima de Togo - ASRTulancingo,CAR,Registered,Forestry & Land Use,Improved Forest Management,Impermanent Removal,Latin America and the Caribbean,Mexico,"ASOCIACIÓN DE SILVICULTORES DE LA REGIÓN FORESTAL PACHUCA Y TULANCINGO, A.C.",2018.0,3432.0,16.82,BB,Yes,No
CAR1354,Las Puentes y Anexos - ASRTulancingo,CAR,Registered,Forestry & Land Use,Improved Forest Management,Impermanent Removal,Latin America and the Caribbean,Mexico,"ASOCIACIÓN DE SILVICULTORES DE LA REGIÓN FORESTAL PACHUCA Y TULANCINGO, A.C.",2018.0,2192.0,17.24,BBB,Yes,No
CAR1368,Pine Creek Improved Forest Management Project,CAR,Registered,Forestry & Land Use,Improved Forest Management,Mixed,North America,United States,Hoopa Valley Tribe,2019.0,247866.0,15.81,A,Yes,No
CAR1372,Rochelle Municipal Landfill,CAR,Registered,Waste Management,Landfill Methane,Reduction,North America,United States,"Anew Environmental, LLC",2018.0,257898.0,5.27,AA,No,No
CAR1373,Finite Carbon - Stevenson AL IFM,CAR,Registered,Forestry & Land Use,Improved Forest Management,Mixed,North America,United States,Lyme Skyline Forest Company LLC,2020.0,8046.0,20.57,BBB,Yes,No
CAR1374,Finite Carbon - Stevenson TN IFM,CAR,Registered,Forestry & Land Use,Improved Forest Management,Mixed,North America,United States,Lyme Skyline Forest Company LLC,2020.0,10197.0,10.25,A,Yes,No
CAR1376,ClimeCo ODS Destruction 32,CAR,Completed,Chemical Processes,Ozone Depleting Substances Recovery & Destruction,Reduction,North America,United States,ClimeCo LLC,2019.0,96280.0,11.74,AAA,No,No
CAR1381,RBS 2019,CAR,Registered,Forestry & Land Use,Improved Forest Management,Mixed,North America,United States,Sierra Pacific Industries,2021.0,1197792.0,15.91,BB,Yes,No
CAR1382,Cohasset 2019,CAR,Registered,Forestry & Land Use,Improved Forest Management,Mixed,North America,United States,Sierra Pacific Industries,2020.0,84941.0,11.21,,Yes,No
CAR1384,Mosquito 2019,CAR,Registered,Forestry & Land Use,Improved Forest Management,Mixed,North America,United States,Sierra Pacific Industries,2020.0,453826.0,15.87,BB,Yes,No
CAR1391,Finite Carbon - Lyme Wisconsin IFM,CAR,Registered,Forestry & Land Use,Improved Forest Management,Mixed,North America,United States,Lyme Wisconsin Timberlands LLC,2020.0,5407.0,10.18,BBB,Yes,No
CAR1401,ClimeCo ODS Destruction 33,CAR,Completed,Chemical Processes,Ozone Depleting Substances Recovery & Destruction,Reduction,North America,United States,ClimeCo LLC,2020.0,118394.0,10.99,AAA,No,No
CAR1408,Lassen,CAR,Registered,Forestry & Land Use,Improved Forest Management,Mixed,North America,United States,Sierra Pacific Industries,2021.0,421223.0,14.86,B,Yes,No
CAR1409,Martell,CAR,Registered,Forestry & Land Use,Improved Forest Management,Mixed,North America,United States,Sierra Pacific Industries,2021.0,1017753.0,12.54,B,Yes,No
CAR1412,A-Gas UCSD1,CAR,Registered,Chemical Processes,Ozone Depleting Substances Recovery & Destruction,Reduction,North America,United States,Reclamation Technologies Inc.,2020.0,24304.0,13.68,AAA,No,No
CAR1413,A-Gas 4-2020,CAR,Completed,Chemical Processes,Ozone Depleting Substances Recovery & Destruction,Reduction,North America,United States,Reclamation Technologies Inc.,2020.0,73727.0,6.1,AAA,No,No
CAR1425,Medford Spring Grassland Conservation,CAR,Registered,Forestry & Land Use,Avoided Grassland Conversion,Reduction,North America,United States,Southern Plains Land Trust,2020.0,13638.0,18.33,A,Yes,No
CAR1428,Manglares San Crisanto,CAR,Registered,Forestry & Land Use,Wetland Restoration,Impermanent Removal,Latin America and the Caribbean,Mexico,FUNDACION SAN CRISANTO,2018.0,3829.0,33.5,AA,Yes,No
CAR1436,Finite Carbon - Dingess Rum IFM,CAR,Registered,Forestry & Land Use,Improved Forest Management,Mixed,North America,United States,NRP (Operating) LLC,2021.0,12596.0,12.19,A,Yes,No
CAR1441,A-Gas 5-2020,CAR,Completed,Chemical Processes,Ozone Depleting Substances Recovery & Destruction,Reduction,North America,United States,Reclamation Technologies Inc.,2020.0,40822.0,8.91,AAA,No,No
CAR1442,Shasta Cascade Timberlands Forest Carbon Project,CAR,Registered,Forestry & Land Use,Improved Forest Management,Mixed,North America,United States,Shasta Cascade Timberlands LLC,2022.0,443344.0,12.42,AA,Yes,No
CAR1445,Captura de carbono forestal en la Comunidad de Rincón de Guadalupe,CAR,Registered,Forestry & Land Use,Improved Forest Management,Impermanent Removal,Latin America and the Caribbean,Mexico,TERRITORIOS RURALES SOSTENIBLES AC,2019.0,2258.0,10.33,BB,Yes,No
CAR1446,Captura de carbono forestal en el Ejido Corral de Piedra,CAR,Registered,Forestry & Land Use,Improved Forest Management,Impermanent Removal,Latin America and the Caribbean,Mexico,TERRITORIOS RURALES SOSTENIBLES AC,2019.0,4438.0,22.55,BB,Yes,No
CAR1447,Captura de carbono forestal en la comunidad de San Miguel Tenextepec,CAR,Registered,Forestry & Land Use,Improved Forest Management,Impermanent Removal,Latin America and the Caribbean,Mexico,TERRITORIOS RURALES SOSTENIBLES AC,2019.0,3769.0,11.9,BBB,Yes,No
CAR1448,Captura de carbono forestal en el Ejido El Capulín,CAR,Registered,Forestry & Land Use,Improved Forest Management,Impermanent Removal,Latin America and the Caribbean,Mexico,TERRITORIOS RURALES SOSTENIBLES AC,2019.0,14522.0,14.11,BB,Yes,No
CAR1449,Captura de carbono forestal en la comunidad de Santa María y sus Barrios,CAR,Registered,Forestry & Land Use,Improved Forest Management,Impermanent Removal,Latin America and the Caribbean,Mexico,TERRITORIOS RURALES SOSTENIBLES AC,2019.0,4613.0,17.22,B,Yes,No
CAR1450,Captura de carbono forestal en el Ejido San Jerónimo,CAR,Registered,Forestry & Land Use,Improved Forest Management,Impermanent Removal,Latin America and the Caribbean,Mexico,TERRITORIOS RURALES SOSTENIBLES AC,2019.0,10035.0,13.13,B,Yes,No
CAR1451,Captura de carbono forestal en el Ejido San Juan,CAR,Registered,Forestry & Land Use,Improved Forest Management,Impermanent Removal,Latin America and the Caribbean,Mexico,TERRITORIOS RURALES SOSTENIBLES AC,2019.0,6084.0,11.78,BB,Yes,No
CAR1453,Captura de carbono forestal en el  Ejido Rincón de Guadalupe,CAR,Registered,Forestry & Land Use,Improved Forest Management,Impermanent Removal,Latin America and the Caribbean,Mexico,TERRITORIOS RURALES SOSTENIBLES AC,2019.0,7764.0,13.44,CCC,Yes,No
CAR1454,Captura de carbono forestal en el Ejido El Potrero,CAR,Registered,Forestry & Land Use,Improved Forest Management,Impermanent Removal,Latin America and the Caribbean,Mexico,TERRITORIOS RURALES SOSTENIBLES AC,2019.0,5479.0,13.65,B,Yes,No
CAR1455,"Captura de carbono en los Bosques de la Comunidad Indígena Nuevo San Juan Parangaricutiro, México.",CAR,Registered,Forestry & Land Use,Improved Forest Management,Impermanent Removal,Latin America and the Caribbean,Mexico,"SERVICIO Y CONSULTORIA AMBIENTAL Y FORESTAL, S. DE .R.L. DE C.V.",2020.0,75202.0,12.63,AA,Yes,No
CAR1456,ClimeCo ODS Destruction 34,CAR,Completed,Chemical Processes,Ozone Depleting Substances Recovery & Destruction,Reduction,North America,United States,ClimeCo LLC,2020.0,127338.0,9.69,AAA,No,No
CAR1459,Indigo U.S. Project No.1,CAR,Registered,Agriculture,Sustainable Agriculture,Mixed,North America,United States,Indigo Carbon PBC,2018.0,1374585.0,10.96,,Yes,No
CAR1480,Phlogiston Phase I,CAR,Registered,Chemical Processes,N2O Destruction in Adipic Acid Production,Reduction,North America,United States,Ascend Performance Materials Operations LLC,2021.0,13516731.0,7.58,BB,No,No
CAR1481,A-Gas 2-2021,CAR,Completed,Chemical Processes,Ozone Depleting Substances Recovery & Destruction,Reduction,North America,United States,Reclamation Technologies Inc.,2021.0,20877.0,10.03,,No,No
CAR1486,"CAPTURA DE CARBONO EN EL BOSQUE DE LA SOCIEDAD DE SOLIDARIDAD SOCIAL PIEDRA CANTEADA, NANACAMILPA  DE MARIANO  ARISTA, TLAXCALA,MEXICO",CAR,Registered,Forestry & Land Use,Improved Forest Management,Impermanent Removal,Latin America and the Caribbean,Mexico,"SERVICIO Y CONSULTORIA AMBIENTAL Y FORESTAL, S. DE .R.L. DE C.V.",2021.0,7997.0,19.76,BB,Yes,No
CAR1493,A-Gas 3-2021,CAR,Completed,Chemical Processes,Ozone Depleting Substances Recovery & Destruction,Reduction,North America,United States,Reclamation Technologies Inc.,2021.0,62062.0,8.52,AAA,No,No
CAR1494,Ejido Topia,CAR,Registered,Forestry & Land Use,Improved Forest Management,Impermanent Removal,Latin America and the Caribbean,Mexico,"Unidad de Conservación y Desarrollo Forestal Integral, Topia S.C.",2020.0,31835.0,11.07,BB,Yes,No
CAR1495,Ejido Valle de Topia,CAR,Registered,Forestry & Land Use,Improved Forest Management,Impermanent Removal,Latin America and the Caribbean,Mexico,"Unidad de Conservación y Desarrollo Forestal Integral, Topia S.C.",2020.0,74794.0,13.92,,Yes,No
CAR1496,Comunidad Rio y Papudos,CAR,Registered,Forestry & Land Use,Improved Forest Management,Impermanent Removal,Latin America and the Caribbean,Mexico,"Unidad de Conservación y Desarrollo Forestal Integral, Topia S.C.",2020.0,71529.0,15.81,BB,Yes,No
CAR1497,Ejido Salto de Camellones,CAR,Registered,Forestry & Land Use,Improved Forest Management,Impermanent Removal,Latin America and the Caribbean,Mexico,"Unidad de Conservación y Desarrollo Forestal Integral, Topia S.C.",2020.0,160104.0,18.84,BB,Yes,No
CAR1499,Ejido Las Vigas,CAR,Registered,Forestry & Land Use,Improved Forest Management,Impermanent Removal,Latin America and the Caribbean,Mexico,SENDAS AC,2020.0,3112.0,15.66,A,Yes,No
CAR1500,Ejido Tonalaco,CAR,Registered,Forestry & Land Use,Improved Forest Management,Impermanent Removal,Latin America and the Caribbean,Mexico,SENDAS AC,2020.0,1677.0,12.51,BBB,Yes,No
CAR1505,Proyecto forestal de carbono del Ejido Pioneros de Río Xhon - Ha,CAR,Registered,Forestry & Land Use,Improved Forest Management,Impermanent Removal,Latin America and the Caribbean,Mexico,Forest Rangers Alliance,2020.0,1026.0,12.53,AA,Yes,No
CAR1507,Proyecto forestal de carbono del Ejido Xbonil,CAR,Registered,Forestry & Land Use,Improved Forest Management,Impermanent Removal,Latin America and the Caribbean,Mexico,Forest Rangers Alliance,2020.0,6030.0,11.37,AA,Yes,No
CAR1508,Bonos Comunitarios CO2-El Naranjal,CAR,Registered,Forestry & Land Use,Improved Forest Management,Impermanent Removal,Latin America and the Caribbean,Mexico,SESISA,2020.0,11728.0,15.37,,Yes,No
CAR1509,Bonos Comunitarios CO2-Candelaria II,CAR,Registered,Forestry & Land Use,Improved Forest Management,Impermanent Removal,Latin America and the Caribbean,Mexico,SESISA,2020.0,16442.0,11.57,BB,Yes,No
CAR1510,Bonos Comunitarios CO2-San Antonio Tuk,CAR,Registered,Forestry & Land Use,Improved Forest Management,Impermanent Removal,Latin America and the Caribbean,Mexico,SESISA,2020.0,13823.0,13.69,BBB,Yes,No
CAR1513,AgriCapture US Rice Methane Project,CAR,Registered,Agriculture,Sustainable Agriculture,Mixed,North America,United States,AgriCapture Inc,2019.0,126481.0,15.49,CCC,No,No
CAR1514,Carbono Petcacab,CAR,Registered,Forestry & Land Use,Improved Forest Management,Impermanent Removal,Latin America and the Caribbean,Mexico,Celso Vidal Chan Rivas,2020.0,41651.0,13.22,BB,Yes,No
CAR1515,ClimeCo ODS Destruction 35,CAR,Completed,Chemical Processes,Ozone Depleting Substances Recovery & Destruction,Reduction,North America,United States,ClimeCo LLC,2021.0,120810.0,9.75,AAA,No,No
CAR1517,Two Fiets Digester,CAR,Registered,Agriculture,Manure Methane Digester,Reduction,North America,United States,"Maas Energy Works, Inc.",2020.0,28558.0,7.44,BBB,No,No
CAR1521,Captura de carbono forestal en el ejido San Francisco Oxtotilpan,CAR,Registered,Forestry & Land Use,Improved Forest Management,Impermanent Removal,Latin America and the Caribbean,Mexico,TERRITORIOS RURALES SOSTENIBLES AC,2020.0,51338.0,11.93,B,Yes,No
CAR1522,Captura de carbono forestal en el ejido Amanalco de Becerra,CAR,Registered,Forestry & Land Use,Improved Forest Management,Impermanent Removal,Latin America and the Caribbean,Mexico,TERRITORIOS RURALES SOSTENIBLES AC,2020.0,32557.0,13.45,A,Yes,No
CAR1523,Captura de carbono forestal en el ejido San Miguel Tenextepec,CAR,Registered,Forestry & Land Use,Improved Forest Management,Impermanent Removal,Latin America and the Caribbean,Mexico,TERRITORIOS RURALES SOSTENIBLES AC,2020.0,33810.0,16.56,BB,Yes,No
CAR1524,Captura de carbono forestal en los Bienes Comunales de San Miguel Ixtapan,CAR,Registered,Forestry & Land Use,Improved Forest Management,Impermanent Removal,Latin America and the Caribbean,Mexico,TERRITORIOS RURALES SOSTENIBLES AC,2020.0,31409.0,10.82,BB,Yes,No
CAR1525,Captura de carbono forestal en los Bienes Comunales de San Miguel Xoltepec,CAR,Registered,Forestry & Land Use,Improved Forest Management,Impermanent Removal,Latin America and the Caribbean,Mexico,TERRITORIOS RURALES SOSTENIBLES AC,2020.0,4440.0,19.65,B,Yes,No
CAR1526,Captura de carbono forestal en el ejido Nuevo San Juan Atezcapan,CAR,Registered,Forestry & Land Use,Improved Forest Management,Impermanent Removal,Latin America and the Caribbean,Mexico,TERRITORIOS RURALES SOSTENIBLES AC,2020.0,3412.0,15.82,CCC,Yes,No
CAR1527,Captura de carbono forestal en el ejido San Miguel Sultepec,CAR,Registered,Forestry & Land Use,Improved Forest Management,Impermanent Removal,Latin America and the Caribbean,Mexico,TERRITORIOS RURALES SOSTENIBLES AC,2020.0,4497.0,16.43,CCC,Yes,No
CAR1528,Captura de carbono forestal en el ejido La Candelaria,CAR,Registered,Forestry & Land Use,Improved Forest Management,Impermanent Removal,Latin America and the Caribbean,Mexico,TERRITORIOS RURALES SOSTENIBLES AC,2020.0,4224.0,12.95,B,Yes,No
CAR1529,Captura de carbono forestal en el ejido Capilla Vieja,CAR,Registered,Forestry & Land Use,Improved Forest Management,Impermanent Removal,Latin America and the Caribbean,Mexico,TERRITORIOS RURALES SOSTENIBLES AC,2020.0,3472.0,11.85,B,Yes,No
CAR1535,P. P. La Pinzión,CAR,Registered,Forestry & Land Use,Improved Forest Management,Impermanent Removal,Latin America and the Caribbean,Mexico,Bioforestal Innovación Sustentable S.C.,2020.0,1218.0,16.56,,Yes,No
CAR1536,P. P. Peña del gato,CAR,Registered,Forestry & Land Use,Improved Forest Management,Impermanent Removal,Latin America and the Caribbean,Mexico,Bioforestal Innovación Sustentable S.C.,2020.0,1740.0,23.24,B,Yes,No
CAR1537,P. P. El Pelón,CAR,Registered,Forestry & Land Use,Improved Forest Management,Impermanent Removal,Latin America and the Caribbean,Mexico,Bioforestal Innovación Sustentable S.C.,2020.0,13465.0,18.2,,Yes,No
CAR1539,P.P. El Tecolote,CAR,Registered,Forestry & Land Use,Improved Forest Management,Impermanent Removal,Latin America and the Caribbean,Mexico,Bioforestal Innovación Sustentable S.C.,2020.0,1063.0,12.23,B,Yes,No
CAR1542,Ejido Atopixco,CAR,Registered,Forestry & Land Use,Improved Forest Management,Impermanent Removal,Latin America and the Caribbean,Mexico,Bioforestal Innovación Sustentable S.C.,2019.0,8269.0,9.38,B,Yes,No
CAR1543,Ejido Malila,CAR,Registered,Forestry & Land Use,Improved Forest Management,Impermanent Removal,Latin America and the Caribbean,Mexico,Bioforestal Innovación Sustentable S.C.,2020.0,4788.0,13.39,,Yes,No
CAR1544,Ejido Zacualtipán,CAR,Registered,Forestry & Land Use,Improved Forest Management,Impermanent Removal,Latin America and the Caribbean,Mexico,Bioforestal Innovación Sustentable S.C.,2020.0,9706.0,13.37,,Yes,No
CAR1545,Ejido La Selva,CAR,Registered,Forestry & Land Use,Improved Forest Management,Impermanent Removal,Latin America and the Caribbean,Mexico,Bioforestal Innovación Sustentable S.C.,2020.0,77439.0,11.81,,Yes,No
CAR1546,Bienes Comunales Santa Isabel Chalma,CAR,Registered,Forestry & Land Use,Improved Forest Management,Impermanent Removal,Latin America and the Caribbean,Mexico,Bioforestal Innovación Sustentable S.C.,2020.0,3162.0,12.11,,Yes,No
CAR1547,Bienes Comunales San Pedro Ecatzingo,CAR,Registered,Forestry & Land Use,Improved Forest Management,Impermanent Removal,Latin America and the Caribbean,Mexico,Bioforestal Innovación Sustentable S.C.,2020.0,6935.0,20.33,A,Yes,No
CAR1548,Ejido San Antonio de la Rinconada o Tlaltecahuacan,CAR,Registered,Forestry & Land Use,Improved Forest Management,Impermanent Removal,Latin America and the Caribbean,Mexico,Bioforestal Innovación Sustentable S.C.,2020.0,1570.0,12.58,BBB,Yes,No
CAR1551,Ejido Tlalmanalco,CAR,Registered,Forestry & Land Use,Improved Forest Management,Impermanent Removal,Latin America and the Caribbean,Mexico,Bioforestal Innovación Sustentable S.C.,2020.0,18376.0,15.43,BBB,Yes,No
CAR1552,Ejido San Martín Cuautlalpan,CAR,Registered,Forestry & Land Use,Improved Forest Management,Impermanent Removal,Latin America and the Caribbean,Mexico,Bioforestal Innovación Sustentable S.C.,2020.0,13150.0,18.51,BB,Yes,No
CAR1553,Bienes Comunales Santiago Cuautenco,CAR,Registered,Forestry & Land Use,Improved Forest Management,Impermanent Removal,Latin America and the Caribbean,Mexico,Bioforestal Innovación Sustentable S.C.,2020.0,5548.0,17.88,CCC,Yes,No
CAR1554,Lost Coast Forestlands Improved Forest Management Project,CAR,Registered,Forestry & Land Use,Improved Forest Management,Mixed,North America,United States,"Restoration Forestry, Inc.",2022.0,476447.0,19.3,,Yes,No
CAR1562,Hamptons Road Recovery Center,CAR,Registered,Waste Management,Landfill Methane,Reduction,North America,United States,"Anew Environmental, LLC",2021.0,52874.0,4.28,A,No,No
CAR1566,Ejido KM 120,CAR,Registered,Forestry & Land Use,Improved Forest Management,Impermanent Removal,Latin America and the Caribbean,Mexico,Toroto SAPI de CV,2021.0,171541.0,18.5,AA,Yes,No
CAR1567,NCPE Centauro del Norte,CAR,Registered,Forestry & Land Use,Improved Forest Management,Impermanent Removal,Latin America and the Caribbean,Mexico,Toroto SAPI de CV,2021.0,86847.0,10.18,AA,Yes,No
CAR1568,Laguna Om,CAR,Registered,Forestry & Land Use,Improved Forest Management,Impermanent Removal,Latin America and the Caribbean,Mexico,Toroto SAPI de CV,2021.0,335840.0,12.34,BBB,Yes,No
CAR1572,"CAPTURA DE CARBONO EN EL BOSQUE DE BIENES COMUNALES SAN JUAN CUAUHTEMOC,TLAHUAPAN,PUEBLA",CAR,Registered,Forestry & Land Use,Improved Forest Management,Impermanent Removal,Latin America and the Caribbean,Mexico,"SERVICIO Y CONSULTORIA AMBIENTAL Y FORESTAL, S. DE .R.L. DE C.V.",2021.0,6144.0,18.24,BB,Yes,No
CAR1573,Comunidad Chavarría Nuevo,CAR,Registered,Forestry & Land Use,Improved Forest Management,Impermanent Removal,Latin America and the Caribbean,Mexico,ALVARO RENE RIVERA JARAMILLO,2021.0,8663.0,18.57,A,Yes,No
CAR1574,"CAPTURA DE CARBONO EN LOS BOSQUES DEL EJIDO EL BRILLANTE, MUNICIPIO DE PUEBLO NUEVO, ESTADO DE DURANGO, MEXICO",CAR,Registered,Forestry & Land Use,Improved Forest Management,Impermanent Removal,Latin America and the Caribbean,Mexico,"SERVICIO Y CONSULTORIA AMBIENTAL Y FORESTAL, S. DE .R.L. DE C.V.",2021.0,48341.0,19.2,,Yes,No
CAR1576,Ejido 18 de Marzo,CAR,Registered,Forestry & Land Use,Improved Forest Management,Impermanent Removal,Latin America and the Caribbean,Mexico,Bioforestal Innovación Sustentable S.C.,2021.0,24457.0,16.2,BBB,Yes,No
CAR1577,Ejido Chunhuhub,CAR,Registered,Forestry & Land Use,Improved Forest Management,Impermanent Removal,Latin America and the Caribbean,Mexico,Bioforestal Innovación Sustentable S.C.,2021.0,46812.0,17.46,BBB,Yes,No
CAR1578,A-Gas 2-2022,CAR,Completed,Chemical Processes,Ozone Depleting Substances Recovery & Destruction,Reduction,North America,United States,Reclamation Technologies Inc.,2022.0,27599.0,9.07,AA,No,No
CAR1579,Sonora,CAR,Registered,Forestry & Land Use,Improved Forest Management,Mixed,North America,United States,Sierra Pacific Industries,2023.0,248672.0,12.75,AA,Yes,No
CAR1580,Pfister Ranch Avoided Conversion,CAR,Registered,Forestry & Land Use,Avoided Grassland Conversion,Reduction,North America,United States,"My Green Earth, LP",2021.0,8992.0,13.55,,Yes,No
CAR1582,Alliance Dairy,CAR,Registered,Agriculture,Manure Methane Digester,Reduction,North America,United States,"3Degrees Group, Inc",2020.0,20687.0,9.85,A,No,No
CAR1584,"Proyecto forestal de carbono del Ejido San Diego de Tezains, Durango, México",CAR,Registered,Forestry & Land Use,Improved Forest Management,Impermanent Removal,Latin America and the Caribbean,Mexico,Geronimo Quiñonez Barraza,2021.0,169312.0,23.37,A,Yes,No
CAR1585,EJIDO TODOS SANTOS Y ANEXOS,CAR,Registered,Forestry & Land Use,Improved Forest Management,Impermanent Removal,Latin America and the Caribbean,Mexico,"Unidad de Conservación y Desarrollo Forestal Integral, Topia S.C.",2021.0,71247.0,18.06,BB,Yes,No
CAR1586,"CAPTURA DE CARBONO EN LOS BOSQUES DEL  EJIDO LA CUEVA Y ANEXOS, MUNICIPIO DE PUEBLO NUEVO, ESTADO DE DURANGO, MEXICO",CAR,Registered,Forestry & Land Use,Improved Forest Management,Impermanent Removal,Latin America and the Caribbean,Mexico,"SERVICIO Y CONSULTORIA AMBIENTAL Y FORESTAL, S. DE .R.L. DE C.V.",2021.0,17694.0,11.81,AA,Yes,No
CAR1593,Proyecto Forestal de Carbono Ejido Madera,CAR,Registered,Forestry & Land Use,Improved Forest Management,Impermanent Removal,Latin America and the Caribbean,Mexico,Juan Carlos Leyva Reyes,2021.0,89153.0,16.72,A,Yes,No
CAR1594,EJIDO LAS MILPAS Y ANEXOS,CAR,Registered,Forestry & Land Use,Improved Forest Management,Impermanent Removal,Latin America and the Caribbean,Mexico,"Unidad de Conservación y Desarrollo Forestal Integral, Topia S.C.",2021.0,145510.0,15.05,BB,Yes,No
CAR1595,COMUNIDAD SANTA ANA,CAR,Registered,Forestry & Land Use,Improved Forest Management,Impermanent Removal,Latin America and the Caribbean,Mexico,"Unidad de Conservación y Desarrollo Forestal Integral, Topia S.C.",2021.0,42984.0,13.85,BBB,Yes,No
CAR1596,EJIDO OSOS BRAVOS Y ANEXOS,CAR,Registered,Forestry & Land Use,Improved Forest Management,Impermanent Removal,Latin America and the Caribbean,Mexico,"Unidad de Conservación y Desarrollo Forestal Integral, Topia S.C.",2021.0,26532.0,15.98,BB,Yes,No
CAR1597,PREDIO RUSTICO DENOMINADO ZALEAS,CAR,Registered,Forestry & Land Use,Improved Forest Management,Impermanent Removal,Latin America and the Caribbean,Mexico,"Unidad de Conservación y Desarrollo Forestal Integral, Topia S.C.",2021.0,5357.0,12.45,B,Yes,No
CAR1611,Bonos Comunitarios:Ejido Lazaro Cardenas,CAR,Registered,Forestry & Land Use,Improved Forest Management,Impermanent Removal,Latin America and the Caribbean,Mexico,SESISA,2021.0,3733.0,14.66,BB,Yes,No
CAR1612,Bonos Comunitarios CO2_Ejido Kankabchen,CAR,Registered,Forestry & Land Use,Improved Forest Management,Impermanent Removal,Latin America and the Caribbean,Mexico,SESISA,2021.0,1432.0,18.42,BBB,Yes,No
CAR1613,Bonos Comunitarios CO2_Ejido X-yatil,CAR,Registered,Forestry & Land Use,Improved Forest Management,Impermanent Removal,Latin America and the Caribbean,Mexico,SESISA,2021.0,8288.0,11.97,BB,Yes,No
CAR1614,Klamath Forest Carbon Project,CAR,Registered,Forestry & Land Use,Improved Forest Management,Mixed,North America,United States,Acer Klamath Forest LLC,2023.0,505428.0,19.91,BB,Yes,No
CAR1620,Crossroads Eco Center Landfill/Caldwell Landfill,CAR,Registered,Waste Management,Landfill Methane,Reduction,North America,United States,WM Renewable Energy LLC,2022.0,62085.0,4.73,A,No,No
CAR1621,Proyecto Forestal de Captura de Carbono del Ejido 20 de Noviembre,CAR,Registered,Forestry & Land Use,Improved Forest Management,Impermanent Removal,Latin America and the Caribbean,Mexico,Forest Rangers Alliance,2021.0,19306.0,16.59,AA,Yes,No
CAR1622,Proyecto Forestal de Captura de Carbono del Ejido Álvaro Obregón,CAR,Registered,Forestry & Land Use,Improved Forest Management,Impermanent Removal,Latin America and the Caribbean,Mexico,"CARBONOF MEXICO, S.A.P.I. DE C.V.",2021.0,83078.0,22.54,B,Yes,No
CAR1623,Proyecto Forestal de Captura de Carbono del Ejido Xmejia,CAR,Registered,Forestry & Land Use,Improved Forest Management,Impermanent Removal,Latin America and the Caribbean,Mexico,Forest Rangers Alliance,2021.0,51783.0,13.11,B,Yes,No
CAR1624,Nitric Acid,CAR,Registered,Chemical Processes,N2O Destruction in Nitric Acid Production,Reduction,North America,United States,Ascend Performance Materials Operations LLC,2022.0,121029.0,7.86,A,No,No
CAR1625,"CAPTURA DE CARBONO EN LOS BOSQUES DEL EJIDO SAN PABLO, MUNICIPIO DE PUEBLO NUEVO, ESTADO DE DURANGO, MEXICO",CAR,Registered,Forestry & Land Use,Improved Forest Management,Impermanent Removal,Latin America and the Caribbean,Mexico,"SERVICIO Y CONSULTORIA AMBIENTAL Y FORESTAL, S. DE .R.L. DE C.V.",2021.0,16776.0,19.42,BB,Yes,No
CAR1626,"CAPTURA DE CARBONO EN LOS BOSQUES DE CONIFERAS Y LATIFOLIADAS EN EL EJIDO CHAVARRIA VIEJO,MUNICIPIO DE PUEBLO NUEVO, ESTADO DE DURANGO, MEXICO",CAR,Registered,Forestry & Land Use,Improved Forest Management,Impermanent Removal,Latin America and the Caribbean,Mexico,"SERVICIO Y CONSULTORIA AMBIENTAL Y FORESTAL, S. DE .R.L. DE C.V.",2021.0,45688.0,18.1,A,Yes,No
CAR1627,"CAPTURA DE CARBONO EN LOS BOSQUES DEL EJIDO EL LARGO Y ANEXOS, MUNICIPIO DE MADERA, ESTADO DE CHIHUAHUA, MEXICO",CAR,Registered,Forestry & Land Use,Improved Forest Management,Impermanent Removal,Latin America and the Caribbean,Mexico,Juan Carlos Leyva Reyes,2021.0,115391.0,26.75,,Yes,No
CAR1629,Carbono Forestal Ejido San Antonio de los Macedo,CAR,Registered,Forestry & Land Use,Improved Forest Management,Impermanent Removal,Latin America and the Caribbean,Mexico,BRET Consultores,2022.0,14402.0,18.1,CCC,Yes,No
CAR1632,Carbono Forestal Ejido Navidad,CAR,Registered,Forestry & Land Use,Improved Forest Management,Impermanent Removal,Latin America and the Caribbean,Mexico,BRET Consultores,2022.0,7689.0,16.06,B,Yes,No
CAR1633,Carbono Forestal Ejido Rincón de Mirandilla,CAR,Registered,Forestry & Land Use,Improved Forest Management,Impermanent Removal,Latin America and the Caribbean,Mexico,BRET Consultores,2022.0,8350.0,12.98,BB,Yes,No
CAR1635,Captura de carbono forestal en los Bienes Comunales de San Francisco Oxtotilpan,CAR,Registered,Forestry & Land Use,Improved Forest Management,Impermanent Removal,Latin America and the Caribbean,Mexico,TERRITORIOS RURALES SOSTENIBLES AC,2021.0,56705.0,15.53,CCC,Yes,No
CAR1636,Captura de carbono forestal en el ejido San Pedro Jacuaro,CAR,Registered,Forestry & Land Use,Improved Forest Management,Impermanent Removal,Latin America and the Caribbean,Mexico,TERRITORIOS RURALES SOSTENIBLES AC,2021.0,29032.0,23.51,BB,Yes,No
CAR1637,Captura de carbono forestal en el ejido Otzumatlán o Río de Parras,CAR,Registered,Forestry & Land Use,Improved Forest Management,Impermanent Removal,Latin America and the Caribbean,Mexico,TERRITORIOS RURALES SOSTENIBLES AC,2021.0,80899.0,15.85,CCC,Yes,No
CAR1638,Captura de carbono forestal en la Comunidad Indígena San Pedro Jacuaro,CAR,Registered,Forestry & Land Use,Improved Forest Management,Impermanent Removal,Latin America and the Caribbean,Mexico,TERRITORIOS RURALES SOSTENIBLES AC,2021.0,123724.0,11.1,CCC,Yes,No
CAR1642,Proyecto de Captura de Carbono Forestal Ejido San Ignacio de Arareco,CAR,Registered,Forestry & Land Use,Improved Forest Management,Impermanent Removal,Latin America and the Caribbean,Mexico,BRET Consultores,2022.0,34509.0,14.69,BB,Yes,No
CAR1643,Proyecto de Captura de Carbono Forestal Ejido Babureachi,CAR,Registered,Forestry & Land Use,Improved Forest Management,Impermanent Removal,Latin America and the Caribbean,Mexico,BRET Consultores,2022.0,2963.0,13.28,B,Yes,No
CAR1644,Proyecto de Captura de Carbono Forestal Ejido Bocoyna,CAR,Registered,Forestry & Land Use,Improved Forest Management,Impermanent Removal,Latin America and the Caribbean,Mexico,BRET Consultores,2024.0,9929.0,17.01,BB,Yes,No
CAR1645,Proyecto de Captura de Carbono Forestal Ejido Talayotes,CAR,Registered,Forestry & Land Use,Improved Forest Management,Impermanent Removal,Latin America and the Caribbean,Mexico,BRET Consultores,2022.0,18809.0,15.07,B,Yes,No
CAR1648,Comunidad El Tarahumar y Bajíos del Tarahumar,CAR,Registered,Forestry & Land Use,Improved Forest Management,Impermanent Removal,Latin America and the Caribbean,Mexico,ALVARO RENE RIVERA JARAMILLO,2021.0,155789.0,14.11,,Yes,No
CAR1649,Fauth Ranch,CAR,Registered,Forestry & Land Use,Avoided Grassland Conversion,Reduction,North America,United States,The Climate Trust,2021.0,7610.0,10.17,BB,Yes,No
CAR1650,Roen Ranch,CAR,Registered,Forestry & Land Use,Avoided Grassland Conversion,Reduction,North America,United States,The Climate Trust,2022.0,3146.0,12.62,,Yes,No
CAR1651,Middle Fork I Avoided Grassland Conversion,CAR,Registered,Forestry & Land Use,Avoided Grassland Conversion,Reduction,North America,United States,The Climate Trust,2022.0,16414.0,15.12,BB,Yes,No
CAR1652,Willow Creek Avoided Grassland Conversion,CAR,Registered,Forestry & Land Use,Avoided Grassland Conversion,Reduction,North America,United States,The Climate Trust,2022.0,7857.0,16.17,,Yes,No
CAR1653,Middle Fork II Avoided Grassland Conversion,CAR,Registered,Forestry & Land Use,Avoided Grassland Conversion,Reduction,North America,United States,The Climate Trust,2022.0,11841.0,11.71,BB,Yes,No
CAR1655,MRC Albion IFM,CAR,Registered,Forestry & Land Use,Improved Forest Management,Mixed,North America,United States,"Mendocino Redwood Company, LLC",2024.0,532172.0,20.91,BB,Yes,No
CAR1658,Ejido Conoachi y Anexos,CAR,Registered,Forestry & Land Use,Improved Forest Management,Impermanent Removal,Latin America and the Caribbean,Mexico,BRET Consultores,2021.0,61415.0,9.64,BB,Yes,No
CAR1659,Ejido Basaseachi,CAR,Registered,Forestry & Land Use,Improved Forest Management,Impermanent Removal,Latin America and the Caribbean,Mexico,BRET Consultores,2021.0,7231.0,21.67,BB,Yes,No
CAR1660,Ejido Tutuaca,CAR,Registered,Forestry & Land Use,Improved Forest Management,Impermanent Removal,Latin America and the Caribbean,Mexico,BRET Consultores,2021.0,73825.0,10.86,B,Yes,No
CAR1661,Ejido Heredia y Anexos,CAR,Registered,Forestry & Land Use,Improved Forest Management,Impermanent Removal,Latin America and the Caribbean,Mexico,BRET Consultores,2021.0,73392.0,12.39,CCC,Yes,No
CAR1662,A-Gas 1-2023,CAR,Completed,Chemical Processes,Ozone Depleting Substances Recovery & Destruction,Reduction,North America,United States,Reclamation Technologies Inc.,2022.0,38056.0,9.53,AAA,No,No
CAR1663,"XICO2e Carbono Forestal Ejido Pueblo Nuevo, Durango, México",CAR,Registered,Forestry & Land Use,Improved Forest Management,Impermanent Removal,Latin America and the Caribbean,Mexico,ALABOOL TRUST SA DE CV,2022.0,158507.0,14.67,AAA,Yes,No
CAR1664,Condueñazgo Memelichi,CAR,Registered,Forestry & Land Use,Improved Forest Management,Impermanent Removal,Latin America and the Caribbean,Mexico,BRET Consultores,2021.0,97870.0,23.72,B,Yes,No
CAR1674,Conhúas,CAR,Registered,Forestry & Land Use,Improved Forest Management,Impermanent Removal,Latin America and the Caribbean,Mexico,Toroto SAPI de CV,2021.0,546161.0,14.39,AA,Yes,No
CAR1675,ProCarbono: Ejido Quebrada de Cebollas,CAR,Registered,Forestry & Land Use,Improved Forest Management,Impermanent Removal,Latin America and the Caribbean,Mexico,"CARBONOF MEXICO, S.A.P.I. DE C.V.",2022.0,83208.0,24.27,BBB,Yes,No
CAR1686,Proyecto de Captura de Carbono Forestal Ejido Magullachi,CAR,Registered,Forestry & Land Use,Improved Forest Management,Impermanent Removal,Latin America and the Caribbean,Mexico,BRET Consultores,2024.0,8230.0,6.93,BB,Yes,No
CAR1687,Proyecto de Captura de Carbono Forestal Ejido Molinares,CAR,Registered,Forestry & Land Use,Improved Forest Management,Impermanent Removal,Latin America and the Caribbean,Mexico,BRET Consultores,2024.0,7327.0,10.27,,Yes,No
CAR1688,Proyecto de Captura de Carbono Forestal N.C.P.A. Javier Rojo Gómez,CAR,Registered,Forestry & Land Use,Improved Forest Management,Impermanent Removal,Latin America and the Caribbean,Mexico,BRET Consultores,2024.0,8736.0,15.49,BB,Yes,No
CAR1689,Proyecto de Captura de Carbono Forestal Ejido Pichachi y sus Anexos,CAR,Registered,Forestry & Land Use,Improved Forest Management,Impermanent Removal,Latin America and the Caribbean,Mexico,BRET Consultores,2024.0,9063.0,12.34,B,Yes,No
CAR1690,Proyecto de Captura de Carbono Forestal Ejido San Juanito,CAR,Registered,Forestry & Land Use,Improved Forest Management,Impermanent Removal,Latin America and the Caribbean,Mexico,BRET Consultores,2022.0,7500.0,11.08,BBB,Yes,No
CAR1693,Heartland Ranch Phase 4,CAR,Registered,Forestry & Land Use,Avoided Grassland Conversion,Reduction,North America,United States,Southern Plains Land Trust,2022.0,3888.0,12.85,AAA,Yes,No
CAR1694,Heartland Ranch Phase 5,CAR,Registered,Forestry & Land Use,Avoided Grassland Conversion,Reduction,North America,United States,Southern Plains Land Trust,2022.0,4993.0,12.36,AA,Yes,No
CAR1696,Ciudad Juarez Landfill Gas to Energy Project,CAR,Registered,Waste Management,Landfill Methane,Reduction,Latin America and the Caribbean,Mexico,Biogas de Juarez S.A. DE C.V.,2021.0,259994.0,4.64,AAA,No,No
CAR1704,ProCarbono: Ejido Los Altares,CAR,Registered,Forestry & Land Use,Improved Forest Management,Impermanent Removal,Latin America and the Caribbean,Mexico,"CARBONOF MEXICO, S.A.P.I. DE C.V.",2022.0,151962.0,14.06,BBB,Yes,No
CAR1710,"XICO2e Carbono Forestal Ejido Vencedores y Anexos, San Dimas, Durango, México",CAR,Registered,Forestry & Land Use,Improved Forest Management,Impermanent Removal,Latin America and the Caribbean,Mexico,ALABOOL TRUST SA DE CV,2022.0,88488.0,16.89,AA,Yes,No
CAR1729,"Captura de Carbono en los Bosques de Coniferas y Latifoliadas del Ejido Mil Diez y Anexos, Municipio de Pueblo Nuevo, Estado de Durango, Mexico",CAR,Registered,Forestry & Land Use,Improved Forest Management,Impermanent Removal,Latin America and the Caribbean,Mexico,"SERVICIO Y CONSULTORIA AMBIENTAL Y FORESTAL, S. DE .R.L. DE C.V.",2022.0,9551.0,18.47,,Yes,No
CAR1735,ProCarbono: Ejido Las Hacienditas y Anexos,CAR,Registered,Forestry & Land Use,Improved Forest Management,Impermanent Removal,Latin America and the Caribbean,Mexico,"CARBONOF MEXICO, S.A.P.I. DE C.V.",2022.0,21074.0,18.75,BBB,Yes,No
CAR1736,ProCarbono: Ejido Silvestre Revueltas,CAR,Registered,Forestry & Land Use,Improved Forest Management,Impermanent Removal,Latin America and the Caribbean,Mexico,"CARBONOF MEXICO, S.A.P.I. DE C.V.",2022.0,3920.0,15.32,B,Yes,No
CAR1737,ProCarbono: Ejido El Rincón,CAR,Registered,Forestry & Land Use,Improved Forest Management,Impermanent Removal,Latin America and the Caribbean,Mexico,"CARBONOF MEXICO, S.A.P.I. DE C.V.",2022.0,3060.0,11.79,,Yes,No
CAR1739,Restauración Forestal X-pichil,CAR,Registered,Forestry & Land Use,Improved Forest Management,Impermanent Removal,Latin America and the Caribbean,Mexico,CANOPIA CARBON S.A.P.I. DE C.V.,2022.0,179219.0,12.74,B,Yes,No
CAR1744,Carbono Forestal La Norteñita,CAR,Registered,Forestry & Land Use,Improved Forest Management,Impermanent Removal,Latin America and the Caribbean,Mexico,Bioforestal Innovación Sustentable S.C.,2022.0,23047.0,13.32,B,Yes,No
CAR1745,Restauración Forestal Adolfo de la Huerta,CAR,Registered,Forestry & Land Use,Improved Forest Management,Impermanent Removal,Latin America and the Caribbean,Mexico,CANOPIA CARBON S.A.P.I. DE C.V.,2022.0,17769.0,18.09,CCC,Yes,No
CAR1746,Restauración Forestal San Felipe III,CAR,Registered,Forestry & Land Use,Improved Forest Management,Impermanent Removal,Latin America and the Caribbean,Mexico,CANOPIA CARBON S.A.P.I. DE C.V.,2022.0,58121.0,11.63,B,Yes,No
CAR1747,Restauración Forestal Puerto Arturo,CAR,Registered,Forestry & Land Use,Improved Forest Management,Impermanent Removal,Latin America and the Caribbean,Mexico,CANOPIA CARBON S.A.P.I. DE C.V.,2022.0,74213.0,19.15,BB,Yes,No
CAR1748,Restauración Forestal General Francisco Villa,CAR,Registered,Forestry & Land Use,Improved Forest Management,Impermanent Removal,Latin America and the Caribbean,Mexico,CANOPIA CARBON S.A.P.I. DE C.V.,2022.0,76954.0,11.61,BBB,Yes,No
CAR1749,Restauración Forestal Chunkanan,CAR,Registered,Forestry & Land Use,Improved Forest Management,Impermanent Removal,Latin America and the Caribbean,Mexico,CANOPIA CARBON S.A.P.I. DE C.V.,2022.0,35767.0,15.89,A,Yes,No
CAR1767,Restauración Forestal NCPA Yalcoba Nuevo,CAR,Registered,Forestry & Land Use,Improved Forest Management,Impermanent Removal,Latin America and the Caribbean,Mexico,CANOPIA CARBON S.A.P.I. DE C.V.,2022.0,36012.0,14.69,A,Yes,No
CAR1789,EJIDO LLANO GRANDE,CAR,Registered,Forestry & Land Use,Improved Forest Management,Impermanent Removal,Latin America and the Caribbean,Mexico,Bioforestal Innovación Sustentable S.C.,2022.0,11291.0,18.05,BB,Yes,No
CAR1790,Maloy Landfill,CAR,Registered,Waste Management,Landfill Methane,Reduction,North America,United States,"Republic Services Alliance Group II, Inc.",2023.0,23908.0,7.05,AA,No,No
CAR1792,EJIDO CRUZ COLORADA,CAR,Registered,Forestry & Land Use,Improved Forest Management,Impermanent Removal,Latin America and the Caribbean,Mexico,Bioforestal Innovación Sustentable S.C.,2022.0,3588.0,14.8,BBB,Yes,No
CAR1793,EJIDO SAN LUIS DEL VALLE,CAR,Registered,Forestry & Land Use,Improved Forest Management,Impermanent Removal,Latin America and the Caribbean,Mexico,Bioforestal Innovación Sustentable S.C.,2022.0,6556.0,13.72,,Yes,No
CAR1794,C.P. ALEJANDRO HERRERA,CAR,Registered,Forestry & Land Use,Improved Forest Management,Impermanent Removal,Latin America and the Caribbean,Mexico,Bioforestal Innovación Sustentable S.C.,2022.0,1566.0,19.1,BB,Yes,No
CAR1797,PRODUCTORA SILVÍCOLA MARTE S.P.R. DE R.L.,CAR,Registered,Forestry & Land Use,Improved Forest Management,Impermanent Removal,Latin America and the Caribbean,Mexico,Bioforestal Innovación Sustentable S.C.,2022.0,11165.0,13.54,BBB,Yes,No
CAR1798,EJIDO OCOJALA,CAR,Registered,Forestry & Land Use,Improved Forest Management,Impermanent Removal,Latin America and the Caribbean,Mexico,Bioforestal Innovación Sustentable S.C.,2022.0,2132.0,16.58,CCC,Yes,No
CAR1799,EJIDO JONUCO PEDERNALES,CAR,Registered,Forestry & Land Use,Improved Forest Management,Impermanent Removal,Latin America and the Caribbean,Mexico,Bioforestal Innovación Sustentable S.C.,2022.0,1815.0,15.86,CCC,Yes,No
CAR1800,Camino,CAR,Registered,Forestry & Land Use,Improved Forest Management,Mixed,North America,United States,Sierra Pacific Industries,2024.0,32747.0,14.2,B,Yes,No
CAR1801,Captura de carbono forestal en el ejido San Juan Zitácuaro,CAR,Registered,Forestry & Land Use,Improved Forest Management,Impermanent Removal,Latin America and the Caribbean,Mexico,TERRITORIOS RURALES SOSTENIBLES AC,2022.0,7794.0,13.14,BB,Yes,No
CAR1802,Captura de carbono forestal en la Comunidad Indígena Carpinteros,CAR,Registered,Forestry & Land Use,Improved Forest Management,Impermanent Removal,Latin America and the Caribbean,Mexico,TERRITORIOS RURALES SOSTENIBLES AC,2022.0,4413.0,17.41,B,Yes,No
CAR1804,"Captura de Carbono en los Bosques de Coníferas y Latifoliadas  del Ejido La Victoria y Anexos, Municipio de Pueblo Nuevo, Estado de Durango, México",CAR,Registered,Forestry & Land Use,Improved Forest Management,Impermanent Removal,Latin America and the Caribbean,Mexico,"SERVICIO Y CONSULTORIA AMBIENTAL Y FORESTAL, S. DE .R.L. DE C.V.",2022.0,39356.0,17.92,A,Yes,No
CAR1808,AR-Joy Farm Dairy Digester,CAR,Completed,Agriculture,Manure Methane Digester,Reduction,North America,United States,"Native, a Public Benefit Corporation",2021.0,4046.0,6.02,AAA,No,No
CAR1817,"XICO2e Carbono Forestal Ejido San Jose de Miravalles, Municipio de San Dimas, Estado de Durango, Mexico",CAR,Registered,Forestry & Land Use,Improved Forest Management,Impermanent Removal,Latin America and the Caribbean,Mexico,ALABOOL TRUST SA DE CV,2022.0,1212.0,12.85,AAA,Yes,No
CAR1818,"Captura de Carbono en los Bosques  del Ejido El Regocijo, Municipio de Durango, Estado de Durango, México.",CAR,Registered,Forestry & Land Use,Improved Forest Management,Impermanent Removal,Latin America and the Caribbean,Mexico,"SERVICIO Y CONSULTORIA AMBIENTAL Y FORESTAL, S. DE .R.L. DE C.V.",2022.0,23996.0,20.94,AA,Yes,No
CAR1820,Restauración Forestal Santa Elena,CAR,Registered,Forestry & Land Use,Improved Forest Management,Impermanent Removal,Latin America and the Caribbean,Mexico,CANOPIA CARBON S.A.P.I. DE C.V.,2022.0,197117.0,22.96,CCC,Yes,No
CAR1822,Kings Grove,CAR,Registered,Forestry & Land Use,Improved Forest Management,Mixed,North America,United States,"The Kings Grove, Inc.",2024.0,382584.0,15.8,BBB,Yes,No
CAR1823,Proyecto Forestal de Captura de Carbono Ejido San José Cieneguilla,CAR,Registered,Forestry & Land Use,Improved Forest Management,Impermanent Removal,Latin America and the Caribbean,Mexico,Yaax Carbon,2022.0,11008.0,14.76,BB,Yes,No
CAR1824,Proyecto Forestal de Captura de Carbono Ejido San Felipe Cieneguilla,CAR,Registered,Forestry & Land Use,Improved Forest Management,Impermanent Removal,Latin America and the Caribbean,Mexico,Yaax Carbon,2021.0,12474.0,18.76,B,Yes,No
CAR1825,Proyecto Forestal de Captura de Carbono Comunidad Santa Lucía Miahuatlan,CAR,Registered,Forestry & Land Use,Improved Forest Management,Impermanent Removal,Latin America and the Caribbean,Mexico,Yaax Carbon,2022.0,63902.0,13.49,BB,Yes,No
CAR1826,Proyecto Forestal de Captura de Carbono Comunidad Santa Catarina Cuixtla,CAR,Registered,Forestry & Land Use,Improved Forest Management,Impermanent Removal,Latin America and the Caribbean,Mexico,Yaax Carbon,2021.0,34158.0,11.79,A,Yes,No
CAR1827,Proyecto Forestal de Captura de Carbono Comunidad San Pablo Coatlán,CAR,Registered,Forestry & Land Use,Improved Forest Management,Impermanent Removal,Latin America and the Caribbean,Mexico,Yaax Carbon,2021.0,39458.0,17.66,B,Yes,No
CAR1829,Proyecto Forestal de Captura de Carbono Comunidad San Jerónimo Coatlán,CAR,Registered,Forestry & Land Use,Improved Forest Management,Impermanent Removal,Latin America and the Caribbean,Mexico,Yaax Carbon,2021.0,211160.0,14.13,BBB,Yes,No
CAR1830,Restauración Forestal San Silverio,CAR,Registered,Forestry & Land Use,Improved Forest Management,Impermanent Removal,Latin America and the Caribbean,Mexico,CANOPIA CARBON S.A.P.I. DE C.V.,2023.0,25101.0,21.19,BB,Yes,No
CAR1831,Restauración Forestal Yalchen,CAR,Registered,Forestry & Land Use,Improved Forest Management,Impermanent Removal,Latin America and the Caribbean,Mexico,CANOPIA CARBON S.A.P.I. DE C.V.,2023.0,18531.0,17.14,BBB,Yes,No
CAR1834,Ideal Family Farms Digester Project,CAR,Registered,Agriculture,Manure Methane Digester,Reduction,North America,United States,"Native, a Public Benefit Corporation",2022.0,16352.0,9.03,AA,No,No
CAR1842,"Captura de carbono en los bosques del Ejido Opopeo, Salvador Escalante, Michoacan",CAR,Registered,Forestry & Land Use,Improved Forest Management,Impermanent Removal,Latin America and the Caribbean,Mexico,"SERVICIO Y CONSULTORIA AMBIENTAL Y FORESTAL, S. DE .R.L. DE C.V.",2023.0,5807.0,14.77,A,Yes,No
CAR1843,Lunenburg VA Landfill,CAR,Registered,Waste Management,Landfill Methane,Reduction,North America,United States,Vision RNG LLC,2023.0,154393.0,6.39,AA,No,No
CAR1844,Tri Cities VA Landfill,CAR,Registered,Waste Management,Landfill Methane,Reduction,North America,United States,Vision RNG LLC,2023.0,15151.0,5.17,AA,No,No
CAR1847,Proyecto Forestal de Carbono Ejido La Ciudad,CAR,Registered,Forestry & Land Use,Improved Forest Management,Impermanent Removal,Latin America and the Caribbean,Mexico,"CARBONOF MEXICO, S.A.P.I. DE C.V.",2022.0,34869.0,19.22,BBB,Yes,No
CAR1850,Carbono Forestal Redondeados,CAR,Registered,Forestry & Land Use,Improved Forest Management,Impermanent Removal,Latin America and the Caribbean,Mexico,Bioforestal Innovación Sustentable S.C.,2022.0,248404.0,20.96,BB,Yes,No
CAR1851,"Ejido La Florida San Dimas, Durango",CAR,Registered,Forestry & Land Use,Improved Forest Management,Impermanent Removal,Latin America and the Caribbean,Mexico,"Iberdrola Carbon 2 Nature México, S.A. de C.V.",2022.0,82815.0,15.84,A,Yes,No
CAR1852,Proyecto Forestal de Captura de Carbono Ejido El Tule y Portugal,CAR,Registered,Forestry & Land Use,Improved Forest Management,Impermanent Removal,Latin America and the Caribbean,Mexico,Juan Carlos Leyva Reyes,2022.0,33420.0,15.78,B,Yes,No
CAR1853,Proyecto Forestal de Captura de Carbono Ejido Llano Blanco,CAR,Registered,Forestry & Land Use,Improved Forest Management,Impermanent Removal,Latin America and the Caribbean,Mexico,Juan Carlos Leyva Reyes,2022.0,59679.0,11.17,B,Yes,No
CAR1854,"Carbono, Agua y Biodiversidad Indígena Chontecomatlán",CAR,Registered,Forestry & Land Use,Improved Forest Management,Impermanent Removal,Latin America and the Caribbean,Mexico,INTEGRADORA DE COMUNIDADES INDIGENAS Y CAMPESINAS DE OAXACA AC,2022.0,3761.0,23.84,BBB,Yes,No
CAR1856,"Carbono, Agua y Biodiversidad Indígena San Francisco",CAR,Registered,Forestry & Land Use,Improved Forest Management,Impermanent Removal,Latin America and the Caribbean,Mexico,INTEGRADORA DE COMUNIDADES INDIGENAS Y CAMPESINAS DE OAXACA AC,2022.0,6458.0,24.37,,Yes,No
CAR1858,Biorodal: Carbono Forestal Otilio Montaño,CAR,Registered,Forestry & Land Use,Improved Forest Management,Impermanent Removal,Latin America and the Caribbean,Mexico,Bioforestal Innovación Sustentable S.C.,2022.0,27225.0,21.2,BBB,Yes,No
CAR1859,Carbono Forestal La Catedral,CAR,Registered,Forestry & Land Use,Improved Forest Management,Impermanent Removal,Latin America and the Caribbean,Mexico,Bioforestal Innovación Sustentable S.C.,2022.0,231491.0,11.37,BBB,Yes,No
CAR1861,RuAnn Dairy Methane Reduction Project,CAR,Registered,Agriculture,Manure Methane Digester,Reduction,North America,United States,"3Degrees Group, Inc",2024.0,1106.0,7.87,A,No,No
CAR1863,BONOS X-HAZIL DE LA RUTA SIAN KA´AN,CAR,Registered,Forestry & Land Use,Improved Forest Management,Impermanent Removal,Latin America and the Caribbean,Mexico,THEEARTHLAB SA de CV,2021.0,457675.0,13.33,CCC,Yes,No
CAR1864,BONOS AROMA DEL MAYAB,CAR,Registered,Forestry & Land Use,Improved Forest Management,Impermanent Removal,Latin America and the Caribbean,Mexico,THEEARTHLAB SA de CV,2021.0,654055.0,17.0,A,Yes,No
CAR1865,BONOS LAGUNA SÍJIL NOH-HÁ,CAR,Registered,Forestry & Land Use,Improved Forest Management,Impermanent Removal,Latin America and the Caribbean,Mexico,THEEARTHLAB SA de CV,2021.0,624667.0,14.98,AAA,Yes,No
CAR1868,Proyecto Forestal de Captura de Carbono Sierra Sur PP La Joyanca,CAR,Registered,Forestry & Land Use,Improved Forest Management,Impermanent Removal,Latin America and the Caribbean,Mexico,Ramón Silva-Flores,2022.0,13831.0,15.83,A,Yes,No
CAR1869,Proyecto Forestal de Captura de Carbono Sierra Sur Ejido San Isidro,CAR,Registered,Forestry & Land Use,Improved Forest Management,Impermanent Removal,Latin America and the Caribbean,Mexico,Ramón Silva-Flores,2022.0,36622.0,10.53,,Yes,No
CAR1870,Proyecto Forestal de Captura de Carbono Sierra Sur Ejido Centenario,CAR,Registered,Forestry & Land Use,Improved Forest Management,Impermanent Removal,Latin America and the Caribbean,Mexico,Ramón Silva-Flores,2022.0,21305.0,16.4,BB,Yes,No
CAR1871,Bienes Comunales deTeococuilco de Marcos Pérez,CAR,Registered,Forestry & Land Use,Improved Forest Management,Impermanent Removal,Latin America and the Caribbean,Mexico,Yaax Carbon,2023.0,66485.0,20.07,BBB,Yes,No
CAR1873,Captura de carbono forestal en el ejido El Paso,CAR,Registered,Forestry & Land Use,Improved Forest Management,Impermanent Removal,Latin America and the Caribbean,Mexico,TERRITORIOS RURALES SOSTENIBLES AC,2023.0,4821.0,13.35,,Yes,No
CAR1875,Captura de Carbono Forestal en la Comunidad Yesqueros,CAR,Registered,Forestry & Land Use,Improved Forest Management,Impermanent Removal,Latin America and the Caribbean,Mexico,MONTEZUMAE GLOBAL CONSULTORES S.C.,2023.0,35069.0,13.76,AAA,Yes,No
CAR1876,Captura de Carbono Forestal en la Comunidad San Ignacio,CAR,Registered,Forestry & Land Use,Improved Forest Management,Impermanent Removal,Latin America and the Caribbean,Mexico,MONTEZUMAE GLOBAL CONSULTORES S.C.,2023.0,63880.0,14.09,AAA,Yes,No
CAR1877,Captura de Carbono Forestal en la Comunidad La Soledad,CAR,Registered,Forestry & Land Use,Improved Forest Management,Impermanent Removal,Latin America and the Caribbean,Mexico,MONTEZUMAE GLOBAL CONSULTORES S.C.,2023.0,20625.0,15.08,AA,Yes,No
CAR1883,ProCarbono: Ejido Cienega de Salpica el Agua,CAR,Registered,Forestry & Land Use,Improved Forest Management,Impermanent Removal,Latin America and the Caribbean,Mexico,"CARBONOF MEXICO, S.A.P.I. DE C.V.",2022.0,8189.0,13.91,A,Yes,No
CAR1884,ProCarbono: Ejido Laguna de la Chaparra,CAR,Registered,Forestry & Land Use,Improved Forest Management,Impermanent Removal,Latin America and the Caribbean,Mexico,"CARBONOF MEXICO, S.A.P.I. DE C.V.",2022.0,8938.0,14.35,A,Yes,No
CAR1889,ProCarbono: Ejido Cañada de San Miguel el Negro y Anexos,CAR,Registered,Forestry & Land Use,Improved Forest Management,Impermanent Removal,Latin America and the Caribbean,Mexico,"CARBONOF MEXICO, S.A.P.I. DE C.V.",2022.0,35994.0,26.1,BBB,Yes,No
CAR1893,Restauración Forestal Kankabchen,CAR,Registered,Forestry & Land Use,Improved Forest Management,Impermanent Removal,Latin America and the Caribbean,Mexico,CANOPIA CARBON S.A.P.I. DE C.V.,2022.0,40366.0,12.96,,Yes,No
CAR1894,Manejo Forestal Mejorado La Esperanza,CAR,Registered,Forestry & Land Use,Improved Forest Management,Impermanent Removal,Latin America and the Caribbean,Mexico,CANOPIA CARBON S.A.P.I. DE C.V.,2023.0,47520.0,14.11,B,Yes,No
CAR1896,Restauración Forestal Matamoros,CAR,Registered,Forestry & Land Use,Improved Forest Management,Impermanent Removal,Latin America and the Caribbean,Mexico,CANOPIA CARBON S.A.P.I. DE C.V.,2023.0,59670.0,19.25,BBB,Yes,No
CAR1897,Restauración Forestal Zamora,CAR,Registered,Forestry & Land Use,Improved Forest Management,Impermanent Removal,Latin America and the Caribbean,Mexico,CANOPIA CARBON S.A.P.I. DE C.V.,2023.0,69830.0,15.7,B,Yes,No
CAR1899,Restauración Forestal Laguna Guerrero,CAR,Registered,Forestry & Land Use,Improved Forest Management,Impermanent Removal,Latin America and the Caribbean,Mexico,CANOPIA CARBON S.A.P.I. DE C.V.,2023.0,36654.0,12.57,B,Yes,No
CAR1906,Ejido Peñuelas Pueblo Nuevo,CAR,Registered,Forestry & Land Use,Improved Forest Management,Impermanent Removal,Latin America and the Caribbean,Mexico,Bioforestal Innovación Sustentable S.C.,2022.0,4706.0,13.68,BB,Yes,No
CAR1907,Proyecto Forestal de Captura de Carbono Sierra Sur PP Molinillos,CAR,Registered,Forestry & Land Use,Improved Forest Management,Impermanent Removal,Latin America and the Caribbean,Mexico,Ramón Silva-Flores,2022.0,20417.0,16.61,A,Yes,No
CAR1908,"Captura de Carbono Forestal, Pequeña Propiedad Rancho Chocua",CAR,Registered,Forestry & Land Use,Improved Forest Management,Impermanent Removal,Latin America and the Caribbean,Mexico,TERRITORIOS RURALES SOSTENIBLES AC,2023.0,1168.0,17.49,B,Yes,No
CAR1913,McCloud Forest Improved Forest Management Project,CAR,Registered,Forestry & Land Use,Improved Forest Management,Mixed,North America,United States,FCS Forestlands LLC,2024.0,428848.0,12.58,,Yes,No
CAR1915,American Grasslands Heritage #7,CAR,Registered,Forestry & Land Use,Avoided Grassland Conversion,Reduction,North America,United States,Cultivo Land PBC,2022.0,6653.0,16.24,BBB,Yes,No
CAR1921,Restauración Forestal San Miguel Cuevas,CAR,Registered,Forestry & Land Use,Improved Forest Management,Impermanent Removal,Latin America and the Caribbean,Mexico,CANOPIA CARBON S.A.P.I. DE C.V.,2023.0,29270.0,19.83,BB,Yes,No
CAR1922,Restauración Forestal San Miguel Achiutla,CAR,Registered,Forestry & Land Use,Improved Forest Management,Impermanent Removal,Latin America and the Caribbean,Mexico,CANOPIA CARBON S.A.P.I. DE C.V.,2023.0,29893.0,13.86,BB,Yes,No
CAR1924,Restauración Forestal MFM Jayacatlan,CAR,Registered,Forestry & Land Use,Improved Forest Management,Impermanent Removal,Latin America and the Caribbean,Mexico,CANOPIA CARBON S.A.P.I. DE C.V.,2023.0,67170.0,15.91,BBB,Yes,No
CAR1925,Restauración Forestal MFM Tejotepec,CAR,Registered,Forestry & Land Use,Improved Forest Management,Impermanent Removal,Latin America and the Caribbean,Mexico,CANOPIA CARBON S.A.P.I. DE C.V.,2023.0,20952.0,18.18,BBB,Yes,No
CAR1926,Restauración Forestal Santa Maria del Rosario,CAR,Registered,Forestry & Land Use,Improved Forest Management,Impermanent Removal,Latin America and the Caribbean,Mexico,CANOPIA CARBON S.A.P.I. DE C.V.,2023.0,8669.0,14.1,BB,Yes,No
CAR1927,Restauración Forestal Santiago Nacaltepec,CAR,Registered,Forestry & Land Use,Improved Forest Management,Impermanent Removal,Latin America and the Caribbean,Mexico,CANOPIA CARBON S.A.P.I. DE C.V.,2023.0,26108.0,9.3,BB,Yes,No
CAR1928,Captura de Carbono Forestal en el Ejido Villa Madero,CAR,Registered,Forestry & Land Use,Improved Forest Management,Impermanent Removal,Latin America and the Caribbean,Mexico,MONTEZUMAE GLOBAL CONSULTORES S.C.,2023.0,14500.0,13.92,A,Yes,No
CAR1929,Captura de Carbono Forestal en el Ejido Turirán,CAR,Registered,Forestry & Land Use,Improved Forest Management,Impermanent Removal,Latin America and the Caribbean,Mexico,MONTEZUMAE GLOBAL CONSULTORES S.C.,2023.0,15973.0,30.7,A,Yes,No
CAR1931,Captura de Carbono Forestal en el Ejido Las Cuevas,CAR,Registered,Forestry & Land Use,Improved Forest Management,Impermanent Removal,Latin America and the Caribbean,Mexico,MONTEZUMAE GLOBAL CONSULTORES S.C.,2023.0,7334.0,13.69,BB,Yes,No
CAR1932,Captura de Carbono Forestal en el Ejido Lagunilla o El Jaral,CAR,Registered,Forestry & Land Use,Improved Forest Management,Impermanent Removal,Latin America and the Caribbean,Mexico,MONTEZUMAE GLOBAL CONSULTORES S.C.,2023.0,5614.0,16.3,,Yes,No
CAR1933,Captura de Carbono Forestal en el Ejido San Isidro Alta Huerta,CAR,Registered,Forestry & Land Use,Improved Forest Management,Impermanent Removal,Latin America and the Caribbean,Mexico,MONTEZUMAE GLOBAL CONSULTORES S.C.,2023.0,10925.0,26.33,AAA,Yes,No
CAR1934,Captura de Carbono Forestal en el Ejido Jesús del Monte,CAR,Registered,Forestry & Land Use,Improved Forest Management,Impermanent Removal,Latin America and the Caribbean,Mexico,MONTEZUMAE GLOBAL CONSULTORES S.C.,2023.0,3204.0,15.18,A,Yes,No
CAR1935,Captura de Carbono Forestal en la Comunidad Indígena de Jauja,CAR,Registered,Forestry & Land Use,Improved Forest Management,Impermanent Removal,Latin America and the Caribbean,Mexico,MONTEZUMAE GLOBAL CONSULTORES S.C.,2023.0,3810.0,15.06,AA,Yes,No
CAR1936,Captura de Carbono Forestal en el Ejido Jauja,CAR,Registered,Forestry & Land Use,Improved Forest Management,Impermanent Removal,Latin America and the Caribbean,Mexico,MONTEZUMAE GLOBAL CONSULTORES S.C.,2023.0,1892.0,13.91,AA,Yes,No
CAR1937,Captura de Carbono Forestal en el Ejido San José de las Torres,CAR,Registered,Forestry & Land Use,Improved Forest Management,Impermanent Removal,Latin America and the Caribbean,Mexico,MONTEZUMAE GLOBAL CONSULTORES S.C.,2023.0,4812.0,18.99,AA,Yes,No
CAR1938,Proyecto Forestal de Captura de Carbono Sierra Sur PP Cuevecillas y Culebras,CAR,Registered,Forestry & Land Use,Improved Forest Management,Impermanent Removal,Latin America and the Caribbean,Mexico,Ramón Silva-Flores,2023.0,1849.0,13.76,AA,Yes,No
CAR1939,Captura de Carbono Forestal en la Comunidad Indígena Barrio de San Francisco,CAR,Registered,Forestry & Land Use,Improved Forest Management,Impermanent Removal,Latin America and the Caribbean,Mexico,MONTEZUMAE GLOBAL CONSULTORES S.C.,2023.0,12012.0,20.84,BBB,Yes,No
CAR1941,Proyecto Forestal de Carbono Comunidad San Bernardino de Milpillas Chico,CAR,Registered,Forestry & Land Use,Improved Forest Management,Impermanent Removal,Latin America and the Caribbean,Mexico,Benedicto Vargas Larreta,2023.0,182929.0,21.81,A,Yes,No
CAR1942,Proyecto Forestal de Captura de Carbono Ejido Baborigame,CAR,Registered,Forestry & Land Use,Improved Forest Management,Impermanent Removal,Latin America and the Caribbean,Mexico,Juan Carlos Leyva Reyes,2023.0,64288.0,23.68,,Yes,No
CAR1944,"XICO2e Carbono Forestal Ejido Naranjal Poniente, Municipio de Felipe Carrillo Puerto, Estado de Quintana Roo, Mexico",CAR,Registered,Forestry & Land Use,Improved Forest Management,Impermanent Removal,Latin America and the Caribbean,Mexico,ALABOOL TRUST SA DE CV,2023.0,11365.0,23.25,AAA,Yes,No
CAR1946,"XICO2e Carbono Forestal Ejido Noh Bec, Municipio de Felipe Carrillo Puerto, Estado de Quintana Roo, Mexico",CAR,Registered,Forestry & Land Use,Improved Forest Management,Impermanent Removal,Latin America and the Caribbean,Mexico,ALABOOL TRUST SA DE CV,2023.0,125632.0,16.03,,Yes,No
CAR1948,Kirkland Natural Pozzolan SCM Project,CAR,Registered,Industrial & Commercial,Lower Carbon Cement & Concrete,Reduction,North America,United States,Eco Material Technologies Inc,2022.0,78628.0,3.92,BBB,No,No
CAR1949,Captura de Carbono Forestal en la Pequeña Propiedad El Zapatero,CAR,Registered,Forestry & Land Use,Improved Forest Management,Impermanent Removal,Latin America and the Caribbean,Mexico,MONTEZUMAE GLOBAL CONSULTORES S.C.,2023.0,1481.0,13.88,,Yes,No
CAR1951,"Captura de Carbono en los Bosques de Coníferas y Latifoliadas  del Ejido el Alamito, Municipio de Santiago Papasquiaro, Estado de Durango",CAR,Registered,Forestry & Land Use,Improved Forest Management,Impermanent Removal,Latin America and the Caribbean,Mexico,"SERVICIO Y CONSULTORIA AMBIENTAL Y FORESTAL, S. DE .R.L. DE C.V.",2023.0,7851.0,27.59,BBB,Yes,No
CAR1952,Proyecto Forestal de Captura de Carbono Ejido Cebadilla de Dolores,CAR,Registered,Forestry & Land Use,Improved Forest Management,Impermanent Removal,Latin America and the Caribbean,Mexico,Juan Carlos Leyva Reyes,2023.0,13950.0,16.97,AA,Yes,No
CAR1955,"Carbono, Agua y Biodiversidad Indígena Leapi",CAR,Registered,Forestry & Land Use,Improved Forest Management,Impermanent Removal,Latin America and the Caribbean,Mexico,INTEGRADORA DE COMUNIDADES INDIGENAS Y CAMPESINAS DE OAXACA AC,2022.0,7896.0,18.81,,Yes,No
CAR1956,"Carbono, Agua y Biodiversidad Indígena Lachixio",CAR,Registered,Forestry & Land Use,Improved Forest Management,Impermanent Removal,Latin America and the Caribbean,Mexico,INTEGRADORA DE COMUNIDADES INDIGENAS Y CAMPESINAS DE OAXACA AC,2022.0,12446.0,11.82,BBB,Yes,No
CAR1959,Oak Grove Harvested Bottom Ash (SCM) Project,CAR,Registered,Industrial & Commercial,Lower Carbon Cement & Concrete,Reduction,North America,United States,Eco Material Technologies Inc,2023.0,239087.0,7.34,BBB,No,No
CAR1960,Delhi Ranch,CAR,Registered,Forestry & Land Use,Avoided Grassland Conversion,Reduction,North America,United States,The Climate Trust,2023.0,19772.0,14.33,BBB,Yes,No
CAR1962,"Proyecto de carbono Ejido Los Gavilanes, San Dimas, Durango",CAR,Registered,Forestry & Land Use,Improved Forest Management,Impermanent Removal,Latin America and the Caribbean,Mexico,"Iberdrola Carbon 2 Nature México, S.A. de C.V.",2023.0,16433.0,14.22,BBB,Yes,No
CAR1963,Captura de Carbono en la Comunidad Indígena San Miguel Chimalapa,CAR,Registered,Forestry & Land Use,Improved Forest Management,Impermanent Removal,Latin America and the Caribbean,Mexico,Carbon Plus Grupo Susterramex,2023.0,394606.0,21.52,AAA,Yes,No
CAR1964,"Captura de Carbono en los Bosques del Ejido El Encinal, Municipio de Durango, Estado de Durango, México.",CAR,Registered,Forestry & Land Use,Improved Forest Management,Impermanent Removal,Latin America and the Caribbean,Mexico,"SERVICIO Y CONSULTORIA AMBIENTAL Y FORESTAL, S. DE .R.L. DE C.V.",2023.0,19679.0,18.62,B,Yes,No
CAR1979,"Captura de carbono en los bosques de la Comunidad Indígena de Charapan, Michoacán, México",CAR,Registered,Forestry & Land Use,Improved Forest Management,Impermanent Removal,Latin America and the Caribbean,Mexico,GRUPO DE GESTION SOCIAL AGRARIO Y FORESTAL,2023.0,5859.0,10.12,BBB,Yes,No
CAR1983,Proyecto Forestal de Captura de Carbono Bienes Comunales,CAR,Registered,Forestry & Land Use,Improved Forest Management,Impermanent Removal,Latin America and the Caribbean,Mexico,Green CO2 S.A. de C.V.,2023.0,2074.0,18.72,A,Yes,No
CAR1984,Proyecto Forestal de Captura de Carbono Ejido Coatepec Harinas,CAR,Registered,Forestry & Land Use,Improved Forest Management,Impermanent Removal,Latin America and the Caribbean,Mexico,Green CO2 S.A. de C.V.,2023.0,5697.0,17.71,,Yes,No
CAR1985,Proyecto Forestal de Captura de Carbono Ejido Loma Alta,CAR,Registered,Forestry & Land Use,Improved Forest Management,Impermanent Removal,Latin America and the Caribbean,Mexico,Green CO2 S.A. de C.V.,2024.0,1563.0,13.12,AA,Yes,No
CAR1989,Buck Creek Abandoned Mine Methane Incineration Project,CAR,Registered,Industrial & Commercial,Mine Methane Capture,Reduction,North America,United States,"Keyrock Environment,LLC",2024.0,121116.0,8.59,AAA,No,No
CAR1990,Relleno Sanitario Bordo Poniente IV Etapa,CAR,Registered,Waste Management,Landfill Methane,Reduction,Latin America and the Caribbean,Mexico,Sistemas Electricos Metropolitanos,2023.0,66617.0,4.88,AA,No,No
CAR1995,Proyecto Forestal de Captura de Carbono Ejido La Trinidad y sus Anexos,CAR,Registered,Forestry & Land Use,Improved Forest Management,Impermanent Removal,Latin America and the Caribbean,Mexico,Juan Carlos Leyva Reyes,2023.0,60449.0,22.9,BBB,Yes,No
CAR1998,Proyecto Forestal de Captura de Carbono Comunidad Santiago Laxopa,CAR,Registered,Forestry & Land Use,Improved Forest Management,Impermanent Removal,Latin America and the Caribbean,Mexico,Forest Rangers Alliance,2023.0,13034.0,19.24,A,Yes,No
CAR1999,Proyecto Forestal de Captura de Carbono Comunidad Santa María Yalina,CAR,Registered,Forestry & Land Use,Improved Forest Management,Impermanent Removal,Latin America and the Caribbean,Mexico,Forest Rangers Alliance,2023.0,12512.0,16.33,A,Yes,No
CAR2000,Proyecto Forestal de Captura de Carbono Comunidad San Francisco La Reforma,CAR,Registered,Forestry & Land Use,Improved Forest Management,Impermanent Removal,Latin America and the Caribbean,Mexico,Forest Rangers Alliance,2023.0,8719.0,16.96,AA,Yes,No
CAR2001,Proyecto Forestal de Carbono Comunidad San Mateo La Reforma II,CAR,Registered,Forestry & Land Use,Improved Forest Management,Impermanent Removal,Latin America and the Caribbean,Mexico,Forest Rangers Alliance,2023.0,6588.0,18.28,BB,Yes,No
CAR2002,Proyecto Forestal de Carbono Comunidad Santa María Totomoxtla,CAR,Registered,Forestry & Land Use,Improved Forest Management,Impermanent Removal,Latin America and the Caribbean,Mexico,Forest Rangers Alliance,2023.0,1910.0,19.14,BBB,Yes,No
CAR2029,Bowen Harvested Fly Ash (SCM) Project,CAR,Registered,Industrial & Commercial,Lower Carbon Cement & Concrete,Reduction,North America,United States,Eco Material Technologies Inc,2024.0,104030.0,7.65,,No,No
CAR2036,American Grasslands Heritage #1,CAR,Registered,Forestry & Land Use,Avoided Grassland Conversion,Reduction,North America,United States,Cultivo Land PBC,2023.0,3631.0,20.57,,Yes,No
CAR2039,Deep Mine 41 Mine Methane Incineration Project,CAR,Registered,Industrial & Commercial,Mine Methane Capture,Reduction,North America,United States,"Keyrock Energy, LLC",2024.0,331133.0,7.68,AA,No,No
CAR2040,Proyecto Forestal de Captura de Carbono Ejido Salsipuedes,CAR,Registered,Forestry & Land Use,Improved Forest Management,Impermanent Removal,Latin America and the Caribbean,Mexico,Juan Carlos Leyva Reyes,2023.0,4707.0,14.57,B,Yes,No
CAR2041,De Groot South Biogas LLC,CAR,Registered,Agriculture,Manure Methane Digester,Reduction,North America,United States,"California Bioenergy, LLC",2024.0,8541.0,8.05,,No,No
CAR2042,Southpoint Biogas LLC,CAR,Registered,Agriculture,Manure Methane Digester,Reduction,North America,United States,"California Bioenergy, LLC",2024.0,5777.0,7.17,BBB,No,No
CAR2043,Richardson Ranch,CAR,Registered,Forestry & Land Use,Improved Forest Management,Mixed,North America,United States,Richardson Ranch LLC,2025.0,1003385.0,18.71,,Yes,No
CAR2045,American Grasslands Heritage #2,CAR,Registered,Forestry & Land Use,Avoided Grassland Conversion,Reduction,North America,United States,Cultivo Land PBC,2024.0,1217.0,12.08,BBB,Yes,No
CAR2046,American Grasslands Heritage #3,CAR,Registered,Forestry & Land Use,Avoided Grassland Conversion,Reduction,North America,United States,Cultivo Land PBC,2024.0,9306.0,13.56,BB,Yes,No
CAR2047,Blue Source - Alford Improved Forest Management Project,CAR,Registered,Forestry & Land Use,Improved Forest Management,Mixed,North America,United States,"Anew Carbon Development, LLC",2018.0,11355.0,13.44,BB,Yes,No
CAR2051,Comunidad San Antonio,CAR,Registered,Forestry & Land Use,Improved Forest Management,Impermanent Removal,Latin America and the Caribbean,Mexico,"Unidad de Conservación y Desarrollo Forestal Integral, Topia S.C.",2024.0,4094.0,19.92,B,Yes,No
CAR2052,Comunidad El Platanar,CAR,Registered,Forestry & Land Use,Improved Forest Management,Impermanent Removal,Latin America and the Caribbean,Mexico,"Unidad de Conservación y Desarrollo Forestal Integral, Topia S.C.",2024.0,3026.0,21.75,BBB,Yes,No
CAR2054,Mine 84 Abandoned Mine Methane Recovery Project,CAR,Registered,Industrial & Commercial,Mine Methane Capture,Reduction,North America,United States,"Keyrock Environment,LLC",2025.0,183994.0,8.15,AA,No,No
CAR2055,Urling Abandoned Mine Methane Recovery Project,CAR,Registered,Industrial & Commercial,Mine Methane Capture,Reduction,North America,United States,"Keyrock Environment,LLC",2025.0,12081.0,8.27,AA,No,No
CAR2056,American Eagle Mine Methane Incineration Project,CAR,Registered,Industrial & Commercial,Mine Methane Capture,Reduction,North America,United States,"Keyrock Energy, LLC",2025.0,509161.0,12.31,AAA,No,No
CAR2057,Beckley Pocahontas Mine Methane Incineration Project,CAR,Registered,Industrial & Commercial,Mine Methane Capture,Reduction,North America,United States,"Keyrock Energy, LLC",2024.0,44324.0,11.46,AA,No,No
CAR2058,Shoal Creek Mine Methane Incineration Project,CAR,Registered,Industrial & Commercial,Mine Methane Capture,Reduction,North America,United States,"Keyrock Energy, LLC",2025.0,191553.0,11.15,AA,No,No
CAR2060,Dyno Nobel LoMo NAP,CAR,Registered,Chemical Processes,N2O Destruction in Nitric Acid Production,Reduction,North America,United States,Dyno Nobel Inc.,2024.0,599179.0,13.78,AA,No,No
CAR2061,CERP1 Abandoned Mine Methane Recovery Project,CAR,Registered,Industrial & Commercial,Mine Methane Capture,Reduction,North America,United States,"Keyrock Environment,LLC",2025.0,73504.0,10.97,AA,No,No
CAR2080,American Grasslands Heritage #4,CAR,Registered,Forestry & Land Use,Avoided Grassland Conversion,Reduction,North America,United States,Cultivo Land PBC,2024.0,1563.0,15.05,A,Yes,No
CAR2084,Carbono Forestal Ejido El Maguey,CAR,Registered,Forestry & Land Use,Improved Forest Management,Impermanent Removal,Latin America and the Caribbean,Mexico,"CARBONOF MEXICO, S.A.P.I. DE C.V.",2024.0,15579.0,14.09,BB,Yes,No
CAR2087,Lent Hill Ag-Grid Biogas-to-Electricity Project,CAR,Registered,Agriculture,Manure Methane Digester,Reduction,North America,United States,"3Degrees Group, Inc",2025.0,20110.0,8.03,AAA,No,No
CAR2088,Lowry Mine Methane Incineration Project,CAR,Registered,Industrial & Commercial,Mine Methane Capture,Reduction,North America,United States,"Keyrock Energy, LLC",2025.0,36220.0,11.75,,No,No
CAR2089,Middle Fork Abandoned Mine Methane Recovery Project,CAR,Registered,Industrial & Commercial,Mine Methane Capture,Reduction,North America,United States,"Keyrock Environment,LLC",2025.0,27227.0,11.66,AA,No,No
CAR2090,Orient 6 Abandoned Mine Methane Recovery Project,CAR,Registered,Industrial & Commercial,Mine Methane Capture,Reduction,North America,United States,"Keyrock Environment,LLC",2025.0,29696.0,8.14,AAA,No,No
CAR2091,Federal 2 Abandoned Mine Methane Recovery Project,CAR,Registered,Industrial & Commercial,Mine Methane Capture,Reduction,North America,United States,"Keyrock Environment,LLC",2025.0,337485.0,7.48,AAA,No,No
CAR2092,New Era Abandoned Mine Methane Recovery Project,CAR,Registered,Industrial & Commercial,Mine Methane Capture,Reduction,North America,United States,"Keyrock Environment,LLC",2025.0,220149.0,6.09,AAA,No,No
CAR2108,Montour Harvested Fly Ash (SCM) Expansion Project,CAR,Registered,Industrial & Commercial,Lower Carbon Cement & Concrete,Reduction,North America,United States,Eco Material Technologies Inc,2023.0,36996.0,5.28,AA,No,No
CAR2110,Chiwi,CAR,Registered,Forestry & Land Use,Improved Forest Management,Impermanent Removal,Latin America and the Caribbean,Mexico,"Nature Focus Development, LLC",2023.0,63979.0,19.5,BB,Yes,No
CAR2111,Green Valley Abandoned Mine Methane Recovery Project,CAR,Registered,Industrial & Commercial,Mine Methane Capture,Reduction,North America,United States,"Keyrock Environment,LLC",2025.0,159383.0,11.19,AAA,No,No
CAR2112,Kielty Abandoned Mine Methane Recovery Project,CAR,Registered,Industrial & Commercial,Mine Methane Capture,Reduction,North America,United States,"Keyrock Environment,LLC",2025.0,147508.0,9.46,A,No,No
CAR2113,New Future Abandoned Mine Methane Recovery Project,CAR,Registered,Industrial & Commercial,Mine Methane Capture,Reduction,North America,United States,"Keyrock Environment,LLC",2025.0,73186.0,7.99,AAA,No,No
CAR2114,Wabash Abandoned Mine Methane Recovery Project,CAR,Registered,Industrial & Commercial,Mine Methane Capture,Reduction,North America,United States,"Keyrock Environment,LLC",2025.0,286753.0,14.45,,No,No
CAR2115,Caborachi,CAR,Registered,Forestry & Land Use,Improved Forest Management,Impermanent Removal,Latin America and the Caribbean,Mexico,"Nature Focus Development, LLC",2023.0,77071.0,15.61,BB,Yes,No
CAR2119,Perfect Cycle ODS-6,CAR,Registered,Chemical Processes,Ozone Depleting Substances Recovery & Destruction,Reduction,North America,United States,"Perfect Score Too, LTD",2025.0,36319.0,10.68,AAA,No,No
CAR2121,Ejido Panalachi,CAR,Registered,Forestry & Land Use,Improved Forest Management,Impermanent Removal,Latin America and the Caribbean,Mexico,Ecosistemas y Medio Ambiente Sierra Madre,2024.0,47331.0,23.43,A,Yes,No
CAR2129,Chamness Methane Recovery Project,CAR,Registered,Industrial & Commercial,Mine Methane Capture,Reduction,North America,United States,"Keyrock Environment,LLC",2025.0,64379.0,13.02,AA,No,No
CAR2131,Carbono Forestal Comunidad San Martín Buenavista,CAR,Registered,Forestry & Land Use,Improved Forest Management,Impermanent Removal,Latin America and the Caribbean,Mexico,"CARBONOF MEXICO, S.A.P.I. DE C.V.",2023.0,19593.0,17.85,,Yes,No
CAR2135,Affinity Mine Methane Incineration Project,CAR,Registered,Industrial & Commercial,Mine Methane Capture,Reduction,North America,United States,"Keyrock Energy, LLC",2025.0,32794.0,7.36,AA,No,No
CAR2139,American Grasslands Heritage #5,CAR,Registered,Forestry & Land Use,Avoided Grassland Conversion,Reduction,North America,United States,Cultivo Land PBC,2024.0,1506.0,16.45,AA,Yes,No
CAR2152,Tradewater ODS 63,CAR,Registered,Chemical Processes,Ozone Depleting Substances Recovery & Destruction,Reduction,North America,United States,Tradewater LLC,2025.0,138000.0,12.77,A,No,No
CAR2153,Tradewater ODS 62,CAR,Registered,Chemical Processes,Ozone Depleting Substances Recovery & Destruction,Reduction,North America,United States,Tradewater LLC,2025.0,315246.0,10.17,AAA,No,No
CAR2157,Tradewater ODS 64,CAR,Registered,Chemical Processes,Ozone Depleting Substances Recovery & Destruction,Reduction,North America,United States,Tradewater LLC,2025.0,51771.0,15.49,AAA,No,No
CAR2167,Bonny Abandoned Mine Methane Recovery Project,CAR,Registered,Industrial & Commercial,Mine Methane Capture,Reduction,North America,United States,"Keyrock Environment,LLC",2025.0,86782.0,8.79,AA,No,No
CAR2171,Heilwood Mine Methane Incineration Project,CAR,Registered,Industrial & Commercial,Mine Methane Capture,Reduction,North America,United States,"Keyrock Energy, LLC",2025.0,27792.0,10.43,BB,No,No
CAR2211,Tradewater ODS 65,CAR,Registered,Chemical Processes,Ozone Depleting Substances Recovery & Destruction,Reduction,North America,United States,Tradewater LLC,2025.0,39953.0,9.21,AAA,No,No
CAR2217,Rend Lake Abandoned Mine Methane Recovery Project,CAR,Registered,Industrial & Commercial,Mine Methane Capture,Reduction,North America,United States,"Keyrock Environment,LLC",2025.0,32223.0,8.76,AAA,No,No
CAR2218,Oaktown Fuel 1 Mine Methane Incineration Project,CAR,Registered,Industrial & Commercial,Mine Methane Capture,Reduction,North America,United States,"Keyrock Energy, LLC",2025.0,11452.0,11.17,AAA,No,No
CAR2245,DMJJ,CAR,Registered,Industrial & Commercial,Mine Methane Capture,Reduction,North America,United States,"Keyrock Environment,LLC",2026.0,70202.0,14.27,AA,No,No
CAR2251,A-Gas 2-2025,CAR,Registered,Chemical Processes,Ozone Depleting Substances Recovery & Destruction,Reduction,North America,United States,Reclamation Technologies Inc.,2025.0,78861.0,7.26,,No,No
CAR2253,Pattiki 2 Abandoned Mine Methane Recovery Project,CAR,Registered,Industrial & Commercial,Mine Methane Capture,Reduction,North America,United States,"Keyrock Environment,LLC",2025.0,93013.0,14.18,,No,No
CAR2254,Willow Lake Mine Methane Recovery Project,CAR,Registered,Industrial & Commercial,Mine Methane Capture,Reduction,North America,United States,"Keyrock Environment,LLC",2025.0,54283.0,10.64,A,No,No
CAR2255,Deep Mine 26 Abandoned Mine Methane Recovery Project,CAR,Registered,Industrial & Commercial,Mine Methane Capture,Reduction,North America,United States,"Keyrock Environment,LLC",2025.0,78357.0,6.37,AA,No,No
CAR2257,Tradewater ODS 66,CAR,Registered,Chemical Processes,Ozone Depleting Substances Recovery & Destruction,Reduction,North America,United States,Tradewater LLC,2025.0,87092.0,8.98,AA,No,No
CAR2264,Ama-nap,CAR,Registered,Industrial & Commercial,Mine Methane Capture,Reduction,North America,United States,"Keyrock Environment,LLC",2026.0,9166.0,12.52,AAA,No,No
CAR2278,A-Gas 1-2026,CAR,Registered,Chemical Processes,Ozone Depleting Substances Recovery & Destruction,Reduction,North America,United States,Reclamation Technologies Inc.,2026.0,126429.0,7.45,AAA,No,No
CAR2283,Tradewater ODS 67,CAR,Registered,Chemical Processes,Ozone Depleting Substances Recovery & Destruction,Reduction,North America,United States,Tradewater LLC,2026.0,96054.0,9.19,,No,No
CAR2284,Maple Fork,CAR,Registered,Industrial & Commercial,Mine Methane Capture,Reduction,North America,United States,"Keyrock Energy, LLC",2026.0,50902.0,12.26,BBB,No,No
GS337,Kuyasa low-cost urban housing energy upgrade project Khayelitsha (Cape Town; South Africa),GOLD,Gold Standard Certified Project,Household & Community,Bundled Energy Efficiency,Reduction,Sub-Saharan Africa,South Africa,atmosfair gGmbH,2008.0,9341.0,3.98,,No,No
GS343,*4.5 MW Biomass (low density Crop Residues) based Power Generation unit of Malavalli Power Plant Pvt Ltd. (300011),GOLD,Gold Standard Certified Project,Renewable Energy,Biomass,Reduction,Southern Asia,India,South Pole Ltd,2001.0,91773.0,1.44,CCC,No,No
GS344,*EECOPALSA biogas capture & utilization,GOLD,Gold Standard Certified Project,Agriculture,Manure Methane Digester,Reduction,Latin America and the Caribbean,Honduras,EECOPALSA,2006.0,65894.0,5.23,BBB,No,No
GS347,*Anemon Intepe Wind Farm Turkey,GOLD,Gold Standard Certified Project,Renewable Energy,Wind,Reduction,Western Asia,Türkiye,Anemon Enerji Elektrik Uretim A.S.,2007.0,142129.0,2.38,CCC,No,No
GS351,Samli Wind Power Project Turkiye,GOLD,Gold Standard Certified Project,Renewable Energy,Wind,Reduction,Western Asia,Türkiye,Baki Elektrik Uretim Limited Şirketi,2009.0,180960.0,1.59,CCC,No,No
GS352,Yuntdag Wind Power Project Turkey,GOLD,Gold Standard Certified Project,Renewable Energy,Wind,Reduction,Western Asia,Türkiye,Innores Elektrik Uretim A.S.,2008.0,380124.0,1.7,CCC,No,No
GS353,Tuzla 7.5 MW Geothermal Power Plant,GOLD,Gold Standard Certified Project,Renewable Energy,Geothermal,Reduction,Western Asia,Türkiye,Tuzla Jeotermal Enerji A.S,2010.0,18775.0,2.12,BB,No,No
GS367,Catalca Wind Power Project,GOLD,Gold Standard Certified Project,Renewable Energy,Wind,Reduction,Western Asia,Türkiye,Sanko Enerji Sanayi ve Ticaret A.Ş.,2008.0,1380689.0,1.9,B,No,No
GS368,*Mare Manastir Wind Farm Turkey,GOLD,Gold Standard Certified Project,Renewable Energy,Wind,Reduction,Western Asia,Türkiye,MareManastir Ruzgar Enerji Santrali San.veTic.A:S.,2007.0,170292.0,2.02,BBB,Yes,No
GS369,*Sayalar Wind Farm Turkey,GOLD,Gold Standard Certified Project,Renewable Energy,Wind,Reduction,Western Asia,Türkiye,Dogal Enerji Elektrik Uretim A.S.,2008.0,120916.0,1.8,A,No,No
GS375,*Fujian Zhangpu Liuao 45MW Wind Power Project,GOLD,Gold Standard Certified Project,Renewable Energy,Wind,Reduction,Eastern Asia,China,CWEME,2008.0,302076.0,1.58,BB,No,No
GS382,*Sri Balaji 6 MW Non-Conventional Renewable Sources Biomass Power Project,GOLD,Gold Standard Certified Project,Renewable Energy,Biomass,Reduction,Southern Asia,India,Deactivated Projects,2006.0,249584.0,2.95,CCC,No,No
GS383,*Ningxia Yinyi 49.50MW Wind-farm Project,GOLD,Gold Standard Certified Project,Renewable Energy,Wind,Reduction,Eastern Asia,China,Climate Impact Partners Limited,2007.0,163911.0,1.23,CCC,No,No
GS388,Mazı-3 30 MW Wind Power Plant Project,GOLD,Gold Standard Certified Project,Renewable Energy,Wind,Reduction,Western Asia,Türkiye,Bilgin Güc Santralleri Enerji Üretim A.S,2009.0,152635.0,1.83,B,No,No
GS390,Belen Wind Power Plant,GOLD,Gold Standard Certified Project,Renewable Energy,Wind,Reduction,Western Asia,Türkiye,Belen Elektrik Üretim A.Ş.,2009.0,75566.0,1.63,,No,No
GS395,La Esperanza Hydroelectric Project,GOLD,Gold Standard Certified Project,Renewable Energy,Hydropower,Reduction,Latin America and the Caribbean,Honduras,atmosfair gGmbH,2006.0,293858.0,1.86,,No,No
GS397,*Suzhou Qizi Mountain Landfill Gas Recovery Project (300259),GOLD,Gold Standard Certified Project,Waste Management,Landfill Methane,Reduction,Eastern Asia,China,South Pole Ltd,2007.0,105136.0,4.45,A,Yes,No
GS398,Soma-Polat Wind Farm Project,GOLD,Gold Standard Certified Project,Renewable Energy,Wind,Reduction,Western Asia,Türkiye,Soma Enerji Elektrik Uretim AS,2009.0,812934.0,1.97,CCC,Yes,No
GS399,Alize Camseki 20.8 MW Wind Farm Project Turkey (300209),GOLD,Gold Standard Certified Project,Renewable Energy,Wind,Reduction,Western Asia,Türkiye,Alize Enerji Elektrik Uretim Anonim Sirketi,2009.0,32735.0,2.0,B,No,No
GS401,Guangzhou Zhujiang Beer Methane Recovery Project (300068),GOLD,Gold Standard Certified Project,Waste Management,Methane Recovery in Wastewater,Reduction,Eastern Asia,China,Deactivated Projects,2009.0,19508.0,3.76,BB,No,No
GS407,Gyapa Cook Stoves Project in Ghana,GOLD,Gold Standard Certified Project,Household & Community,Cookstoves,Reduction,Sub-Saharan Africa,Ghana,Relief International,2008.0,1262020.0,8.66,,No,No
GS410,*Bagepalli CDM Biogas Programme,GOLD,Gold Standard Certified Project,Household & Community,Biodigesters,Reduction,Southern Asia,India,Agricultural Development and Training Society,2007.0,158480.0,5.24,BB,No,No
GS411,Efficient Fuel Wood Stoves for Nigeria,GOLD,Gold Standard Certified Project,Household & Community,Cookstoves,Reduction,Sub-Saharan Africa,Nigeria,atmosfair gGmbH,2009.0,97297.0,9.66,CCC,No,No
GS413,*Improved Household Charcoal Stoves in Ghana,GOLD,Gold Standard Certified Project,Household & Community,Cookstoves,Reduction,Sub-Saharan Africa,Ghana,E+Carbon Inc,2007.0,2719.0,4.04,CCC,No,No
GS417,Hebei Shangyi Manjing East Wind Farm Project,GOLD,Gold Standard Certified Project,Renewable Energy,Wind,Reduction,Eastern Asia,China,Carbon Resource Management Ltd.,2007.0,311368.0,1.75,A,No,No
GS419,Zhangbei Mijiagou 49.5 MW Wind Farm Project in China,GOLD,Gold Standard Certified Project,Renewable Energy,Wind,Reduction,Eastern Asia,China,Goldchina Consultancy International Co. Ltd,2008.0,160224.0,2.06,BBB,No,No
GS423,*Salido Kecil Mini Hydropower Plant,GOLD,Gold Standard Certified Project,Renewable Energy,Hydropower,Reduction,South-Eastern Asia,Indonesia,myclimate Foundation,2007.0,1449.0,1.78,CCC,No,No
GS424,CECIC Zhangbei Dayangzhuang Wind Farm Project,GOLD,Gold Standard Certified Project,Renewable Energy,Wind,Reduction,Eastern Asia,China,ClimateCare Limited,2013.0,252625.0,0.98,CCC,No,No
GS436,Akbuk Wind Farm Project Turkey,GOLD,Gold Standard Certified Project,Renewable Energy,Wind,Reduction,Western Asia,Türkiye,Ayen Enerji A. S.,2009.0,102032.0,2.19,,No,No
GS437,*Keltepe Wind Farm Project  Turkey,GOLD,Gold Standard Certified Project,Renewable Energy,Wind,Reduction,Western Asia,Türkiye,Alize Enerji Elektrik Uretim Anonim Sirketi,2009.0,191053.0,1.65,,No,No
GS438,Dares Datça Wind Farm Project Turkey,GOLD,Gold Standard Certified Project,Renewable Energy,Wind,Reduction,Western Asia,Türkiye,Dares Datca Ruzgar Enerji Santrali San.veTic.A.S.,2008.0,166796.0,2.37,BBB,Yes,No
GS439,*Burgaz Wind Farm Project Turkey,GOLD,Gold Standard Certified Project,Renewable Energy,Wind,Reduction,Western Asia,Türkiye,Yeniden Enerji Elektrik Uretim Anonim Sirketi,2007.0,69171.0,1.47,CCC,No,No
GS441,Electricity generation from mustard crop residues: Tonk India,GOLD,Gold Standard Certified Project,Renewable Energy,Biomass,Reduction,Southern Asia,India,Kalpataru Power Transmission Limited,2008.0,514017.0,2.87,BBB,No,No
GS445,Dora II 9.5 MWe Geothermal Energy Project (300274),GOLD,Gold Standard Certified Project,Renewable Energy,Geothermal,Reduction,Western Asia,Türkiye,South Pole Ltd SCV,2010.0,13722.0,2.79,B,No,No
GS447,Improved Cookstoves for Social Impact in Ugandan Communities,GOLD,Gold Standard Certified Project,Household & Community,Cookstoves,Reduction,Sub-Saharan Africa,Uganda,Impact Carbon,2007.0,2762845.0,5.01,CCC,No,No
GS449,*Honiton Energy Bailingmiao Phase One Windfarm Project,GOLD,Gold Standard Certified Project,Renewable Energy,Wind,Reduction,Eastern Asia,China,Camco Voluntary Credits Ltd,2008.0,108984.0,2.46,,Yes,No
GS452,*Huadian Ningxia Ningdong Yangjiayao 45MW Wind-farm Project,GOLD,Gold Standard Certified Project,Renewable Energy,Wind,Reduction,Eastern Asia,China,Climate Impact Partners Limited,2008.0,182783.0,1.57,CCC,No,No
GS455,*Ningxia Yinyi 49.50MW Wind-farm Project_preCDM VERs,GOLD,Gold Standard Certified Project,Renewable Energy,Wind,Reduction,Eastern Asia,China,Climate Impact Partners Limited,2007.0,3433.0,1.23,,Yes,No
GS458,Univanich Lamthap POME Biogas Project,GOLD,Gold Standard Certified Project,Waste Management,Methane Recovery in Wastewater,Reduction,South-Eastern Asia,Thailand,Carbon Bridge Pte Ltd,2009.0,186620.0,7.05,,No,No
GS460,Univanich TOPI Biogas Project,GOLD,Gold Standard Certified Project,Waste Management,Methane Recovery in Wastewater,Reduction,South-Eastern Asia,Thailand,Carbon Bridge Pte Ltd,2009.0,257215.0,7.02,,No,No
GS464,ADES Solar and efficient stoves in Madagascar,GOLD,Gold Standard Certified Project,Household & Community,Cookstoves,Reduction,Sub-Saharan Africa,Madagascar,myclimate Foundation,2008.0,648308.0,11.68,A,No,No
GS470,*Energeticos Jaremar - Biogas recovery from Palm Oil Mill Effluent (POME) ponds and heat & electricity generation Honduras,GOLD,Gold Standard Certified Project,Waste Management,Methane Recovery in Wastewater,Reduction,Latin America and the Caribbean,Honduras,Energeticos Jaremar,2008.0,255282.0,4.55,BBB,No,No
GS472,InfraVest Changbin and Taichung bundled Wind Farms Project - Taiwan (300190),GOLD,Gold Standard Certified Project,Renewable Energy,Wind,Reduction,Eastern Asia,Taiwan,South Pole Ltd,2008.0,30118.0,1.35,BB,Yes,No
GS474,*Rotor Elektrik Uretim Osmaniye Wind Farm,GOLD,Gold Standard Certified Project,Renewable Energy,Wind,Reduction,Western Asia,Türkiye,Zorlu Yenilenebilir Enerji A.Ş.,2009.0,577072.0,1.34,BB,No,No
GS481,Qielong 1.2MW Hydro Power Project,GOLD,Gold Standard Certified Project,Renewable Energy,Hydropower,Reduction,Eastern Asia,China,Climate Bridge (Shanghai) Ltd.,2010.0,2408.0,2.18,,Yes,No
GS500,Darfur Efficient Cook-stove Project,GOLD,Gold Standard Certified Project,Household & Community,Cookstoves,Reduction,Northern Africa,Sudan,Carbon Clear,2010.0,25018.0,5.57,BB,No,No
GS503,Kemerburgaz wind farm project,GOLD,Gold Standard Certified Project,Renewable Energy,Wind,Reduction,Western Asia,Türkiye,LODOS ELEKTRIK ÜRETIM A.S.,2008.0,25743.0,2.01,B,No,No
GS504,*WWF Nepal Gold Standard Biogas Voluntary Emission Reduction (VER) Project,GOLD,Gold Standard Certified Project,Household & Community,Biodigesters,Reduction,Southern Asia,Nepal,BSP-N,2007.0,72814.0,5.56,BBB,No,No
GS505,Honiton Energy Bailingmiao Phase Two Windfarm Project,GOLD,Gold Standard Certified Project,Renewable Energy,Wind,Reduction,Eastern Asia,China,Camco Voluntary Credits Ltd,2011.0,37976.0,1.4,CCC,No,No
GS514,CECIC Zhangbei Dayangzhuang Wind Farm pre-CDM VER Project,GOLD,Gold Standard Certified Project,Renewable Energy,Wind,Reduction,Eastern Asia,China,Goldchina Consultancy International Co. Ltd,2008.0,2721.0,1.99,,No,No
GS554,Gansu Anxi Wind Farm Project 100.5 MW,GOLD,Gold Standard Certified Project,Renewable Energy,Wind,Reduction,Eastern Asia,China,Camco Clean Energy PLC,2008.0,180996.0,2.72,BBB,No,No
GS560,CYY Biopower Wastewater treatment plant including biogas reuse for thermal oil replacement and electricity generation Project Thailand (300059),GOLD,Gold Standard Certified Project,Waste Management,Methane Recovery in Wastewater,Reduction,South-Eastern Asia,Thailand,South Pole Ltd,2013.0,366956.0,4.84,BBB,No,No
GS565,Bangna Starch Wastewater Treatment and Biogas Utilization Project (300084),GOLD,Gold Standard Certified Project,Waste Management,Methane Recovery in Wastewater,Reduction,South-Eastern Asia,Thailand,South Pole Ltd,2009.0,289700.0,3.98,A,No,No
GS566,Prony and Kafeate wind-farms New Caledonia (300344),GOLD,Gold Standard Certified Project,Renewable Energy,Wind,Reduction,Oceania,New Caledonia,South Pole Ltd,2008.0,21408.0,1.26,,No,No
GS567,Amayo 40 MW Wind Power Project – Nicaragua,GOLD,Gold Standard Certified Project,Renewable Energy,Wind,Reduction,Latin America and the Caribbean,Nicaragua,Consorcio Eólico Amayo S.A.,2009.0,998832.0,2.1,,No,No
GS574,Cataltepe 16MW Wind Farm Project Turkey,GOLD,Gold Standard Certified Project,Renewable Energy,Wind,Reduction,Western Asia,Türkiye,Alize Enerji Elektrik Uretim Anonim Sirketi,2011.0,27019.0,2.22,,No,No
GS575,Poyraz 54.9 MW Wind Farm Project Turkey,GOLD,Gold Standard Certified Project,Renewable Energy,Wind,Reduction,Western Asia,Türkiye,POYRAZ ENERJI ELEKTRIK RETIM A.S,2023.0,176846.0,2.91,CCC,No,No
GS576,Kuyucak 25.6 MW Wind Farm Project Turkey,GOLD,Gold Standard Certified Project,Renewable Energy,Wind,Reduction,Western Asia,Türkiye,Alize Enerji Elektrik Uretim Anonim Sirketi,2010.0,97779.0,2.24,BB,No,No
GS577,Sarikaya 28.8 MW Wind Farm Project Turkey,GOLD,Gold Standard Certified Project,Renewable Energy,Wind,Reduction,Western Asia,Türkiye,Alize Enerji Elektrik Uretim Anonim Sirketi,2009.0,63683.0,2.54,BB,No,No
GS578,Seyitali 30 MW Wind Farm Project Turkey,GOLD,Gold Standard Certified Project,Renewable Energy,Wind,Reduction,Western Asia,Türkiye,Doruk Enerji Elektrik Uretim A.S.,2011.0,91297.0,2.23,CCC,No,No
GS579,Samurlu 30 MW Wind Farm Project Turkey,GOLD,Gold Standard Certified Project,Renewable Energy,Wind,Reduction,Western Asia,Türkiye,Dogal Enerji Elektrik Uretim A.S.,2023.0,61051.0,1.55,CCC,No,No
GS580,Kozbeyli 30 MW Wind Farm Project Turkey,GOLD,Gold Standard Certified Project,Renewable Energy,Wind,Reduction,Western Asia,Türkiye,Dogal Enerji Elektrik Uretim A.S.,2023.0,63603.0,3.67,B,No,No
GS601,Kores Kocadag Wind Power Project Turkey,GOLD,Gold Standard Certified Project,Renewable Energy,Wind,Reduction,Western Asia,Türkiye,Innores Elektrik Uretim A.S.,2009.0,134747.0,1.76,,No,No
GS605,Antai Group Waste Gas Recovery for Power Generation Project (300303),GOLD,Gold Standard Certified Project,Industrial & Commercial,Waste Gas Recovery,Reduction,Eastern Asia,China,South Pole Ltd,2008.0,23194.0,2.69,BB,Yes,No
GS607,The 2nd 45MW Wind-farm project of Huadian Ningxia Ningdong Yangjiayao,GOLD,Gold Standard Certified Project,Renewable Energy,Wind,Reduction,Eastern Asia,China,Climate Impact Partners Limited,2010.0,49420.0,1.7,CCC,No,No
GS608,GEYCEK Wind Farm Project,GOLD,Gold Standard Certified Project,Renewable Energy,Wind,Reduction,Western Asia,Türkiye,AL-YEL Elektrik Uretim A.S.,2016.0,684251.0,1.86,BB,No,No
GS612,InfraVest Guanyin Wind Farm Project - Taiwan,GOLD,Gold Standard Certified Project,Renewable Energy,Wind,Reduction,Eastern Asia,Taiwan,South Pole Ltd,2010.0,25412.0,1.45,CCC,No,No
GS617,Ziyaret Wind Power Project Turkey,GOLD,Gold Standard Certified Project,Renewable Energy,Wind,Reduction,Western Asia,Türkiye,Fiba Yenilenebilir Enerji Holding A.Ş,2010.0,289230.0,2.18,CCC,Yes,No
GS621,Mosa POME Methane Capture Project,GOLD,Gold Standard Certified Project,Waste Management,Methane Recovery in Wastewater,Reduction,Oceania,Papua New Guinea,Carbon Bridge Pte Ltd,2012.0,55390.0,5.77,BBB,No,No
GS622,Kumbango POME Methane Capture Project,GOLD,Gold Standard Certified Project,Waste Management,Methane Recovery in Wastewater,Reduction,Oceania,Papua New Guinea,Carbon Bridge Pte Ltd,2012.0,45162.0,6.29,BB,No,No
GS628,*PRE_CDM VER Tonk Biomass Project India,GOLD,Gold Standard Certified Project,Renewable Energy,Biomass,Reduction,Southern Asia,India,Kalpataru Power Transmission Limited,2007.0,2474.0,2.38,B,No,No
GS633,16.7 MW HAMZALI Hydroelectric Power Plant,GOLD,Gold Standard Certified Project,Renewable Energy,Hydropower,Reduction,Western Asia,Türkiye,RESADIYE HAMZALI ELEKTRIK ÜRETIM SANAYI VE TICARET ANONIM SIRKETI,2008.0,122907.0,1.91,B,No,No
GS634,AY-YILDIZ 15 MW WPP,GOLD,Gold Standard Certified Project,Renewable Energy,Wind,Reduction,Western Asia,Türkiye,AKENERJI ELEKTRIK URETIM AS,2009.0,4410.0,1.89,BB,No,No
GS635,Selimoglu 9.3 MW HPP,GOLD,Gold Standard Certified Project,Renewable Energy,Hydropower,Reduction,Western Asia,Türkiye,ARSIN Enerji,2010.0,5150.0,1.7,B,No,No
GS636,GUNAYSE  HPP,GOLD,Gold Standard Certified Project,Renewable Energy,Hydropower,Reduction,Western Asia,Türkiye,ARSIN Enerji,2009.0,10260.0,1.13,BB,No,No
GS637,KALE HPP,GOLD,Gold Standard Certified Project,Renewable Energy,Hydropower,Reduction,Western Asia,Türkiye,GTE KARBON SUSTAINABLE ENERJI  EGITIM DANISMANLIK VE TICARET A.S.,2010.0,16964.0,2.3,CCC,No,No
GS638,KronoClimate,GOLD,Gold Standard Certified Project,Renewable Energy,Biomass,Reduction,Eastern Europe,Russia,Krono Holding AG,2006.0,186548.0,2.48,,No,No
GS653,Söke-Çatalbük 30 MW Wind Power Project Turkey,GOLD,Gold Standard Certified Project,Renewable Energy,Wind,Reduction,Western Asia,Türkiye,ABK Enerji Elektrik retim A._.,2012.0,25013.0,2.28,CCC,No,No
GS655,Soma Wind Power Plant,GOLD,Gold Standard Certified Project,Renewable Energy,Wind,Reduction,Western Asia,Türkiye,Bilgin Güc Santralleri Enerji Üretim A.S,2010.0,437584.0,1.61,CCC,No,No
GS659,UPOIC Wastewater Treatment for Energy Generation Krabi,GOLD,Gold Standard Certified Project,Waste Management,Methane Recovery in Wastewater,Reduction,South-Eastern Asia,Thailand,Swiss Carbon Assets Ltd.,2014.0,9746.0,6.33,AA,No,No
GS660,Lam Soon Wastewater Treatment for Energy Generation Trang,GOLD,Gold Standard Certified Project,Waste Management,Methane Recovery in Wastewater,Reduction,South-Eastern Asia,Thailand,Swiss Carbon Assets Ltd.,2014.0,1892.0,4.68,A,No,No
GS662,Blue Fire Bio wastewater treatment and biogas utilisation project (300147),GOLD,Gold Standard Certified Project,Waste Management,Methane Recovery in Wastewater,Reduction,South-Eastern Asia,Thailand,South Pole Ltd,2013.0,51054.0,6.92,BBB,No,No
GS663,ARALIK HEPP,GOLD,Gold Standard Certified Project,Renewable Energy,Hydropower,Reduction,Western Asia,Türkiye,RESADIYE HAMZALI ELEKTRIK ÜRETIM SANAYI VE TICARET ANONIM SIRKETI,2010.0,4232.0,2.57,,No,No
GS670,Kolar Biogas Project,GOLD,Gold Standard Certified Project,Household & Community,Biodigesters,Reduction,Southern Asia,India,myclimate Foundation,2012.0,378977.0,11.01,BBB,No,No
GS672,Düzova Wind Power Project Turkey,GOLD,Gold Standard Certified Project,Renewable Energy,Wind,Reduction,Western Asia,Türkiye,Fiba Yenilenebilir Enerji Holding A.Ş,2009.0,237983.0,1.22,B,No,No
GS675,Sincan Landfill Gas Collection and Energy Utilization Project Turkey,GOLD,Gold Standard Certified Project,Waste Management,Landfill Methane,Reduction,Western Asia,Türkiye,ITC Invest Trading & Consulting AG Ankara Branch,2011.0,189493.0,4.8,,No,No
GS683,Bandirma-3 WPP,GOLD,Gold Standard Certified Project,Renewable Energy,Wind,Reduction,Western Asia,Türkiye,BURSA TEMIZ ENERJI ELEKTRIK URETIM SANAYI VE TICARET ANONIM SIRKETI,2010.0,187425.0,1.75,BB,No,No
GS685,GS1005 Qori Q'oncha - Improved cookstoves diffusion programme in Peru - VPA1,GOLD,Gold Standard Certified Project,Household & Community,Cookstoves,Reduction,Latin America and the Caribbean,Peru,MICROSOL SAS,2008.0,329956.0,4.75,CCC,No,No
GS687,Jilin Huaneng Zhenlai Mali Wind Power Project,GOLD,Gold Standard Certified Project,Renewable Energy,Wind,Reduction,Eastern Asia,China,Tricorona Carbon Asset Management Pte Ltd,2010.0,219785.0,1.93,B,No,No
GS689,Zhaoyang rural household biogas tank program,GOLD,Gold Standard Certified Project,Household & Community,Biodigesters,Reduction,Eastern Asia,China,Initiative Developpement,2009.0,8767.0,6.2,CCC,No,No
GS690,*Proyecto Mirador enhanced distribution of efficient woodstoves,GOLD,Gold Standard Certified Project,Household & Community,Cookstoves,Reduction,Latin America and the Caribbean,Honduras,Proyecto Mirador,2009.0,5649.0,3.66,CCC,No,No
GS702,Boreas-1 Enez Wind Power Plant,GOLD,Gold Standard Certified Project,Renewable Energy,Wind,Reduction,Western Asia,Türkiye,BOREAS Enerji retim Sistemleri Sanayi Tic. A._.,2011.0,49414.0,2.17,,No,No
GS707,LANDFILL GAS EXTRACTION AND ELECTRICITY GENERATION PROJECT - ISTANBUL TURKEY,GOLD,Gold Standard Certified Project,Waste Management,Landfill Methane,Reduction,Western Asia,Türkiye,Yeşil Global Enerji A.S,2010.0,3452605.0,4.63,,Yes,No
GS708,Chumporn applied biogas technology for advanced waste water management,GOLD,Gold Standard Certified Project,Waste Management,Methane Recovery in Wastewater,Reduction,South-Eastern Asia,Thailand,Deutsche Gesellschaft fuer Internationale Zusammenarbeit GmbH,2009.0,73217.0,4.77,A,No,No
GS710,Federal Intertrade Haiyuan Solar Cooker Project,GOLD,Gold Standard Certified Project,Household & Community,Cookstoves,Reduction,Eastern Asia,China,Clean Air Trade Inc.,2010.0,97820.0,6.93,B,No,No
GS715,Adana Landfill Waste Management Project Turkey,GOLD,Gold Standard Certified Project,Waste Management,Landfill Methane,Reduction,Western Asia,Türkiye,ITC Invest Trading & Consulting AG Ankara Branch,2011.0,51056.0,3.36,AAA,Yes,No
GS726,Kayabuku HEPP,GOLD,Gold Standard Certified Project,Renewable Energy,Hydropower,Reduction,Western Asia,Türkiye,SEKANS ENERJI LIMITED ŞİRKETİ,2022.0,1990.0,3.17,BBB,No,No
GS729,Selale HEPP,GOLD,Gold Standard Certified Project,Renewable Energy,Hydropower,Reduction,Western Asia,Türkiye,GTE KARBON SUSTAINABLE ENERJI EGITIM DANISMANLIK VE TICARET A.S.,2023.0,17567.0,3.91,CCC,No,No
GS733,Şenbük Wind Power Project Turkey,GOLD,Gold Standard Certified Project,Renewable Energy,Wind,Reduction,Western Asia,Türkiye,Bakras Enerji Elektrik retim ve Ticaret A.S.,2010.0,1346.0,1.56,BB,No,No
GS735,Aliaga Wind Farm,GOLD,Gold Standard Certified Project,Renewable Energy,Wind,Reduction,Western Asia,Türkiye,Bilgin Güc Santralleri Enerji Üretim A.S,2010.0,609539.0,1.68,CCC,Yes,No
GS744,60 MW Bandirma Wind Power Plant Project,GOLD,Gold Standard Certified Project,Renewable Energy,Wind,Reduction,Western Asia,Türkiye,BORUSAN ENBW ENERJI YATIRIMLARI VE ÜRETIM A.S.,2015.0,409964.0,1.98,BB,No,No
GS745,Gaziantep Landfill Gas to Energy Project Turkey,GOLD,Gold Standard Certified Project,Waste Management,Landfill Methane,Reduction,Western Asia,Türkiye,CEV Enerji retim Sanayi ve Ticaret Limited _irket,2014.0,266025.0,3.81,A,No,No
GS746,Metro Group Energy WWT Project (300392),GOLD,Gold Standard Certified Project,Waste Management,Methane Recovery in Wastewater,Reduction,South-Eastern Asia,Thailand,South Pole Ltd,2013.0,65178.0,5.86,,No,No
GS749,Daðdelen Weir and Hydro Power Plant,GOLD,Gold Standard Certified Project,Renewable Energy,Hydropower,Reduction,Western Asia,Türkiye,Enerjisa Enerji Uretim A.S.,2019.0,6884.0,3.43,CCC,No,No
GS750,Hebei Yingxin Glass Group Co. Ltd. Glass Furnace Flue Gas Waste Heat To Energy Project (300502),GOLD,Gold Standard Certified Project,Industrial & Commercial,Waste Heat Recovery,Reduction,Eastern Asia,China,Swiss Carbon Assets Ltd.,2010.0,20085.0,4.62,AA,Yes,No
GS751,National Biodigester Programme Cambodia,GOLD,Gold Standard Certified Project,Household & Community,Biodigesters,Reduction,South-Eastern Asia,Cambodia,MAFF/National Biodigester Programme,2009.0,90053.0,5.45,BBB,No,No
GS753,Mersin Wind Farm Project,GOLD,Gold Standard Certified Project,Renewable Energy,Wind,Reduction,Western Asia,Türkiye,Galata Wind Enerji A.S.,2010.0,469089.0,1.87,,Yes,No
GS756,Efficient Fuel Wood Cooking Stoves Project in Foothills and Plains of Central Region of Nepal,GOLD,Gold Standard Certified Project,Household & Community,Cookstoves,Reduction,Southern Asia,Nepal,Egluro,2011.0,39672.0,6.11,B,No,No
GS764,Bolu Landfill Gas to Energy Project Turkey,GOLD,Gold Standard Certified Project,Waste Management,Landfill Methane,Reduction,Western Asia,Türkiye,CEV Enerji retim Sanayi ve Ticaret Limited _irket,2014.0,93581.0,5.76,,No,No
GS765,BK Energia Itacoatiara Project,GOLD,Gold Standard Certified Project,Renewable Energy,Biomass,Reduction,Latin America and the Caribbean,Brazil,myclimate Foundation,2009.0,472891.0,3.98,BB,No,No
GS768,Biogas CDM Project of Bagepalli Coolie Sangha,GOLD,Gold Standard Certified Project,Household & Community,Biodigesters,Reduction,Southern Asia,India,Bagepalli Coolie Sangha (BCS),2010.0,225030.0,6.0,,Yes,No
GS769,Stoves for Life: Energy Efficient Cook Stoves Project in Kakamega Kenya,GOLD,Gold Standard Certified Project,Household & Community,Cookstoves,Reduction,Sub-Saharan Africa,Kenya,myclimate Foundation,2010.0,90652.0,4.84,BB,No,No
GS816,WEB Aruba N.V.,GOLD,Gold Standard Certified Project,Renewable Energy,Wind,Reduction,Latin America and the Caribbean,Aruba,WEB Aruba N.V.,2012.0,28656.0,2.54,,No,No
GS824,Shimba Hills Improved Cook Stoves,GOLD,Gold Standard Certified Project,Household & Community,Cookstoves,Reduction,Sub-Saharan Africa,Kenya,CO2balance UK ltd,2010.0,14435.0,6.64,CCC,No,No
GS828,Amayo Phase II Wind Power Project,GOLD,Gold Standard Certified Project,Renewable Energy,Wind,Reduction,Latin America and the Caribbean,Nicaragua,Consorcio Eólico Amayo S.A.,2014.0,483488.0,2.51,CCC,No,No
GS835,Hunan Guanbaodu-Liangjiangkou Small-scale Hydropower Bundle Project,GOLD,Gold Standard Certified Project,Renewable Energy,Hydropower,Reduction,Eastern Asia,China,Climate Bridge (Shanghai) Ltd.,2009.0,4991.0,2.16,CCC,No,No
GS840,La La Hydropower Project Vietnam,GOLD,Gold Standard Certified Project,Renewable Energy,Hydropower,Reduction,South-Eastern Asia,Viet Nam,Deactivated Projects,2017.0,7884.0,2.15,CCC,No,No
GS841,DAKFOCAM Wastewater project,GOLD,Gold Standard Certified Project,Waste Management,Methane Recovery in Wastewater,Reduction,South-Eastern Asia,Viet Nam,ecotawa AG,2011.0,23803.0,3.81,BB,No,No
GS843,Kisumu Improved Cook Stoves,GOLD,Gold Standard Certified Project,Household & Community,Cookstoves,Reduction,Sub-Saharan Africa,Kenya,CO2balance UK ltd,2010.0,27832.0,5.37,CCC,No,No
GS845,Zeytineli Wind Power Project Turkey,GOLD,Gold Standard Certified Project,Renewable Energy,Wind,Reduction,Western Asia,Türkiye,Bilgin Güc Santralleri Enerji Üretim A.S,2022.0,104936.0,3.11,B,No,No
GS849,Social Education and Development Society (SEDS) Biogas CDM project for the rural poor,GOLD,Gold Standard Certified Project,Household & Community,Biodigesters,Reduction,Southern Asia,India,Social Education & Development Society (SEDS),2011.0,87717.0,6.35,A,No,No
GS854,Balikesir Susurluk 45 MW Wind Farm Project,GOLD,Gold Standard Certified Project,Renewable Energy,Wind,Reduction,Western Asia,Türkiye,Eksim Enerji Anonim Sirketi,2011.0,191685.0,2.32,A,Yes,No
GS858,Improved Cook Stoves CDM project of JSMBT,GOLD,Gold Standard Certified Project,Household & Community,Cookstoves,Reduction,Southern Asia,India,Janara Samuha Mutual Benefit Trust (JSMBT),2012.0,146553.0,5.87,,No,No
GS869,Biogas utilization project in Zhejiang Jingxing Paper Joint Stock Co. Ltd.. (300660),GOLD,Gold Standard Certified Project,Waste Management,Methane Recovery in Wastewater,Reduction,Eastern Asia,China,Swiss Carbon Assets Ltd.,2011.0,37246.0,4.2,AAA,No,No
GS872,Cataloluk HEPP,GOLD,Gold Standard Certified Project,Renewable Energy,Hydropower,Reduction,Western Asia,Türkiye,ST Climate,2010.0,16542.0,1.27,CCC,No,No
GS879,Energy Efficient Cook Stoves for Siaya Communities Kenya,GOLD,Gold Standard Certified Project,Household & Community,Cookstoves,Reduction,Sub-Saharan Africa,Kenya,myclimate Foundation,2011.0,374101.0,9.21,BBB,No,No
GS883,Aberdares Improved Cook Stoves,GOLD,Gold Standard Certified Project,Household & Community,Cookstoves,Reduction,Sub-Saharan Africa,Kenya,CO2balance UK ltd,2010.0,12084.0,10.23,CCC,No,No
GS886,Sustainable Deployment of the LifeStraw Family in rural Kenya,GOLD,Gold Standard Certified Project,Household & Community,Cookstoves,Reduction,Sub-Saharan Africa,Kenya,Vestergaard Frandsen Group SA,2011.0,28866.0,5.56,AAA,No,No
GS905,Sah Wind Power Plant,GOLD,Gold Standard Certified Project,Renewable Energy,Wind,Reduction,Western Asia,Türkiye,Galata Wind Enerji A.S.,2011.0,1118036.0,2.86,BBB,Yes,No
GS906,Canakkale WPP,GOLD,Gold Standard Certified Project,Renewable Energy,Wind,Reduction,Western Asia,Türkiye,Enerjisa Enerji Uretim A.S.,2011.0,141711.0,1.19,BB,Yes,No
GS913,Efficient Wood Fuel Stove-Cooking-Sets Lesotho,GOLD,Gold Standard Certified Project,Household & Community,Cookstoves,Reduction,Sub-Saharan Africa,Lesotho,atmosfair gGmbH,2012.0,223534.0,7.81,CCC,No,No
GS918,GS1205 Sustainable Energy for Development PoA VPA 1: Improved Cook Stove project in Longjie Guizhou,GOLD,Gold Standard Certified Project,Household & Community,Cookstoves,Reduction,Eastern Asia,China,Initiative Developpement,2012.0,5040.0,6.36,CCC,No,No
GS922,Solar Lighting in Rural Ethiopia - VPA 1,GOLD,Gold Standard Certified Project,Renewable Energy,Solar Lighting,Reduction,Sub-Saharan Africa,Ethiopia,myclimate Foundation,2010.0,14410.0,4.79,B,No,No
GS931,Miaoli 49.8MW Wind Farm Project,GOLD,Gold Standard Certified Project,Renewable Energy,Wind,Reduction,Eastern Asia,Taiwan,Nanjitan Asset Management Ltd.,2010.0,255209.0,1.89,,No,No
GS935,Samsun Landfill Gas to Energy Project Turkey,GOLD,Gold Standard Certified Project,Waste Management,Landfill Methane,Reduction,Western Asia,Türkiye,Samsun Avdan Energy,2011.0,661413.0,7.38,AAA,Yes,No
GS939,Nairobi River Basin Biogas Project,GOLD,Gold Standard Certified Project,Household & Community,Biodigesters,Reduction,Sub-Saharan Africa,Kenya,atmosfair gGmbH,2012.0,28123.0,7.11,B,No,No
GS947,Killik Wind Power Plant,GOLD,Gold Standard Certified Project,Renewable Energy,Wind,Reduction,Western Asia,Türkiye,Eksim Enerji Anonim Sirketi,2011.0,87322.0,1.47,BBB,Yes,No
GS949,Clean and Efficient Cooking and Heating Project China,GOLD,Gold Standard Certified Project,Household & Community,Cookstoves,Reduction,Eastern Asia,China,Impact Carbon,2009.0,1923.0,7.21,,No,No
GS950,Kayaduzu Wind Power Plant Turkey,GOLD,Gold Standard Certified Project,Renewable Energy,Wind,Reduction,Western Asia,Türkiye,Eksim Enerji Anonim Sirketi,2012.0,104398.0,3.01,B,No,No
GS955,Akres Wind Power ProjectTurkey,GOLD,Gold Standard Certified Project,Renewable Energy,Wind,Reduction,Western Asia,Türkiye,Enerjisa Enerji Uretim A.S.,2011.0,5916.0,1.45,,No,No
GS961,Nam Hong Hydropower Project,GOLD,Gold Standard Certified Project,Renewable Energy,Hydropower,Reduction,South-Eastern Asia,Viet Nam,Vietnam Carbon Assets Ltd.,2012.0,109213.0,2.23,CCC,No,No
GS963,Sares 22.5 MW Wind Power Plant,GOLD,Gold Standard Certified Project,Renewable Energy,Wind,Reduction,Western Asia,Türkiye,Garet Enerji Uretim ve Tic A.S.,2011.0,107570.0,1.1,CCC,No,No
GS966,Paradigm Healthy Cookstove and Water Treatment Project,GOLD,Gold Standard Certified Project,Household & Community,Bundled Energy Efficiency,Reduction,Sub-Saharan Africa,Kenya,The Paradigm Project,2010.0,6540.0,3.73,B,No,No
GS971,Balikesir 142.5 MW Wind Power Plant Project,GOLD,Gold Standard Certified Project,Renewable Energy,Wind,Reduction,Western Asia,Türkiye,Enerjisa Enerji Uretim A.S.,2012.0,1024391.0,1.52,CCC,No,No
GS976,Meru Improved Cook Stoves,GOLD,Gold Standard Certified Project,Household & Community,Cookstoves,Reduction,Sub-Saharan Africa,Kenya,CO2balance UK ltd,2011.0,4930.0,9.15,,No,No
GS980,Accion Fraterna Biogas CDM project for rural communities in Anantapur Andhra Pradesh,GOLD,Gold Standard Certified Project,Household & Community,Biodigesters,Reduction,Southern Asia,India,Accion Fraterna Ecology Centre,2017.0,18547.0,10.3,B,No,No
GS997,LAYA Paderu Energy Efficient Woodstoves Project,GOLD,Gold Standard Certified Project,Household & Community,Cookstoves,Reduction,Southern Asia,India,LAYA Resource Centre,2012.0,12066.0,9.94,BB,No,No
GS1001,InfraVest Taiwan Wind Farms Bundled Project 2011 - Taiwan,GOLD,Gold Standard Certified Project,Renewable Energy,Wind,Reduction,Eastern Asia,Taiwan,South Pole Ltd,2014.0,54534.0,2.86,,No,No
GS1003,Degirmen Weir and Hydroelectric Power Plant,GOLD,Gold Standard Certified Project,Renewable Energy,Hydropower,Reduction,Western Asia,Türkiye,Sekans Danışmanlık,2015.0,7023.0,2.93,BB,No,No
GS1011,YGF Mangshi Household Biogas Tank Project,GOLD,Gold Standard Certified Project,Household & Community,Biodigesters,Reduction,Eastern Asia,China,Yunnan Green Environment Development Foundation,2012.0,1523.0,6.27,BB,No,No
GS1013,Kocaeli Landfill Gas to Electricity Project,GOLD,Gold Standard Certified Project,Waste Management,Landfill Methane,Reduction,Western Asia,Türkiye,Yeşil Global Enerji A.S,2012.0,5987.0,3.82,AA,Yes,No
GS1014,Kusakli Hydro Electric Power Plant,GOLD,Gold Standard Certified Project,Renewable Energy,Hydropower,Reduction,Western Asia,Türkiye,Enerjisa Enerji Uretim A.S.,2019.0,20881.0,2.1,BB,No,No
GS1015,Ramanagara Biogas Project version 02; 10th November 2010,GOLD,Gold Standard Certified Project,Household & Community,Biodigesters,Reduction,Southern Asia,India,Infosys,2016.0,47710.0,9.02,BBB,No,No
GS1016,Konya Aslim Landfill Gas Management Project - Turkey,GOLD,Gold Standard Certified Project,Waste Management,Landfill Methane,Reduction,Western Asia,Türkiye,ITC Invest Trading & Consulting AG Ankara Branch,2011.0,2068.0,3.51,AAA,No,No
GS1017,Mordogan Wind Farm Project Turkey,GOLD,Gold Standard Certified Project,Renewable Energy,Wind,Reduction,Western Asia,Türkiye,Ayen Enerji A. S.,2018.0,173746.0,2.0,CCC,No,No
GS1018,Korkmaz Wind Farm Project Turkey,GOLD,Gold Standard Certified Project,Renewable Energy,Wind,Reduction,Western Asia,Türkiye,Ayen Enerji A. S.,2018.0,140111.0,2.95,B,No,No
GS1020,Production and dissemination of Ceramic Water Purifiers by Hydrologic in the Kingdom of Cambodia,GOLD,Gold Standard Certified Project,Household & Community,Clean Water,Reduction,South-Eastern Asia,Cambodia,Hydrologic Social Enterprise Company Ltd,2011.0,129202.0,7.42,BB,No,No
GS1021,Improved Woodstoves in Udaipur - Helping Women and Environment,GOLD,Gold Standard Certified Project,Household & Community,Cookstoves,Reduction,Southern Asia,India,Udaipur Urja Initiatives,2016.0,37101.0,8.46,BB,No,No
GS1033,Xuyong household biogas Gold Standard VER Project,GOLD,Gold Standard Certified Project,Household & Community,Biodigesters,Reduction,Eastern Asia,China,Chengdu Oasis Science & Technology Co Ltd,2012.0,6841.0,7.39,,No,No
GS1034,Dagpazari Wind Power Plant,GOLD,Gold Standard Certified Project,Renewable Energy,Wind,Reduction,Western Asia,Türkiye,Enerjisa Enerji Uretim A.S.,2012.0,220307.0,1.81,B,No,No
GS1041,Ferrosilicon waste heat power generation project,GOLD,Gold Standard Certified Project,Industrial & Commercial,Waste Heat Recovery,Reduction,Eastern Asia,China,Swiss Carbon Assets Ltd.,2017.0,273212.0,4.11,BBB,No,No
GS1042,Ceará Renewable Energy Bundled Project,GOLD,Gold Standard Certified Project,Renewable Energy,Biomass,Reduction,Latin America and the Caribbean,Brazil,Sustainable Carbon - Projetos Ambientais LTDA,2010.0,108451.0,2.71,CCC,No,No
GS1044,GS VER UpEnergy's Uganda Biomass Cookstove Project,GOLD,Gold Standard Certified Project,Household & Community,Cookstoves,Reduction,Sub-Saharan Africa,Uganda,UpEnergy Group,2011.0,127275.0,7.15,BB,No,No
GS1049,GS1005 Qori Q'oncha - Improved cookstoves diffusion programme in Peru - VPA2,GOLD,Gold Standard Certified Project,Household & Community,Cookstoves,Reduction,Latin America and the Caribbean,Peru,MICROSOL SAS,2010.0,321818.0,6.8,B,No,No
GS1054,Demircili WPP,GOLD,Gold Standard Certified Project,Renewable Energy,Wind,Reduction,Western Asia,Türkiye,GTE KARBON SUSTAINABLE ENERJI EGITIM DANISMANLIK VE TICARET A.S.,2018.0,363456.0,2.45,CCC,No,No
GS1055,SARPINCIK WPP,GOLD,Gold Standard Certified Project,Renewable Energy,Wind,Reduction,Western Asia,Türkiye,GTE KARBON SUSTAINABLE ENERJI EGITIM DANISMANLIK VE TICARET A.S.,2018.0,113382.0,1.48,CCC,No,No
GS1060,Improved Cook Stoves programme for Rwanda,GOLD,Gold Standard Certified Project,Household & Community,Cookstoves,Reduction,Sub-Saharan Africa,Rwanda,atmosfair gGmbH,2013.0,302148.0,7.19,B,No,No
GS1061,Kayseri Molu Landfill Gas to Energy Project Turkey,GOLD,Gold Standard Certified Project,Waste Management,Landfill Methane,Reduction,Western Asia,Türkiye,her enerji ve çevre teknolojileri elektrik üretim anonim sirketi,2011.0,624562.0,4.26,B,Yes,No
GS1067,Metristepe Wind Farm Project Turkey,GOLD,Gold Standard Certified Project,Renewable Energy,Wind,Reduction,Western Asia,Türkiye,SEKANS ENERJI LIMITED ŞİRKETİ,2012.0,383760.0,1.89,B,No,No
GS1068,Bursa-Hamitler Landfill Gas Collection and Energy Utilization Project,GOLD,Gold Standard Certified Project,Waste Management,Landfill Methane,Reduction,Western Asia,Türkiye,ITC Invest Trading & Consulting AG Ankara Branch,2012.0,40352.0,5.28,AAA,No,No
GS1072,Bares II Wind Power Plant Turkey,GOLD,Gold Standard Certified Project,Renewable Energy,Wind,Reduction,Western Asia,Türkiye,Bilgin Güc Santralleri Enerji Üretim A.S,2011.0,104283.0,1.39,B,No,No
GS1074,Santander and Las Tapias Renewable Energy Project,GOLD,Gold Standard Certified Project,Renewable Energy,Biomass,Reduction,Latin America and the Caribbean,Colombia,Sustainable Carbon - Projetos Ambientais LTDA,2013.0,22071.0,2.17,CCC,No,No
GS1083,Biogas Program for the Animal Husbandry Sector of Vietnam,GOLD,Gold Standard Certified Project,Household & Community,Biodigesters,Reduction,South-Eastern Asia,Viet Nam,The Biogas Project Management Unit,2010.0,21182.0,6.36,BB,No,No
GS1090,Sayalar Wind Farm Capacity Addition Project,GOLD,Gold Standard Certified Project,Renewable Energy,Wind,Reduction,Western Asia,Türkiye,Dogal Enerji Elektrik Uretim A.S.,2019.0,138745.0,1.67,CCC,No,No
GS1091,42 MW Amasya Wind Power Project,GOLD,Gold Standard Certified Project,Renewable Energy,Wind,Reduction,Western Asia,Türkiye,SEKANS ENERJI LIMITED ŞİRKETİ,2018.0,300267.0,2.14,B,No,No
GS1094,WWF Mamize Firewood-Saving Cook Stove Project I,GOLD,Gold Standard Certified Project,Household & Community,Cookstoves,Reduction,Eastern Asia,China,South Pole Ltd,2011.0,1848.0,4.81,B,No,No
GS1097,WWF Mamize Firewood-Saving Cook Stove Project II,GOLD,Gold Standard Certified Project,Household & Community,Cookstoves,Reduction,Eastern Asia,China,South Pole Ltd,2012.0,1202.0,6.0,B,No,No
GS1098,Zhongshan County Micro Hydro Project Bundle No.1,GOLD,Gold Standard Certified Project,Renewable Energy,Hydropower,Reduction,Eastern Asia,China,South Pole Ltd SCV,2011.0,9129.0,2.22,CCC,No,No
GS1100,Zhongshan County Micro Hydro Project Bundle No.2,GOLD,Gold Standard Certified Project,Renewable Energy,Hydropower,Reduction,Eastern Asia,China,South Pole Ltd SCV,2011.0,10793.0,1.22,CCC,No,No
GS1101,Zhongshan County Micro Hydro Project Bundle No.3,GOLD,Gold Standard Certified Project,Renewable Energy,Hydropower,Reduction,Eastern Asia,China,South Pole Ltd SCV,2011.0,8883.0,1.68,BB,No,No
GS1103,Zhongshan County Micro Hydro Project Bundle No.5,GOLD,Gold Standard Certified Project,Renewable Energy,Hydropower,Reduction,Eastern Asia,China,South Pole Ltd SCV,2011.0,8328.0,1.92,,No,No
GS1104,Zhongshan County Micro Hydro Project Bundle No.6,GOLD,Gold Standard Certified Project,Renewable Energy,Hydropower,Reduction,Eastern Asia,China,South Pole Ltd SCV,2011.0,7842.0,2.35,CCC,No,No
GS1105,ÇAY WEIR AND HYDROELECTRIC POWER PLANT,GOLD,Gold Standard Certified Project,Renewable Energy,Hydropower,Reduction,Western Asia,Türkiye,ENCEV Enerji,2016.0,16616.0,2.96,CCC,No,No
GS1109,78.2 MW Dinar Wind Power Project Turkey,GOLD,Gold Standard Certified Project,Renewable Energy,Wind,Reduction,Western Asia,Türkiye,Belen Elektrik Üretim A.Ş.,2015.0,62023.0,2.19,CCC,No,No
GS1117,60MW Solar PV - Monte Plata,GOLD,Gold Standard Certified Project,Renewable Energy,Solar - Centralized,Reduction,Latin America and the Caribbean,Dominican Republic,myclimate Foundation,2016.0,208526.0,1.74,B,No,No
GS1124,Native Hydraid Water Filtration in Kenya,GOLD,Gold Standard Certified Project,Household & Community,Clean Water,Reduction,Sub-Saharan Africa,Kenya,NATIVE A PUBLIC BENEFIT CORPORATION,2013.0,68760.0,6.51,BBB,No,No
GS1128,GS1127 SKG Sangha Biodigester PoA - Gulbarga Biodigester Project CPA1,GOLD,Gold Standard Certified Project,Household & Community,Biodigesters,Reduction,Southern Asia,India,myclimate Foundation,2014.0,230300.0,9.32,BBB,No,No
GS1134,Aksu Wind Farm Project Turkey,GOLD,Gold Standard Certified Project,Renewable Energy,Wind,Reduction,Western Asia,Türkiye,Aksu Temiz Enerji Elekt. Uret. San. ve Tic. A. S.,2015.0,254928.0,3.27,BB,No,No
GS1138,Kangal Wind-Solar Hybrid Power Plant,GOLD,Gold Standard Certified Project,Renewable Energy,Wind,Reduction,Western Asia,Türkiye,Kangal Elektrik Enerji Üretim ve Ticaret A.Ş.,2020.0,723555.0,2.08,BBB,No,No
GS1146,Expanding access to LPG in Burkina Faso through microfranchised distribution,GOLD,Gold Standard Certified Project,Household & Community,Cookstoves,Reduction,Sub-Saharan Africa,Burkina Faso,Entrepreneurs du Monde,2016.0,10003.0,8.55,CCC,No,No
GS1160,Gonen Biogas Plant,GOLD,Gold Standard Certified Project,Agriculture,Manure Methane Digester,Reduction,Western Asia,Türkiye,GTE KARBON SUSTAINABLE ENERJI EGITIM DANISMANLIK VE TICARET A.S.,2020.0,55157.0,8.38,AA,No,No
GS1161,The first phase of Anhua Rural household Biodigester Project,GOLD,Gold Standard Certified Project,Household & Community,Biodigesters,Reduction,Eastern Asia,China,B-road international investment Co. Ltd.,2010.0,5940.0,7.98,BB,No,No
GS1162,CPA # 1 Improved Cooking Stoves for Nigeria GS 1162,GOLD,Gold Standard Certified Project,Household & Community,Cookstoves,Reduction,Sub-Saharan Africa,Nigeria,atmosfair gGmbH,2011.0,63810.0,3.79,BB,No,No
GS1173,CAMLICA II HEPP,GOLD,Gold Standard Certified Project,Renewable Energy,Hydropower,Reduction,Western Asia,Türkiye,GTE KARBON SUSTAINABLE ENERJI EGITIM DANISMANLIK VE TICARET A.S.,2015.0,99955.0,2.32,BB,No,No
GS1174,Indonesia Domestic Biogas Programme of Activities (IDBP)  VPA-1,GOLD,Gold Standard Certified Project,Household & Community,Biodigesters,Reduction,South-Eastern Asia,Indonesia,PT BIRU KARBON NUSANTARA,2011.0,123503.0,8.83,BBB,No,No
GS1178,Gunaydin WPP,GOLD,Gold Standard Certified Project,Renewable Energy,Wind,Reduction,Western Asia,Türkiye,Fiba Yenilenebilir Enerji Holding A.Ş,2012.0,87636.0,2.26,CCC,No,No
GS1190,Hasanbeyli 50 MW WPP Turkey,GOLD,Gold Standard Certified Project,Renewable Energy,Wind,Reduction,Western Asia,Türkiye,Eksim Enerji Anonim Sirketi,2014.0,228915.0,3.0,BB,Yes,No
GS1199,Micro Scale Biogas CDM Project of CROSS,GOLD,Gold Standard Certified Project,Household & Community,Biodigesters,Reduction,Southern Asia,India,CROSS,2017.0,32321.0,5.23,CCC,No,No
GS1207,SÜTAS AKSARAY BIOGAS PLANT,GOLD,Gold Standard Certified Project,Agriculture,Manure Methane Digester,Reduction,Western Asia,Türkiye,GTE KARBON SUSTAINABLE ENERJI EGITIM DANISMANLIK VE TICARET A.S.,2013.0,128797.0,5.18,AA,No,No
GS1208,CEMEL HYDRO BUNDLE,GOLD,Gold Standard Certified Project,Renewable Energy,Hydropower,Reduction,Western Asia,Türkiye,GTE KARBON SUSTAINABLE ENERJI EGITIM DANISMANLIK VE TICARET A.S.,2015.0,139173.0,2.53,,No,No
GS1223,SUTAS KARACABEY BIOGAS PLANT,GOLD,Gold Standard Certified Project,Agriculture,Manure Methane Digester,Reduction,Western Asia,Türkiye,GTE KARBON SUSTAINABLE ENERJI EGITIM DANISMANLIK VE TICARET A.S.,2018.0,222479.0,6.02,A,No,No
GS1228,National Bachu Biomass Power Generation Project,GOLD,Gold Standard Certified Project,Renewable Energy,Biomass,Reduction,Eastern Asia,China,Swiss Carbon Value Ltd.,2011.0,109053.0,2.01,BB,No,No
GS1229,Organic waste composting in Kathmandu Valley,GOLD,Gold Standard Certified Project,Waste Management,Composting,Reduction,Southern Asia,Nepal,myclimate Foundation,2014.0,2747.0,3.79,AA,No,No
GS1230,Ege Wind Farm Project,GOLD,Gold Standard Certified Project,Renewable Energy,Wind,Reduction,Western Asia,Türkiye,Meltem Enerji Elektrik Üretim A.Ş.,2015.0,51402.0,2.09,CCC,Yes,No
GS1235,CANTA WPP,GOLD,Gold Standard Certified Project,Renewable Energy,Wind,Reduction,Western Asia,Türkiye,GTE KARBON SUSTAINABLE ENERJI EGITIM DANISMANLIK VE TICARET A.S.,2015.0,319643.0,2.39,CCC,No,No
GS1237,Sadilli Wind Farm Project Turkey,GOLD,Gold Standard Certified Project,Renewable Energy,Wind,Reduction,Western Asia,Türkiye,Fiba Yenilenebilir Enerji Holding A.Ş,2014.0,289105.0,1.73,B,No,No
GS1242,MUTLU 5 WPP,GOLD,Gold Standard Certified Project,Renewable Energy,Wind,Reduction,Western Asia,Türkiye,GTE KARBON SUSTAINABLE ENERJI EGITIM DANISMANLIK VE TICARET A.S.,2021.0,166873.0,2.06,BB,No,No
GS1244,Production of thermal energy from renewable biomass at Melhoramentos Papeis Ltda (CMPC group),GOLD,Gold Standard Certified Project,Renewable Energy,Biomass,Reduction,Latin America and the Caribbean,Brazil,myclimate Foundation,2011.0,38861.0,3.54,B,No,No
GS1246,Energy Efficiency measures in DMRC Phase II stations,GOLD,Gold Standard Certified Project,Industrial & Commercial,Energy Efficiency,Reduction,Southern Asia,India,Delhi Metro Rail Corporation,2012.0,11833.0,2.39,BB,No,No
GS1286,Şenbük WPP Project,GOLD,Gold Standard Certified Project,Renewable Energy,Wind,Reduction,Western Asia,Türkiye,Yeni Belen Enerji Elektrik retim Sanayi ve Ticaret Anonim Sirketi,2013.0,246170.0,2.99,B,No,No
GS1288,Sichuan Rural Poor-Household Biogas Development Programme CPA Nb. SCHHBG-2010-01,GOLD,Gold Standard Certified Project,Household & Community,Biodigesters,Reduction,Eastern Asia,China,Chengdu Oasis Science & Technology Co. Ltd,2012.0,15908.0,6.41,CCC,No,No
GS1294,GS1264: Native Clean Water Programme West Africa: VPA(01) Ghana,GOLD,Gold Standard Certified Project,Household & Community,Clean Water,Reduction,Sub-Saharan Africa,Ghana,NATIVE A PUBLIC BENEFIT CORPORATION,2012.0,79308.0,7.01,BBB,No,No
GS1296,Dissemination of TLUD improved cook stoves in the Sundarbans India,GOLD,Gold Standard Certified Project,Household & Community,Cookstoves,Reduction,Southern Asia,India,atmosfair gGmbH,2012.0,30771.0,6.2,B,No,No
GS1303,Karadere Wind Power Plant,GOLD,Gold Standard Certified Project,Renewable Energy,Wind,Reduction,Western Asia,Türkiye,Fiba Yenilenebilir Enerji Holding A.Ş,2014.0,41099.0,3.65,CCC,No,No
GS1304,India One Solar Thermal Power Project,GOLD,Gold Standard Certified Project,Renewable Energy,Solar - Centralized,Reduction,Southern Asia,India,atmosfair gGmbH,2018.0,1040.0,2.21,CCC,No,No
GS1306,Kardemir Bozyaka Wind Power Plant,GOLD,Gold Standard Certified Project,Renewable Energy,Wind,Reduction,Western Asia,Türkiye,Desilyon Consultancy Trade J.S.C.,2013.0,26619.0,2.93,CCC,No,No
GS1318,Yalova Wind Power Plant Project,GOLD,Gold Standard Certified Project,Renewable Energy,Wind,Reduction,Western Asia,Türkiye,Aydem Yenilenebilir Enerji A.Ş.,2019.0,373827.0,1.99,BB,No,No
GS1321,Ecofiltro Guatemala Improved Stoves and Water Purification Project,GOLD,Gold Standard Certified Project,Household & Community,Bundled Energy Efficiency,Reduction,Latin America and the Caribbean,Guatemala,Climate Impact Partners Limited,2013.0,276472.0,2.45,CCC,No,No
GS1322,Balabanli Wind Power Plant,GOLD,Gold Standard Certified Project,Renewable Energy,Wind,Reduction,Western Asia,Türkiye,BORUSAN ENBW ENERJI YATIRIMLARI VE ÜRETIM A.S.,2014.0,265807.0,2.08,CCC,No,No
GS1330,GS1265 - African Biomass Energy Conservation POA - Malawi Biomass Conservation - Dowa District,GOLD,Gold Standard Certified Project,Household & Community,Cookstoves,Reduction,Sub-Saharan Africa,Malawi,Hestian Innovation,2012.0,83792.0,4.7,CCC,No,No
GS1332,GS1290: Native Clean Water Programme Central America: VPA (01) Honduras,GOLD,Gold Standard Certified Project,Household & Community,Clean Water,Reduction,Latin America and the Caribbean,Honduras,NATIVE A PUBLIC BENEFIT CORPORATION,2012.0,44468.0,6.4,CCC,No,No
GS1333,Kizilcaterzi Wind Power Plant,GOLD,Gold Standard Certified Project,Renewable Energy,Wind,Reduction,Western Asia,Türkiye,Fiba Yenilenebilir Enerji Holding A.Ş,2021.0,42565.0,3.67,B,No,No
GS1347,Dak Pone Hydropower Project,GOLD,Gold Standard Certified Project,Renewable Energy,Hydropower,Reduction,South-Eastern Asia,Viet Nam,Vietnam Carbon Assets Ltd.,2012.0,378523.0,1.41,,No,No
GS1348,CERIT 90 MW WPP,GOLD,Gold Standard Certified Project,Renewable Energy,Wind,Reduction,Western Asia,Türkiye,Pakmem Elektrik Üretim Sanayi ve Ticaret A.Ş,2019.0,207445.0,2.31,BB,No,No
GS1350,InfraVest Taiwan Wind Farms Bundled Project 2012,GOLD,Gold Standard Certified Project,Renewable Energy,Wind,Reduction,Eastern Asia,Taiwan,South Pole Ltd,2016.0,1336.0,2.85,B,No,No
GS1352,CPA # 2 Improved Cooking Stoves for Nigeria GS 1352,GOLD,Gold Standard Certified Project,Household & Community,Cookstoves,Reduction,Sub-Saharan Africa,Nigeria,atmosfair gGmbH,2012.0,61552.0,7.64,B,No,No
GS1353,CPA # 3 Improved Cooking Stoves for Nigeria GS 1353,GOLD,Gold Standard Certified Project,Household & Community,Cookstoves,Reduction,Sub-Saharan Africa,Nigeria,atmosfair gGmbH,2012.0,43681.0,7.86,,No,No
GS1359,GS1247 VPA 2 Improved Kitchen Regimes: Kole District Borehole Project Uganda,GOLD,Gold Standard Certified Project,Household & Community,Community Boreholes,Reduction,Sub-Saharan Africa,Uganda,CO2balance UK ltd,2013.0,4057.0,5.65,AA,No,No
GS1363,Aliaga Wind Power Project,GOLD,Gold Standard Certified Project,Renewable Energy,Wind,Reduction,Western Asia,Türkiye,Menderes Tekstil San. ve Tic. A.Åž.,2018.0,129820.0,2.01,,No,No
GS1364,Geres Wind Power Project Turkey,GOLD,Gold Standard Certified Project,Renewable Energy,Wind,Reduction,Western Asia,Türkiye,Innores Elektrik Uretim A.S.,2014.0,191022.0,1.75,CCC,No,No
GS1367,Betulia Hydroelectric project,GOLD,Gold Standard Certified Project,Renewable Energy,Hydropower,Reduction,Latin America and the Caribbean,Honduras,Renewable Energy Developers SA,2015.0,13564.0,2.27,CCC,No,No
GS1368,Edincik Wind Power Plant,GOLD,Gold Standard Certified Project,Renewable Energy,Wind,Reduction,Western Asia,Türkiye,Edincik Enerji Uretim Anonim Sirketi,2013.0,570866.0,2.49,A,No,No
GS1370,Bangkok Kamphaeng Saen West: Landfill Gas to Electricity Project,GOLD,Gold Standard Certified Project,Waste Management,Landfill Methane,Reduction,South-Eastern Asia,Thailand,Sindicatum Carbon Capital International Limited,2012.0,922836.0,3.28,BB,No,No
GS1371,Bangkok Kamphaeng Saen East: Landfill Gas to Electricity Project,GOLD,Gold Standard Certified Project,Waste Management,Landfill Methane,Reduction,South-Eastern Asia,Thailand,Sindicatum Carbon Capital International Limited,2012.0,903086.0,4.96,AA,No,No
GS1378,Nanyang Danjiang River Solar Cooker Project Phase I,GOLD,Gold Standard Certified Project,Household & Community,Cookstoves,Reduction,Eastern Asia,China,Sirreon Technology & Development (Beijing) Co.Ltd,2013.0,481605.0,7.43,,No,No
GS1382,BAGARASI WPP,GOLD,Gold Standard Certified Project,Renewable Energy,Wind,Reduction,Western Asia,Türkiye,GTE KARBON SUSTAINABLE ENERJI EGITIM DANISMANLIK VE TICARET A.S.,2018.0,141595.0,3.01,CCC,No,No
GS1383,ODEMIS WPP,GOLD,Gold Standard Certified Project,Renewable Energy,Wind,Reduction,Western Asia,Türkiye,GTE KARBON SUSTAINABLE ENERJI EGITIM DANISMANLIK VE TICARET A.S.,2018.0,285350.0,2.67,CCC,No,No
GS1588,Nanyang Danjiang River Solar Cooker Project Phase II,GOLD,Gold Standard Certified Project,Household & Community,Cookstoves,Reduction,Eastern Asia,China,Sirreon Technology & Development (Beijing) Co.Ltd,2013.0,570550.0,9.1,BBB,No,No
GS1688,BARBAROS WIND POWER PLANT PROJECT 12 MW,GOLD,Gold Standard Certified Project,Renewable Energy,Wind,Reduction,Western Asia,Türkiye,GTE KARBON SUSTAINABLE ENERJI EGITIM DANISMANLIK VE TICARET A.S.,2020.0,102090.0,2.68,CCC,No,No
GS1689,Biomass in Rajasthan - Electricity generation from mustard crop residues,GOLD,Gold Standard Certified Project,Renewable Energy,Biomass,Reduction,Southern Asia,India,atmosfair gGmbH,2012.0,55438.0,2.87,,No,No
GS1692,Wind Power Plant No.1 - Binh Thuan 30MW,GOLD,Gold Standard Certified Project,Renewable Energy,Wind,Reduction,South-Eastern Asia,Viet Nam,Cleaner Climate,2012.0,69068.0,1.96,CCC,No,No
GS1693,GS1239 Sichuan Rural Poor-Household Biogas Development Programme PoA- CPA Nb. SCHHBG-2012-002,GOLD,Gold Standard Certified Project,Household & Community,Biodigesters,Reduction,Eastern Asia,China,Chengdu Oasis Science & Technology Co Ltd,2013.0,64000.0,5.88,BBB,No,No
GS1694,GS1239 Sichuan Rural Poor-Household Biogas Development Programme PoA- CPA Nb. SCHHBG-2012-003,GOLD,Gold Standard Certified Project,Household & Community,Biodigesters,Reduction,Eastern Asia,China,Chengdu Oasis Science & Technology Co Ltd,2013.0,64002.0,6.68,BB,No,No
GS1695,GS1239 Sichuan Rural Poor-Household Biogas Development Programme PoA- CPA Nb. SCHHBG-2012-004,GOLD,Gold Standard Certified Project,Household & Community,Biodigesters,Reduction,Eastern Asia,China,Chengdu Oasis Science & Technology Co Ltd,2013.0,64001.0,8.19,B,No,No
GS1696,GS1239 Sichuan Rural Poor-Household Biogas Development Programme PoA- CPA Nb. SCHHBG-2012-005,GOLD,Gold Standard Certified Project,Household & Community,Biodigesters,Reduction,Eastern Asia,China,Chengdu Oasis Science & Technology Co Ltd,2013.0,64615.0,8.5,BBB,No,No
GS1697,GS1239 Sichuan Rural Poor-Household Biogas Development Programme PoA- CPA Nb. SCHHBG-2012-006,GOLD,Gold Standard Certified Project,Household & Community,Biodigesters,Reduction,Eastern Asia,China,Chengdu Oasis Science & Technology Co Ltd,2013.0,65642.0,9.98,BB,No,No
GS1698,GS1239 Sichuan Rural Poor-Household Biogas Development Programme PoA- CPA Nb. SCHHBG-2012-007,GOLD,Gold Standard Certified Project,Household & Community,Biodigesters,Reduction,Eastern Asia,China,Chengdu Oasis Science & Technology Co Ltd,2013.0,72141.0,5.57,BB,No,No
GS1699,GS1239 Sichuan Rural Poor-Household Biogas Development Programme PoA- CPA Nb. SCHHBG-2012-008,GOLD,Gold Standard Certified Project,Household & Community,Biodigesters,Reduction,Eastern Asia,China,Chengdu Oasis Science & Technology Co Ltd,2013.0,74581.0,8.14,BBB,No,No
GS1700,GS1239 Sichuan Rural Poor-Household Biogas Development Programme PoA- CPA Nb. SCHHBG-2012-009,GOLD,Gold Standard Certified Project,Household & Community,Biodigesters,Reduction,Eastern Asia,China,Chengdu Oasis Science & Technology Co Ltd,2013.0,76032.0,7.92,CCC,No,No
GS1701,GS1239 Sichuan Rural Poor-Household Biogas Development Programme PoA- CPA Nb. SCHHBG-2012-010,GOLD,Gold Standard Certified Project,Household & Community,Biodigesters,Reduction,Eastern Asia,China,Chengdu Oasis Science & Technology Co Ltd,2013.0,74581.0,9.51,CCC,No,No
GS1702,GS1239 Sichuan Rural Poor-Household Biogas Development Programme PoA- CPA Nb. SCHHBG-2012-011,GOLD,Gold Standard Certified Project,Household & Community,Biodigesters,Reduction,Eastern Asia,China,Chengdu Oasis Science & Technology Co Ltd,2013.0,72450.0,10.54,CCC,No,No
GS1703,GS1239 Sichuan Rural Poor-Household Biogas Development Programme PoA- CPA Nb. SCHHBG-2012-012,GOLD,Gold Standard Certified Project,Household & Community,Biodigesters,Reduction,Eastern Asia,China,Chengdu Oasis Science & Technology Co Ltd,2013.0,77849.0,5.27,CCC,No,No
GS1704,GS1239 Sichuan Rural Poor-Household Biogas Development Programme PoA- CPA Nb. SCHHBG-2012-013,GOLD,Gold Standard Certified Project,Household & Community,Biodigesters,Reduction,Eastern Asia,China,Chengdu Oasis Science & Technology Co Ltd,2013.0,80945.0,8.37,,No,No
GS1705,GS1239 Sichuan Rural Poor-Household Biogas Development Programme PoA- CPA Nb. SCHHBG-2012-014,GOLD,Gold Standard Certified Project,Household & Community,Biodigesters,Reduction,Eastern Asia,China,Chengdu Oasis Science & Technology Co Ltd,2013.0,80285.0,6.93,BB,No,No
GS1706,GS1239 Sichuan Rural Poor-Household Biogas Development Programme PoA- CPA Nb. SCHHBG-2012-015,GOLD,Gold Standard Certified Project,Household & Community,Biodigesters,Reduction,Eastern Asia,China,Chengdu Oasis Science & Technology Co Ltd,2013.0,80945.0,6.32,BB,No,No
GS1707,GS1239 Sichuan Rural Poor-Household Biogas Development Programme PoA- CPA Nb. SCHHBG-2012-016,GOLD,Gold Standard Certified Project,Household & Community,Biodigesters,Reduction,Eastern Asia,China,Chengdu Oasis Science & Technology Co Ltd,2013.0,80945.0,7.78,,No,No
GS1708,GS1239 Sichuan Rural Poor-Household Biogas Development Programme PoA- CPA Nb. SCHHBG-2012-017,GOLD,Gold Standard Certified Project,Household & Community,Biodigesters,Reduction,Eastern Asia,China,Chengdu Oasis Science & Technology Co Ltd,2013.0,80946.0,9.86,B,No,No
GS1709,GS1239 Sichuan Rural Poor-Household Biogas Development Programme PoA- CPA Nb. SCHHBG-2012-018,GOLD,Gold Standard Certified Project,Household & Community,Biodigesters,Reduction,Eastern Asia,China,Chengdu Oasis Science & Technology Co Ltd,2013.0,80945.0,6.04,BB,No,No
GS1710,GS1239 Sichuan Rural Poor-Household Biogas Development Programme PoA- CPA Nb. SCHHBG-2012-019,GOLD,Gold Standard Certified Project,Household & Community,Biodigesters,Reduction,Eastern Asia,China,Chengdu Oasis Science & Technology Co Ltd,2013.0,80946.0,7.34,CCC,No,No
GS1711,GS1239 Sichuan Rural Poor-Household Biogas Development Programme PoA- CPA Nb. SCHHBG-2012-020,GOLD,Gold Standard Certified Project,Household & Community,Biodigesters,Reduction,Eastern Asia,China,Chengdu Oasis Science & Technology Co Ltd,2013.0,80945.0,8.63,BB,No,No
GS1712,GS1239 Sichuan Rural Poor-Household Biogas Development Programme PoA- CPA Nb. SCHHBG-2012-021,GOLD,Gold Standard Certified Project,Household & Community,Biodigesters,Reduction,Eastern Asia,China,Chengdu Oasis Science & Technology Co Ltd,2013.0,80946.0,5.86,CCC,No,No
GS1713,GS1239 Sichuan Rural Poor-Household Biogas Development Programme PoA- CPA Nb. SCHHBG-2012-022,GOLD,Gold Standard Certified Project,Household & Community,Biodigesters,Reduction,Eastern Asia,China,Chengdu Oasis Science & Technology Co Ltd,2013.0,80945.0,7.96,B,No,No
GS1714,GS1239 Sichuan Rural Poor-Household Biogas Development Programme PoA- CPA Nb. SCHHBG-2012-023,GOLD,Gold Standard Certified Project,Household & Community,Biodigesters,Reduction,Eastern Asia,China,Chengdu Oasis Science & Technology Co Ltd,2013.0,80946.0,6.1,BBB,No,No
GS1715,GS1239 Sichuan Rural Poor-Household Biogas Development Programme PoA- CPA Nb. SCHHBG-2012-024,GOLD,Gold Standard Certified Project,Household & Community,Biodigesters,Reduction,Eastern Asia,China,Chengdu Oasis Science & Technology Co Ltd,2013.0,80945.0,7.3,CCC,No,No
GS1716,GS1239 Sichuan Rural Poor-Household Biogas Development Programme PoA- CPA Nb. SCHHBG-2012-025,GOLD,Gold Standard Certified Project,Household & Community,Biodigesters,Reduction,Eastern Asia,China,Chengdu Oasis Science & Technology Co Ltd,2013.0,80945.0,7.07,B,No,No
GS1717,GS1239 Sichuan Rural Poor-Household Biogas Development Programme PoA- CPA Nb. SCHHBG-2012-026,GOLD,Gold Standard Certified Project,Household & Community,Biodigesters,Reduction,Eastern Asia,China,Chengdu Oasis Science & Technology Co Ltd,2013.0,80946.0,9.95,,No,No
GS1718,GS1239 Sichuan Rural Poor-Household Biogas Development Programme PoA- CPA Nb. SCHHBG-2012-027,GOLD,Gold Standard Certified Project,Household & Community,Biodigesters,Reduction,Eastern Asia,China,Chengdu Oasis Science & Technology Co Ltd,2013.0,80945.0,8.65,BB,No,No
GS1719,GS1239 Sichuan Rural Poor-Household Biogas Development Programme PoA- CPA Nb. SCHHBG-2012-028,GOLD,Gold Standard Certified Project,Household & Community,Biodigesters,Reduction,Eastern Asia,China,Chengdu Oasis Science & Technology Co Ltd,2013.0,81200.0,6.75,BBB,No,No
GS1720,GS1239 Sichuan Rural Poor-Household Biogas Development Programme PoA- CPA Nb. SCHHBG-2012-029,GOLD,Gold Standard Certified Project,Household & Community,Biodigesters,Reduction,Eastern Asia,China,Chengdu Oasis Science & Technology Co Ltd,2013.0,81199.0,7.04,B,No,No
GS1721,GS1239 Sichuan Rural Poor-Household Biogas Development Programme PoA- CPA Nb. SCHHBG-2012-030,GOLD,Gold Standard Certified Project,Household & Community,Biodigesters,Reduction,Eastern Asia,China,Chengdu Oasis Science & Technology Co Ltd,2013.0,81200.0,5.61,CCC,No,No
GS1722,GS1239 Sichuan Rural Poor-Household Biogas Development Programme PoA- CPA Nb. SCHHBG-2012-031,GOLD,Gold Standard Certified Project,Household & Community,Biodigesters,Reduction,Eastern Asia,China,Chengdu Oasis Science & Technology Co Ltd,2013.0,81199.0,8.87,BB,No,No
GS1723,GS1239 Sichuan Rural Poor-Household Biogas Development Programme PoA- CPA Nb. SCHHBG-2012-032,GOLD,Gold Standard Certified Project,Household & Community,Biodigesters,Reduction,Eastern Asia,China,Chengdu Oasis Science & Technology Co Ltd,2013.0,80946.0,4.49,BBB,No,No
GS1724,GS1239 Sichuan Rural Poor-Household Biogas Development Programme PoA- CPA Nb. SCHHBG-2012-033,GOLD,Gold Standard Certified Project,Household & Community,Biodigesters,Reduction,Eastern Asia,China,Chengdu Oasis Science & Technology Co Ltd,2013.0,80945.0,9.28,BBB,No,No
GS1725,GS1239 Sichuan Rural Poor-Household Biogas Development Programme PoA- CPA Nb. SCHHBG-2012-034,GOLD,Gold Standard Certified Project,Household & Community,Biodigesters,Reduction,Eastern Asia,China,Chengdu Oasis Science & Technology Co Ltd,2013.0,80945.0,5.85,CCC,No,No
GS1726,GS1239 Sichuan Rural Poor-Household Biogas Development Programme PoA- CPA Nb. SCHHBG-2012-035,GOLD,Gold Standard Certified Project,Household & Community,Biodigesters,Reduction,Eastern Asia,China,Chengdu Oasis Science & Technology Co Ltd,2013.0,82689.0,6.18,BB,No,No
GS1727,GS1239 Sichuan Rural Poor-Household Biogas Development Programme PoA- CPA Nb. SCHHBG-2012-036,GOLD,Gold Standard Certified Project,Household & Community,Biodigesters,Reduction,Eastern Asia,China,Chengdu Oasis Science & Technology Co Ltd,2013.0,81884.0,8.15,BBB,No,No
GS1728,GS1239 Sichuan Rural Poor-Household Biogas Development Programme PoA- CPA Nb. SCHHBG-2012-037,GOLD,Gold Standard Certified Project,Household & Community,Biodigesters,Reduction,Eastern Asia,China,Chengdu Oasis Science & Technology Co Ltd,2013.0,81885.0,6.76,CCC,No,No
GS1730,GS1239 Sichuan Rural Poor-Household Biogas Development Programme PoA- CPA Nb. SCHHBG-2012-038,GOLD,Gold Standard Certified Project,Household & Community,Biodigesters,Reduction,Eastern Asia,China,Chengdu Oasis Science & Technology Co Ltd,2013.0,81884.0,5.62,B,No,No
GS1731,GS1239 Sichuan Rural Poor-Household Biogas Development Programme PoA- CPA Nb. SCHHBG-2012-039,GOLD,Gold Standard Certified Project,Household & Community,Biodigesters,Reduction,Eastern Asia,China,Chengdu Oasis Science & Technology Co Ltd,2013.0,81884.0,7.17,B,No,No
GS1732,GS1239 Sichuan Rural Poor-Household Biogas Development Programme PoA- CPA Nb. SCHHBG-2012-040,GOLD,Gold Standard Certified Project,Household & Community,Biodigesters,Reduction,Eastern Asia,China,Chengdu Oasis Science & Technology Co Ltd,2013.0,81885.0,10.1,BBB,No,No
GS1733,GS1239 Sichuan Rural Poor-Household Biogas Development Programme PoA- CPA Nb. SCHHBG-2012-041,GOLD,Gold Standard Certified Project,Household & Community,Biodigesters,Reduction,Eastern Asia,China,Chengdu Oasis Science & Technology Co Ltd,2013.0,81884.0,6.77,B,No,No
GS1734,GS1239 Sichuan Rural Poor-Household Biogas Development Programme PoA- CPA Nb. SCHHBG-2012-042,GOLD,Gold Standard Certified Project,Household & Community,Biodigesters,Reduction,Eastern Asia,China,Chengdu Oasis Science & Technology Co Ltd,2013.0,81233.0,5.03,CCC,No,No
GS1735,GS1239 Sichuan Rural Poor-Household Biogas Development Programme PoA- CPA Nb. SCHHBG-2012-043,GOLD,Gold Standard Certified Project,Household & Community,Biodigesters,Reduction,Eastern Asia,China,Chengdu Oasis Science & Technology Co Ltd,2013.0,81232.0,10.16,CCC,No,No
GS1736,GS1239 Sichuan Rural Poor-Household Biogas Development Programme PoA- CPA Nb. SCHHBG-2012-044,GOLD,Gold Standard Certified Project,Household & Community,Biodigesters,Reduction,Eastern Asia,China,Chengdu Oasis Science & Technology Co Ltd,2013.0,81233.0,5.46,BBB,No,No
GS1737,GS1239 Sichuan Rural Poor-Household Biogas Development Programme PoA- CPA Nb. SCHHBG-2012-045,GOLD,Gold Standard Certified Project,Household & Community,Biodigesters,Reduction,Eastern Asia,China,Chengdu Oasis Science & Technology Co Ltd,2013.0,81232.0,6.62,B,No,No
GS1738,GS1239 Sichuan Rural Poor-Household Biogas Development Programme PoA- CPA Nb. SCHHBG-2012-046,GOLD,Gold Standard Certified Project,Household & Community,Biodigesters,Reduction,Eastern Asia,China,Chengdu Oasis Science & Technology Co Ltd,2013.0,81817.0,8.81,B,No,No
GS1739,GS1239 Sichuan Rural Poor-Household Biogas Development Programme PoA- CPA Nb. SCHHBG-2012-047,GOLD,Gold Standard Certified Project,Household & Community,Biodigesters,Reduction,Eastern Asia,China,Chengdu Oasis Science & Technology Co Ltd,2013.0,88754.0,7.83,B,No,No
GS1740,GS1239 Sichuan Rural Poor-Household Biogas Development Programme PoA- CPA Nb. SCHHBG-2012-048,GOLD,Gold Standard Certified Project,Household & Community,Biodigesters,Reduction,Eastern Asia,China,Chengdu Oasis Science & Technology Co Ltd,2013.0,88794.0,8.18,B,No,No
GS1741,GS1239 Sichuan Rural Poor-Household Biogas Development Programme PoA- CPA Nb. SCHHBG-2012-049,GOLD,Gold Standard Certified Project,Household & Community,Biodigesters,Reduction,Eastern Asia,China,Chengdu Oasis Science & Technology Co Ltd,2013.0,89993.0,7.58,B,No,No
GS1742,GS1239 Sichuan Rural Poor-Household Biogas Development Programme PoA- CPA Nb. SCHHBG-2012-050,GOLD,Gold Standard Certified Project,Household & Community,Biodigesters,Reduction,Eastern Asia,China,Chengdu Oasis Science & Technology Co Ltd,2013.0,90579.0,6.81,B,No,No
GS1743,GS1239 Sichuan Rural Poor-Household Biogas Development Programme PoA- CPA Nb. SCHHBG-2012-051,GOLD,Gold Standard Certified Project,Household & Community,Biodigesters,Reduction,Eastern Asia,China,Chengdu Oasis Science & Technology Co Ltd,2013.0,90578.0,8.76,B,No,No
GS1744,GS1239 Sichuan Rural Poor-Household Biogas Development Programme PoA- CPA Nb. SCHHBG-2012-052,GOLD,Gold Standard Certified Project,Household & Community,Biodigesters,Reduction,Eastern Asia,China,Chengdu Oasis Science & Technology Co Ltd,2013.0,76505.0,7.12,BB,No,No
GS1745,GS1239 Sichuan Rural Poor-Household Biogas Development Programme PoA- CPA Nb. SCHHBG-2012-053,GOLD,Gold Standard Certified Project,Household & Community,Biodigesters,Reduction,Eastern Asia,China,Chengdu Oasis Science & Technology Co Ltd,2013.0,90405.0,5.3,B,No,No
GS1746,Everbright Suqian & Huaining Bundled Solar PV Power Generation Project,GOLD,Gold Standard Certified Project,Renewable Energy,Solar - Centralized,Reduction,Eastern Asia,China,Innovative Carbon Investment Co. Ltd.,2012.0,7663.0,1.72,CCC,No,No
GS1747,Everbright Zhenjiang Bundled Solar PV Power Generation Project,GOLD,Gold Standard Certified Project,Renewable Energy,Solar - Centralized,Reduction,Eastern Asia,China,Innovative Carbon Investment Co. Ltd.,2012.0,9680.0,1.47,BBB,No,No
GS1890,Bac Lieu Province Wind Power Plant,GOLD,Gold Standard Certified Project,Renewable Energy,Wind,Reduction,South-Eastern Asia,Viet Nam,Swiss Carbon Assets Ltd.,2013.0,864889.0,2.56,B,No,No
GS2088,Incesu WPP,GOLD,Gold Standard Certified Project,Renewable Energy,Wind,Reduction,Western Asia,Türkiye,SEKANS ENERJI LIMITED ŞİRKETİ,2021.0,109235.0,2.86,B,No,No
GS2094,GS1385 Man and Man Enterprise Improved Cooking Stoves Programme in Ghana - VPA001,GOLD,Gold Standard Certified Project,Household & Community,Cookstoves,Reduction,Sub-Saharan Africa,Ghana,Man and Man Enterprise,2013.0,1915694.0,5.69,,No,No
GS2095,TerraClear Ceramic Water Purifier Project in Lao PDR,GOLD,Gold Standard Certified Project,Household & Community,Clean Water,Reduction,South-Eastern Asia,Laos,TerraClear Production Co. Ltd.,2012.0,260653.0,4.4,BBB,No,No
GS2290,Buenos Aires Renewable Energy Project,GOLD,Gold Standard Certified Project,Renewable Energy,Biomass,Reduction,Latin America and the Caribbean,Brazil,Sustainable Carbon - Projetos Ambientais LTDA,2012.0,62829.0,3.18,B,Yes,No
GS2293,GS1299 India Organic Waste Management Programme-VPA01,GOLD,Gold Standard Certified Project,Household & Community,Biodigesters,Reduction,Southern Asia,India,Iora Ecological Solutions Pvt. Ltd.,2012.0,157104.0,6.29,,No,No
GS2296,Impact Carbon and myclimate Safe Water and Improved Cookstoves Global PoA - Uganda VPA,GOLD,Gold Standard Certified Project,Household & Community,Bundled Energy Efficiency,Reduction,Sub-Saharan Africa,Uganda,Impact Carbon,2013.0,777634.0,2.68,BB,No,No
GS2297,Project Ulubelu Unit 3 - 4 PT. Pertamina Geothermal Energy,GOLD,Gold Standard Certified Project,Renewable Energy,Geothermal,Reduction,South-Eastern Asia,Indonesia,South Pole Ltd,2018.0,1526532.0,2.49,CCC,No,No
GS2300,GS1354 Vietnam Small Hydro PoA - Thoong Cot 2 Hydropower Project,GOLD,Gold Standard Certified Project,Renewable Energy,Hydropower,Reduction,South-Eastern Asia,Viet Nam,South Pole Ltd,2013.0,20455.0,1.99,CCC,No,No
GS2397,GS2397 - GS1265 - African Biomass Energy Conservation POA - Rwanda Biomass Conservation (2),GOLD,Gold Standard Certified Project,Household & Community,Cookstoves,Reduction,Sub-Saharan Africa,Rwanda,Hestian Innovation,2013.0,34195.0,8.25,CCC,No,No
GS2402,Everbright Suqian & Huaining Bundled Solar PV Power Generation Project_preCDM VER,GOLD,Gold Standard Certified Project,Renewable Energy,Solar - Centralized,Reduction,Eastern Asia,China,Innovative Carbon Investment Co. Ltd.,2011.0,2168.0,1.22,B,No,No
GS2403,Everbright Zhenjiang Bundled Solar PV Power Generation Project_preCDM VER,GOLD,Gold Standard Certified Project,Renewable Energy,Solar - Centralized,Reduction,Eastern Asia,China,Innovative Carbon Investment Co. Ltd.,2011.0,2448.0,1.29,B,No,No
GS2419,Project Karaha Unit 1 PT. Pertamina Geothermal Energy,GOLD,Gold Standard Certified Project,Renewable Energy,Geothermal,Reduction,South-Eastern Asia,Indonesia,South Pole Ltd,2018.0,192809.0,4.28,,No,No
GS2420,Biomass Power Generation Project by Everbright Alternative Energy (Dangshan) Limited,GOLD,Gold Standard Certified Project,Renewable Energy,Biomass,Reduction,Eastern Asia,China,China Everbright International Limited,2012.0,161419.0,2.05,BB,No,No
GS2429,WWF Ningshan County High Efficient Cook Stove Project,GOLD,Gold Standard Certified Project,Household & Community,Cookstoves,Reduction,Eastern Asia,China,South Pole Ltd,2013.0,10637.0,5.45,,No,No
GS2435,MicroEnergy Credits - Mongolia - Microfinance for Clean Energy Product Lines VER Project - VPA No. 001: XacBank LLC,GOLD,Gold Standard Certified Project,Household & Community,Bundled Energy Efficiency,Reduction,Eastern Asia,Mongolia,MicroEnergy Credits,2012.0,225050.0,3.47,,No,No
GS2437,CPA # 4 Improved Cooking Stoves for Nigeria GS 2437,GOLD,Gold Standard Certified Project,Household & Community,Cookstoves,Reduction,Sub-Saharan Africa,Nigeria,atmosfair gGmbH,2013.0,45627.0,8.24,,No,No
GS2439,GS1377 Utsil Naj - Casa saludable para todos VPA2,GOLD,Gold Standard Certified Project,Household & Community,Cookstoves,Reduction,Latin America and the Caribbean,Guatemala,MICROSOL SAS,2012.0,8198.0,5.91,B,No,No
GS2440,GS1377 Utsil Naj - Casa saludable para todos VPA3,GOLD,Gold Standard Certified Project,Household & Community,Cookstoves,Reduction,Latin America and the Caribbean,Honduras,MICROSOL SAS,2012.0,1074.0,6.26,,No,No
GS2441,GS1377 Utsil Naj - Casa saludable para todos VPA4,GOLD,Gold Standard Certified Project,Household & Community,Cookstoves,Reduction,Latin America and the Caribbean,Mexico,MICROSOL SAS,2011.0,72679.0,9.35,CCC,No,No
GS2444,"GS2444 ""GS1265"" African Biomass Energy Conservation PoA Malawi Biomass Conservation (2)",GOLD,Gold Standard Certified Project,Household & Community,Cookstoves,Reduction,Sub-Saharan Africa,Malawi,Hestian Innovation,2013.0,35567.0,6.36,CCC,No,No
GS2445,GS2445  GS1265  African Biomass Energy Conservation PoA  Malawi Biomass Conservation (3),GOLD,Gold Standard Certified Project,Household & Community,Cookstoves,Reduction,Sub-Saharan Africa,Malawi,Hestian Innovation,2013.0,2836.0,6.61,CCC,No,No
GS2446,GS2446 GS1265  African Biomass Energy Conservation PoA  Malawi Biomass Conservation (4),GOLD,Gold Standard Certified Project,Household & Community,Cookstoves,Reduction,Sub-Saharan Africa,Malawi,Hestian Innovation,2014.0,41593.0,4.38,BB,No,No
GS2447,GS2447 GS1265 African Biomass Energy Conservation PoA Malawi Biomass Conservation (5),GOLD,Gold Standard Certified Project,Household & Community,Cookstoves,Reduction,Sub-Saharan Africa,Malawi,Hestian Innovation,2015.0,57460.0,4.71,CCC,No,No
GS2456,GS1340 Efficient cookstoves in Burkina Faso - VPA-01 - tiipaalga F3PA cookstoves in Bam and Loroum,GOLD,Gold Standard Certified Project,Household & Community,Cookstoves,Reduction,Sub-Saharan Africa,Burkina Faso,Tiipaalga,2015.0,30585.0,9.53,BBB,No,No
GS2457,Improved Jikos - Better Living for Rural Population,GOLD,Gold Standard Certified Project,Household & Community,Cookstoves,Reduction,Sub-Saharan Africa,Kenya,Fastenaktion,2014.0,74090.0,10.83,CCC,No,No
GS2460,The CDQ Project in Tranvic Group,GOLD,Gold Standard Certified Project,Industrial & Commercial,Waste Heat Recovery,Reduction,Eastern Asia,China,Beijing Fangzhou Jiaye Technology Co ltd,2013.0,140492.0,4.11,,Yes,No
GS2464,Akbuk Wind Power Plant,GOLD,Gold Standard Certified Project,Renewable Energy,Wind,Reduction,Western Asia,Türkiye,Suay Enerji Sanayi ve Ticaret A.S.,2015.0,120222.0,3.43,CCC,Yes,No
GS2468,ORTAMANDIRA WPP,GOLD,Gold Standard Certified Project,Renewable Energy,Wind,Reduction,Western Asia,Türkiye,Fiba Yenilenebilir Enerji Holding A.Ş,2015.0,3473.0,2.0,,No,No
GS2475,Icdas Biga Wind Farm Project,GOLD,Gold Standard Certified Project,Renewable Energy,Wind,Reduction,Western Asia,Türkiye,İCDAS CELİK ENERJİ TERSANE VE ULASIM SANAYİ ANONİM SİRKETİ,2015.0,536298.0,2.81,,No,No
GS2478,Solar Power Company 94MW Project,GOLD,Gold Standard Certified Project,Renewable Energy,Solar - Centralized,Reduction,South-Eastern Asia,Thailand,Cleaner Climate,2013.0,92668.0,1.27,,No,No
GS2479,GS1247 VPA 3 Otuke District Borehole Project,GOLD,Gold Standard Certified Project,Household & Community,Community Boreholes,Reduction,Sub-Saharan Africa,Uganda,CO2balance UK ltd,2013.0,3202.0,4.75,A,No,No
GS2480,GS1247 VPA 4 Dokolo District Borehole Project,GOLD,Gold Standard Certified Project,Household & Community,Community Boreholes,Reduction,Sub-Saharan Africa,Uganda,CO2balance UK ltd,2013.0,2055.0,5.69,,No,No
GS2481,GS1247 VPA 5 Alebtong District Borehole Project,GOLD,Gold Standard Certified Project,Household & Community,Community Boreholes,Reduction,Sub-Saharan Africa,Uganda,CO2balance UK ltd,2014.0,3228.0,7.17,B,No,No
GS2483,Enercon Wind Farm (Hindustan) Ltd in Rajasthan,GOLD,Gold Standard Certified Project,Renewable Energy,Wind,Reduction,Southern Asia,India,Wind World (India) Limited,2012.0,492124.0,1.64,CCC,No,No
GS2487,Haijin Gonghe 10MWp Solar PV Project,GOLD,Gold Standard Certified Project,Renewable Energy,Solar - Centralized,Reduction,Eastern Asia,China,Climate Bridge (Shanghai) Ltd.,2013.0,8051.0,1.43,CCC,No,No
GS2488,Yixin Gonghe 10MWp Solar PV Project,GOLD,Gold Standard Certified Project,Renewable Energy,Solar - centralized,Reduction,Eastern Asia,China,Climate Bridge (Shanghai) Ltd.,2013.0,8252.0,2.99,BB,No,No
GS2490,Xenamnoy 6 Hydropower Project,GOLD,Gold Standard Certified Project,Renewable Energy,Hydropower,Reduction,South-Eastern Asia,Laos,South Pole Ltd SCV,2015.0,60306.0,1.69,CCC,No,No
GS2497,Kurtkayasi Wind Power Plant,GOLD,Gold Standard Certified Project,Renewable Energy,Wind,Reduction,Western Asia,Türkiye,Are Elektrik Uretim Ticaret ve Sanayi Limited Sirketi,2016.0,218049.0,3.1,,No,No
GS2498,Yongren Ganbala Grid-connected Photovoltaic Power Project,GOLD,Gold Standard Certified Project,Renewable Energy,Solar - Centralized,Reduction,Eastern Asia,China,Goldchina Consultancy International Co. Ltd,2014.0,126360.0,2.22,BB,No,No
GS2499,Gansu Jinchang Magang and Huangmaopo Bundled Wind Power Project,GOLD,Gold Standard Certified Project,Renewable Energy,Wind,Reduction,Eastern Asia,China,Climate Bridge (Shanghai) Ltd.,2014.0,131088.0,2.32,CCC,No,No
GS2500,Improved Cookstoves Project Activity in Honduras Vida Mejor con Ecofogones de Alto Rendimiento CPA No 001,GOLD,Gold Standard Certified Project,Household & Community,Cookstoves,Reduction,Latin America and the Caribbean,Honduras,Envirofit International Ltd.,2015.0,94363.0,13.48,A,No,No
GS2501,Ningxia Lingwu Baitugang 40MWp Solar PV Power Generation Project,GOLD,Gold Standard Certified Project,Renewable Energy,Solar - Centralized,Reduction,Eastern Asia,China,Climate Bridge (Shanghai) Ltd.,2013.0,54470.0,1.31,B,No,No
GS2502,National Bio Energy Tongliao Biomass Power Plant,GOLD,Gold Standard Certified Project,Renewable Energy,Biomass,Reduction,Eastern Asia,China,Beijing Fangzhou Jiaye Technology Co ltd,2012.0,394329.0,2.68,B,No,No
GS2503,National Bio Energy Changtu Biomass Power Plant,GOLD,Gold Standard Certified Project,Renewable Energy,Biomass,Reduction,Eastern Asia,China,Beijing Fangzhou Jiaye Technology Co ltd,2012.0,342762.0,3.11,CCC,No,No
GS2510,Xe Namnoy 2 - Xe Katam 1 Hydropower project,GOLD,Gold Standard Certified Project,Renewable Energy,Hydropower,Reduction,South-Eastern Asia,Laos,Swiss Carbon Assets Ltd.,2016.0,149732.0,2.61,BB,No,No
GS2514,GS1205 Sustainable Energy for Development PoA VPA 3: Improved Cook Stove Project in Brazzaville,GOLD,Gold Standard Certified Project,Household & Community,Cookstoves,Reduction,Sub-Saharan Africa,Congo,Deactivated Projects,2014.0,3035.0,5.78,CCC,No,No
GS2518,International Lifeline Fund Uganda CPA1 (ILFUg01),GOLD,Gold Standard Certified Project,Household & Community,Cookstoves,Reduction,Sub-Saharan Africa,Uganda,Deactivated Projects,2012.0,4052.0,5.58,CCC,No,No
GS2519,Household Biogas plants installed in rural areas of Maharashtra,GOLD,Gold Standard Certified Project,Household & Community,Biodigesters,Reduction,Southern Asia,India,Value Network Ventures Pte. Ltd.,2012.0,18906.0,5.57,,No,No
GS2520,Household Biogas plants installed in rural areas of Uttar Pradesh & Gujarat,GOLD,Gold Standard Certified Project,Household & Community,Biodigesters,Reduction,Southern Asia,India,Value Network Ventures Pte. Ltd.,2012.0,21096.0,9.34,CCC,No,No
GS2525,Avoided methane emission through aerobic composting at Vietstar municipal solid waste treatment facility,GOLD,Gold Standard Certified Project,Waste Management,Composting,Reduction,South-Eastern Asia,Viet Nam,South Pole Ltd,2013.0,1293771.0,5.05,B,No,No
GS2528,GS2527 - Mobisol Solar Home Systems in Tanzania – VPA 1,GOLD,Gold Standard Certified Project,Renewable Energy,Solar - Distributed,Reduction,Sub-Saharan Africa,Tanzania,Mobisol,2015.0,3585.0,2.32,CCC,No,No
GS2534,Shuangliao Solar PV Power Generation Project,GOLD,Gold Standard Certified Project,Renewable Energy,Solar - centralized,Reduction,Eastern Asia,China,Climate Bridge (Shanghai) Ltd.,2013.0,17445.0,2.66,BBB,No,No
GS2535,Tailai Tangchi Solar PV Power Generation Project,GOLD,Gold Standard Certified Project,Renewable Energy,Solar - centralized,Reduction,Eastern Asia,China,Climate Bridge (Shanghai) Ltd.,2015.0,51266.0,1.62,BBB,Yes,No
GS2539,GS1354 Vietnam Small Hydro PoA - Ea Sup 3 Hydropower Project (CPA2),GOLD,Gold Standard Certified Project,Renewable Energy,Hydropower,Reduction,South-Eastern Asia,Viet Nam,South Pole Ltd,2013.0,46003.0,1.3,CCC,No,No
GS2540,Laya Surakshana VER Project for Tribal Communities,GOLD,Gold Standard Certified Project,Household & Community,Cookstoves,Reduction,Southern Asia,India,LAYA Resource Centre,2015.0,11441.0,7.81,,No,No
GS2542,Çesme Wind Power Project Turkey,GOLD,Gold Standard Certified Project,Renewable Energy,Wind,Reduction,Western Asia,Türkiye,SEKANS ENERJI LIMITED ŞİRKETİ,2015.0,163158.0,2.28,BB,No,No
GS2543,Fuatres Wind Power Plant Turkey,GOLD,Gold Standard Certified Project,Renewable Energy,Wind,Reduction,Western Asia,Türkiye,BORUSAN ENBW ENERJI YATIRIMLARI VE ÜRETIM A.S.,2017.0,227090.0,2.19,B,Yes,No
GS2544,Harmanlik Wind Power Plant Turkey,GOLD,Gold Standard Certified Project,Renewable Energy,Wind,Reduction,Western Asia,Türkiye,BORUSAN ENBW ENERJI YATIRIMLARI VE ÜRETIM A.S.,2015.0,425926.0,2.35,CCC,No,No
GS2545,Koru Wind Power Plant Turkey,GOLD,Gold Standard Certified Project,Renewable Energy,Wind,Reduction,Western Asia,Türkiye,BORUSAN ENBW ENERJI YATIRIMLARI VE ÜRETIM A.S.,2015.0,298809.0,1.83,BBB,Yes,No
GS2546,Mut Wind Power Plant Turkey,GOLD,Gold Standard Certified Project,Renewable Energy,Wind,Reduction,Western Asia,Türkiye,BORUSAN ENBW ENERJI YATIRIMLARI VE ÜRETIM A.S.,2015.0,322086.0,1.69,CCC,No,No
GS2553,Taibus Banner Touzhijian 49.5MW  Wind Power Project,GOLD,Gold Standard Certified Project,Renewable Energy,Wind,Reduction,Eastern Asia,China,Goldchina Consultancy International Co. Ltd,2012.0,3488.0,2.42,BB,No,No
GS2563,Deactivated Projects,GOLD,Gold Standard Certified Project,Household & Community,Cookstoves,Reduction,Sub-Saharan Africa,Rwanda,Deactivated Projects,2014.0,43836.0,5.57,BB,No,No
GS2564,Expanding access to LPG in Haiti through microfinance services,GOLD,Gold Standard Certified Project,Household & Community,Cookstoves,Reduction,Latin America and the Caribbean,Haiti,Entrepreneurs du Monde,2015.0,19084.0,12.43,B,No,No
GS2566,GS1239 Sichuan Rural Poor-Household Biogas Development Programme PoA- CPA Nb. SCHHBG-2013-054,GOLD,Gold Standard Certified Project,Household & Community,Biodigesters,Reduction,Eastern Asia,China,Chengdu Oasis Science & Technology Co. Ltd,2014.0,89473.0,5.92,CCC,No,No
GS2567,GS1239 Sichuan Rural Poor-Household Biogas Development Programme PoA- CPA Nb. SCHHBG-2013-055,GOLD,Gold Standard Certified Project,Household & Community,Biodigesters,Reduction,Eastern Asia,China,Chengdu Oasis Science & Technology Co. Ltd,2014.0,83142.0,7.07,CCC,No,No
GS2568,GS1239 Sichuan Rural Poor-Household Biogas Development Programme PoA- CPA Nb. SCHHBG-2013-056,GOLD,Gold Standard Certified Project,Household & Community,Biodigesters,Reduction,Eastern Asia,China,Chengdu Oasis Science & Technology Co. Ltd,2014.0,87076.0,7.56,BB,No,No
GS2569,GS1239 Sichuan Rural Poor-Household Biogas Development Programme PoA- CPA Nb. SCHHBG-2013-057,GOLD,Gold Standard Certified Project,Household & Community,Biodigesters,Reduction,Eastern Asia,China,Chengdu Oasis Science & Technology Co. Ltd,2014.0,87864.0,8.75,CCC,No,No
GS2570,GS1239 Sichuan Rural Poor-Household Biogas Development Programme PoA- CPA Nb. SCHHBG-2013-058,GOLD,Gold Standard Certified Project,Household & Community,Biodigesters,Reduction,Eastern Asia,China,Chengdu Oasis Science & Technology Co. Ltd,2014.0,87865.0,5.99,CCC,No,No
GS2571,GS1239 Sichuan Rural Poor-Household Biogas Development Programme PoA- CPA Nb. SCHHBG-2013-059,GOLD,Gold Standard Certified Project,Household & Community,Biodigesters,Reduction,Eastern Asia,China,Chengdu Oasis Science & Technology Co. Ltd,2014.0,87864.0,5.11,BB,No,No
GS2572,GS1239 Sichuan Rural Poor-Household Biogas Development Programme PoA- CPA Nb. SCHHBG-2013-060,GOLD,Gold Standard Certified Project,Household & Community,Biodigesters,Reduction,Eastern Asia,China,Chengdu Oasis Science & Technology Co. Ltd,2014.0,87865.0,6.45,BB,No,No
GS2573,GS1239 Sichuan Rural Poor-Household Biogas Development Programme PoA- CPA Nb. SCHHBG-2013-061,GOLD,Gold Standard Certified Project,Household & Community,Biodigesters,Reduction,Eastern Asia,China,Chengdu Oasis Science & Technology Co. Ltd,2014.0,87864.0,9.79,BB,No,No
GS2574,GS1239 Sichuan Rural Poor-Household Biogas Development Programme PoA- CPA Nb. SCHHBG-2013-062,GOLD,Gold Standard Certified Project,Household & Community,Biodigesters,Reduction,Eastern Asia,China,Chengdu Oasis Science & Technology Co. Ltd,2014.0,87864.0,6.97,BB,No,No
GS2575,GS1239 Sichuan Rural Poor-Household Biogas Development Programme PoA- CPA Nb. SCHHBG-2013-063,GOLD,Gold Standard Certified Project,Household & Community,Biodigesters,Reduction,Eastern Asia,China,Chengdu Oasis Science & Technology Co. Ltd,2014.0,88102.0,7.77,,No,No
GS2576,GS1239 Sichuan Rural Poor-Household Biogas Development Programme PoA- CPA Nb. SCHHBG-2013-064,GOLD,Gold Standard Certified Project,Household & Community,Biodigesters,Reduction,Eastern Asia,China,Chengdu Oasis Science & Technology Co. Ltd,2014.0,89017.0,8.43,CCC,No,No
GS2577,GS1239 Sichuan Rural Poor-Household Biogas Development Programme PoA- CPA Nb. SCHHBG-2013-065,GOLD,Gold Standard Certified Project,Household & Community,Biodigesters,Reduction,Eastern Asia,China,Chengdu Oasis Science & Technology Co. Ltd,2014.0,91177.0,7.75,B,No,No
GS2578,GS1239 Sichuan Rural Poor-Household Biogas Development Programme PoA- CPA Nb. SCHHBG-2013-066,GOLD,Gold Standard Certified Project,Household & Community,Biodigesters,Reduction,Eastern Asia,China,Chengdu Oasis Science & Technology Co. Ltd,2014.0,89954.0,6.27,B,No,No
GS2579,GS1239 Sichuan Rural Poor-Household Biogas Development Programme PoA- CPA Nb. SCHHBG-2013-067,GOLD,Gold Standard Certified Project,Household & Community,Biodigesters,Reduction,Eastern Asia,China,Chengdu Oasis Science & Technology Co. Ltd,2014.0,87864.0,9.98,BB,No,No
GS2580,GS1239 Sichuan Rural Poor-Household Biogas Development Programme PoA- CPA Nb. SCHHBG-2013-068,GOLD,Gold Standard Certified Project,Household & Community,Biodigesters,Reduction,Eastern Asia,China,Chengdu Oasis Science & Technology Co. Ltd,2014.0,87782.0,6.13,CCC,No,No
GS2581,GS1239 Sichuan Rural Poor-Household Biogas Development Programme PoA- CPA Nb. SCHHBG-2013-069,GOLD,Gold Standard Certified Project,Household & Community,Biodigesters,Reduction,Eastern Asia,China,Chengdu Oasis Science & Technology Co. Ltd,2014.0,88258.0,8.48,BBB,No,No
GS2582,GS1239 Sichuan Rural Poor-Household Biogas Development Programme PoA- CPA Nb. SCHHBG-2013-070,GOLD,Gold Standard Certified Project,Household & Community,Biodigesters,Reduction,Eastern Asia,China,Chengdu Oasis Science & Technology Co. Ltd,2014.0,88394.0,6.87,BB,No,No
GS2583,GS1239 Sichuan Rural Poor-Household Biogas Development Programme PoA- CPA Nb. SCHHBG-2013-071,GOLD,Gold Standard Certified Project,Household & Community,Biodigesters,Reduction,Eastern Asia,China,Chengdu Oasis Science & Technology Co. Ltd,2014.0,88256.0,7.46,CCC,No,No
GS2584,GS1239 Sichuan Rural Poor-Household Biogas Development Programme PoA- CPA Nb. SCHHBG-2013-072,GOLD,Gold Standard Certified Project,Household & Community,Biodigesters,Reduction,Eastern Asia,China,Chengdu Oasis Science & Technology Co. Ltd,2014.0,89499.0,11.71,BB,No,No
GS2585,GS1239 Sichuan Rural Poor-Household Biogas Development Programme PoA- CPA Nb. SCHHBG-2013-073,GOLD,Gold Standard Certified Project,Household & Community,Biodigesters,Reduction,Eastern Asia,China,Chengdu Oasis Science & Technology Co. Ltd,2014.0,65636.0,9.51,BBB,No,No
GS2587,Henan Sheqi Xiawaxiang  Wind Farm  Phase I Project,GOLD,Gold Standard Certified Project,Renewable Energy,Wind,Reduction,Eastern Asia,China,Climate Bridge (Shanghai) Ltd.,2015.0,156789.0,2.34,CCC,No,No
GS2596,Sincik Wind Power Plant,GOLD,Gold Standard Certified Project,Renewable Energy,Wind,Reduction,Western Asia,Türkiye,Climate Balanced İklim Enerji Ticaret ve Eğitim Limited Şirketi,2020.0,32648.0,2.67,BBB,No,No
GS2640,Hezhang Rural Methane Digesters Project in Guizhou Province,GOLD,Gold Standard Certified Project,Household & Community,Biodigesters,Reduction,Eastern Asia,China,Guizhou Honor Carbon Asset Management Co. Ltd,2013.0,10014.0,11.82,BBB,No,No
GS2641,Shuicheng Rural Methane Digesters Project in Guizhou Province,GOLD,Gold Standard Certified Project,Household & Community,Biodigesters,Reduction,Eastern Asia,China,Guizhou Honor Carbon Asset Management Co. Ltd,2013.0,22118.0,9.67,BBB,No,No
GS2644,Yuqing Rural Methane Digesters Project in Guizhou Province.,GOLD,Gold Standard Certified Project,Household & Community,Biodigesters,Reduction,Eastern Asia,China,Guizhou Honor Carbon Asset Management Co. Ltd,2013.0,95818.0,8.33,A,No,No
GS2664,Haikou Rural Methane Digesters Project in Hainan Province,GOLD,Gold Standard Certified Project,Household & Community,Biodigesters,Reduction,Eastern Asia,China,Guizhou Honor Carbon Asset Management Co. Ltd,2013.0,43269.0,6.84,,No,No
GS2665,Wenchang Rural Methane Digesters Project in Hainan Province,GOLD,Gold Standard Certified Project,Household & Community,Biodigesters,Reduction,Eastern Asia,China,Guizhou Honor Carbon Asset Management Co. Ltd,2013.0,96399.0,6.52,A,No,No
GS2678,Huili Shubaoxiang Solar PV Power Generation Phase I Project,GOLD,Gold Standard Certified Project,Renewable Energy,Solar - Centralized,Reduction,Eastern Asia,China,Climate Bridge (Shanghai) Ltd.,2013.0,17051.0,1.81,,No,No
GS2679,Ulan Phase II 10MWp Solar PV Project,GOLD,Gold Standard Certified Project,Renewable Energy,Solar - Centralized,Reduction,Eastern Asia,China,Climate Bridge (Shanghai) Ltd.,2013.0,15600.0,1.4,CCC,No,No
GS2680,Dongdongtan 9MWp Solar PV Project,GOLD,Gold Standard Certified Project,Renewable Energy,Solar - Centralized,Reduction,Eastern Asia,China,Climate Bridge (Shanghai) Ltd.,2013.0,14705.0,1.75,CCC,No,No
GS2681,Ova Wind Power Plant,GOLD,Gold Standard Certified Project,Renewable Energy,Wind,Reduction,Western Asia,Türkiye,Desilyon Consultancy Trade J.S.C.,2016.0,31896.0,2.07,,No,No
GS2682,Kavakli Wind Power Plant,GOLD,Gold Standard Certified Project,Renewable Energy,Wind,Reduction,Western Asia,Türkiye,Briza Ruzgar Elektrik Uretim San.ve Tic. A.S.,2014.0,579233.0,2.06,BB,No,No
GS2683,Sibel WPP,GOLD,Gold Standard Certified Project,Renewable Energy,Wind,Reduction,Western Asia,Türkiye,GTE KARBON SUSTAINABLE ENERJI EGITIM DANISMANLIK VE TICARET A.S.,2022.0,276300.0,2.69,CCC,No,No
GS2684,MicroEnergy Credits - Mongolia - Microfinance for Clean Energy Product Lines VER Project - VPA No. 002: XacBank LLC,GOLD,Gold Standard Certified Project,Household & Community,Bundled Energy Efficiency,Reduction,Eastern Asia,Mongolia,MicroEnergy Credits,2012.0,194252.0,4.06,BBB,No,No
GS2685,MicroEnergy Credits - Mongolia - Microfinance for Clean Energy Product Lines VER Project - VPA No. 003: XacBank LLC,GOLD,Gold Standard Certified Project,Household & Community,Bundled Energy Efficiency,Reduction,Eastern Asia,Mongolia,MicroEnergy Credits,2012.0,230033.0,3.09,A,No,No
GS2686,MicroEnergy Credits - Mongolia - Microfinance for Clean Energy Product Lines VER Project - VPA No. 004: XacBank LLC,GOLD,Gold Standard Certified Project,Household & Community,Bundled Energy Efficiency,Reduction,Eastern Asia,Mongolia,MicroEnergy Credits,2012.0,238081.0,3.39,BBB,No,No
GS2687,MicroEnergy Credits - Mongolia - Microfinance for Clean Energy Product Lines VER Project - VPA No. 005: XacBank LLC,GOLD,Gold Standard Certified Project,Household & Community,Bundled Energy Efficiency,Reduction,Eastern Asia,Mongolia,MicroEnergy Credits,2012.0,259710.0,3.39,BB,No,No
GS2691,81MW Caparispisan Wind Energy Project,GOLD,Gold Standard Certified Project,Renewable Energy,Wind,Reduction,South-Eastern Asia,Philippines,North Luzon Renewable Energy Corp,2015.0,153995.0,1.96,CCC,No,No
GS2707,Nam Long Hydropower Project,GOLD,Gold Standard Certified Project,Renewable Energy,Hydropower,Reduction,South-Eastern Asia,Laos,Climate Bridge (Shanghai) Ltd.,2016.0,107374.0,2.59,BB,No,No
GS2711,GS1354 Vietnam Small Hydro PoA - Krong No 2 Hydropower Project,GOLD,Gold Standard Certified Project,Renewable Energy,Hydropower,Reduction,South-Eastern Asia,Viet Nam,South Pole Ltd,2016.0,55112.0,3.33,BB,No,No
GS2712,GS1354 Vietnam Small Hydro PoA - Krong No 3 Hydropower Project,GOLD,Gold Standard Certified Project,Renewable Energy,Hydropower,Reduction,South-Eastern Asia,Viet Nam,South Pole Ltd,2016.0,49388.0,3.81,CCC,No,No
GS2713,GS1354 Vietnam Small Hydro PoA - Nam Chim 1A Hydropower Project,GOLD,Gold Standard Certified Project,Renewable Energy,Hydropower,Reduction,South-Eastern Asia,Viet Nam,South Pole Ltd,2015.0,36281.0,1.34,BB,No,No
GS2714,GS1354 Vietnam Small Hydro PoA - Song Mien 5A Hydropower Project,GOLD,Gold Standard Certified Project,Renewable Energy,Hydropower,Reduction,South-Eastern Asia,Viet Nam,South Pole Ltd,2015.0,42530.0,1.88,,No,No
GS2715,GS1354 Vietnam Small Hydro PoA - Ta Trach Hydropower Project,GOLD,Gold Standard Certified Project,Renewable Energy,Hydropower,Reduction,South-Eastern Asia,Viet Nam,South Pole Ltd,2014.0,142913.0,1.78,B,No,No
GS2722,Fuel efficient stoves for Ethiopia Programme of Activities CPA 001,GOLD,Gold Standard Certified Project,Household & Community,Cookstoves,Reduction,Sub-Saharan Africa,Ethiopia,atmosfair gGmbH,2014.0,24458.0,9.42,CCC,No,No
GS2735,GS2404 International Water Purification Programme - CPA 2 Chlorine dispensers in Uganda,GOLD,Gold Standard Certified Project,Household & Community,Clean Water,Reduction,Sub-Saharan Africa,Uganda,Swiss Carbon Assets Ltd.,2014.0,79219.0,6.86,B,No,No
GS2736,Soma District Heating Project- Zone 1,GOLD,Gold Standard Certified Project,Industrial & Commercial,Waste Heat Recovery,Reduction,Western Asia,Türkiye,GTE KARBON SUSTAINABLE ENERJI  EGITIM DANISMANLIK VE TICARET A.S.,2014.0,59309.0,3.02,BB,No,No
GS2744,Project Activity for Local Improved Cookstoves in Bamako,GOLD,Gold Standard Certified Project,Household & Community,Cookstoves,Reduction,Sub-Saharan Africa,Mali,GERES,2014.0,33637.0,8.01,,No,No
GS2750,African Biogas Carbon Programme (ABC) - Kenya - VPA001,GOLD,Gold Standard Certified Project,Household & Community,Biodigesters,Reduction,Sub-Saharan Africa,Kenya,AFRICA BIOENERGY PROGRAMS LIMITED,2013.0,82173.0,9.23,BB,No,No
GS2758,Proyecto Mirador Enhanced Distribution of Improved Cookstoves in Latin America - First VPA for Distribution of Dos por Tres Cookstoves in Honduras,GOLD,Gold Standard Certified Project,Household & Community,Cookstoves,Reduction,Latin America and the Caribbean,Honduras,Proyecto Mirador,2013.0,597852.0,4.5,CCC,No,No
GS2763,Suloglu Wind Power Plant Turkey,GOLD,Gold Standard Certified Project,Renewable Energy,Wind,Reduction,Western Asia,Türkiye,Entek Elektrik Üretimi A.Ş.,2015.0,355183.0,1.94,BB,No,No
GS2766,Xenamnoy 1 Hydropower Project,GOLD,Gold Standard Certified Project,Renewable Energy,Hydropower,Reduction,South-Eastern Asia,Laos,Swiss Carbon Assets Ltd.,2014.0,255277.0,2.91,B,No,No
GS2767,Application of advanced hull coatings to reduce shipping fuel consumption VPA #1,GOLD,Gold Standard Certified Project,Transportation,Shipping,Reduction,International,International,QK TS Pvt. Ltd.,2013.0,13735.0,5.33,BBB,No,No
GS2898,Hifadhi Improved cook-stoves in Embu County Kenya,GOLD,Gold Standard Certified Project,Household & Community,Cookstoves,Reduction,Sub-Saharan Africa,Kenya,Livelihoods Fund SICAV SIF,2013.0,654203.0,4.61,CCC,No,No
GS2940,Tropical Mix,GOLD,Gold Standard Certified Project,Forestry & Land Use,Afforestation/Reforestation,Impermanent Removal,Latin America and the Caribbean,Panama,FORLIANCE,1996.0,1271115.0,13.82,CCC,Yes,No
GS2990,Kikonda Forest Reserve,GOLD,Gold Standard Certified Project,Forestry & Land Use,Afforestation/Reforestation,Impermanent Removal,Sub-Saharan Africa,Uganda,Nile Fibreboard Ltd.,2008.0,26332.0,26.61,A,No,No
GS3014,Song Chung Hydropower Project,GOLD,Gold Standard Certified Project,Renewable Energy,Hydropower,Reduction,South-Eastern Asia,Viet Nam,Swiss Carbon Assets Ltd.,2013.0,69860.0,2.27,B,No,No
GS3015,Za Hung Hydropower Project,GOLD,Gold Standard Certified Project,Renewable Energy,Hydropower,Reduction,South-Eastern Asia,Viet Nam,Vietnam Carbon Assets Ltd.,2013.0,729668.0,1.91,CCC,No,No
GS3016,Nam Ngan Hydropower project,GOLD,Gold Standard Certified Project,Renewable Energy,Hydropower,Reduction,South-Eastern Asia,Viet Nam,Swiss Carbon Value Ltd.,2014.0,97484.0,3.08,BB,No,No
GS3024,Dissemination of TLUD improved cook stoves in the Sundarbans India 2nd project,GOLD,Gold Standard Certified Project,Household & Community,Cookstoves,Reduction,Southern Asia,India,atmosfair gGmbH,2014.0,30847.0,7.34,CCC,No,No
GS3031,Afforestation Project in Tongliao Inner Mongolia,GOLD,Gold Standard Certified Project,Forestry & Land Use,Afforestation/Reforestation,Impermanent Removal,Eastern Asia,China,Climate Bridge (Shanghai) Ltd.,2018.0,13301.0,32.29,BBB,Yes,No
GS3041,Soke Wind Power Plant Project,GOLD,Gold Standard Certified Project,Renewable Energy,Wind,Reduction,Western Asia,Türkiye,Aydem Yenilenebilir Enerji A.Ş.,2018.0,263959.0,2.36,BB,No,No
GS3072,Poultry Litter Based Power Project in Ranga Reddy District Andhra Pradesh,GOLD,Gold Standard Certified Project,Agriculture,Manure Methane Digester,Reduction,Southern Asia,India,South Pole Ltd,2017.0,2522.0,6.23,,No,No
GS3077,KAROVA WPP,GOLD,Gold Standard Certified Project,Renewable Energy,Wind,Reduction,Western Asia,Türkiye,Fiba Yenilenebilir Enerji Holding A.Ş,2018.0,153303.0,1.75,,No,No
GS3105,GS1247 VPA 24 Improved Kitchen Regimes - Dowa Boreholes Malawi,GOLD,Gold Standard Certified Project,Household & Community,Community Boreholes,Reduction,Sub-Saharan Africa,Malawi,CO2balance UK ltd,2014.0,26510.0,3.96,,No,No
GS3106,GS1247 VPA 25 Improved Kitchen Regimes - Dowa Boreholes Malawi,GOLD,Gold Standard Certified Project,Household & Community,Community Boreholes,Reduction,Sub-Saharan Africa,Malawi,CO2balance UK ltd,2013.0,24647.0,5.51,B,No,No
GS3107,GS1247 VPA 26 Improved Kitchen Regimes - Kasungu Boreholes Malawi,GOLD,Gold Standard Certified Project,Household & Community,Community Boreholes,Reduction,Sub-Saharan Africa,Malawi,CO2balance UK ltd,2013.0,30329.0,5.87,AA,No,No
GS3108,GS1247 VPA 27 Improved Kitchen Regimes - Kasungu Boreholes Malawi,GOLD,Gold Standard Certified Project,Household & Community,Community Boreholes,Reduction,Sub-Saharan Africa,Malawi,CO2balance UK ltd,2014.0,26913.0,4.4,B,No,No
GS3109,Nepal Biogas Support Program - CPA 1: 20000 digesters,GOLD,Gold Standard Certified Project,Household & Community,Biodigesters,Reduction,Southern Asia,Nepal,Alternative Energy Promotion Centre,2013.0,458499.0,7.25,BBB,No,No
GS3113,Nepal Biogas Support Program - CPA 2: 19927 digesters,GOLD,Gold Standard Certified Project,Household & Community,Biodigesters,Reduction,Southern Asia,Nepal,Alternative Energy Promotion Centre,2014.0,427229.0,7.57,BB,No,No
GS3114,Nepal Biogas Support Program - CPA 3: 19959 digesters,GOLD,Gold Standard Certified Project,Household & Community,Biodigesters,Reduction,Southern Asia,Nepal,Alternative Energy Promotion Centre,2014.0,435335.0,5.6,B,No,No
GS3116,Nepal Biogas Support Program - CPA 4: 19970 digesters,GOLD,Gold Standard Certified Project,Household & Community,Biodigesters,Reduction,Southern Asia,Nepal,Alternative Energy Promotion Centre,2014.0,432984.0,7.42,BBB,No,No
GS3253,Soma III Wind Farm,GOLD,Gold Standard Certified Project,Renewable Energy,Wind,Reduction,Western Asia,Türkiye,Soma Enerji Elektrik Uretim AS,2014.0,900301.0,1.53,BB,No,No
GS3260,Afforestation on the Big Island of Hawaii: Restoring native hardwood forests and enhancing multiple ecosystem services,GOLD,Gold Standard Certified Project,Forestry & Land Use,Afforestation/Reforestation,Impermanent Removal,North America,United States,HLH,2014.0,6998.0,15.78,,Yes,No
GS3262,GS1247 VPA 28 Improved Kitchen regimes: Improved stove in Zoba Anseba Eritrea,GOLD,Gold Standard Certified Project,Household & Community,Cookstoves,Reduction,Sub-Saharan Africa,Eritrea,CO2balance UK ltd,2015.0,7617.0,6.65,CCC,No,No
GS3326,Native Hydraid BioSand Water Filter Program Central America: NE – VPA – 02 – HON,GOLD,Gold Standard Certified Project,Household & Community,Clean Water,Reduction,Latin America and the Caribbean,Honduras,NATIVE A PUBLIC BENEFIT CORPORATION,2012.0,47131.0,6.77,B,No,No
GS3334,Dilek Wind Power Plant,GOLD,Gold Standard Certified Project,Renewable Energy,Wind,Reduction,Western Asia,Türkiye,Kale Enerji,2020.0,60213.0,1.67,B,No,No
GS3343,Afforestation on Degraded Lands in Mountainous Areas of Northern Guangdong China,GOLD,Gold Standard Certified Project,Forestry & Land Use,Afforestation/Reforestation,Impermanent Removal,Eastern Asia,China,FDF,2016.0,18122.0,16.02,B,Yes,No
GS3363,The Breathing Space Improved Cooking Stoves Programme India - VPA No. 05 Envirofit,GOLD,Gold Standard Certified Project,Household & Community,Cookstoves,Reduction,Southern Asia,India,Envirofit International Ltd.,2012.0,1057.0,9.11,B,No,No
GS3367,The Breathing Space Improved Cooking Stoves Programme India - VPA No. 09 Envirofit,GOLD,Gold Standard Certified Project,Household & Community,Cookstoves,Reduction,Southern Asia,India,Envirofit International Ltd.,2014.0,5197.0,9.2,A,No,No
GS3372,Nam Nga 2 Hydropower Project,GOLD,Gold Standard Certified Design,Renewable Energy,Hydropower,Reduction,South-Eastern Asia,Laos,Swiss Carbon Assets Ltd.,2018.0,53837.0,2.51,BBB,No,No
GS3379,Svilosa Biomass Project,GOLD,Gold Standard Certified Project,Renewable Energy,Biomass,Reduction,Eastern Europe,Bulgaria,Svilocell EAD,2013.0,127221.0,3.99,,Yes,No
GS3404,Biodigestor Program in the State of Kerala by  INSEDA and SDA,GOLD,Gold Standard Certified Project,Household & Community,Biodigesters,Reduction,Southern Asia,India,First Climate Markets AG,2013.0,8437.0,6.31,CCC,No,No
GS3405,Los Santos Wind Power Project,GOLD,Gold Standard Certified Project,Renewable Energy,Wind,Reduction,Latin America and the Caribbean,Costa Rica,Carbonbay GmbH & Co. KG,2013.0,54172.0,2.36,B,No,No
GS3407,Solar Water Heater Program in India - CPA-1,GOLD,Gold Standard Certified Project,Renewable Energy,Solar Water Heaters,Reduction,Southern Asia,India,Nuetech Solar Systems Private Limited,2013.0,127847.0,2.32,CCC,No,No
GS3409,Saritepe Wind Power Plant,GOLD,Gold Standard Certified Project,Renewable Energy,Wind,Reduction,Western Asia,Türkiye,Life Iklim ve Enerji Ltd. Sti.,2016.0,53394.0,1.62,BB,No,No
GS3410,Demirciler Wind Power Plant,GOLD,Gold Standard Certified Project,Renewable Energy,Wind,Reduction,Western Asia,Türkiye,Akfen Yenilenebilir Enerji A.S.,2016.0,169849.0,2.65,B,No,No
GS3411,Akbuk II Wind Farm Project Turkey,GOLD,Gold Standard Certified Project,Renewable Energy,Wind,Reduction,Western Asia,Türkiye,Ayen Enerji A. S.,2020.0,46611.0,2.96,CCC,No,No
GS3421,ACP Sustainable Forest Cover Establishment Project,GOLD,Gold Standard Certified Project,Forestry & Land Use,Afforestation/Reforestation,Impermanent Removal,Latin America and the Caribbean,Panama,Autoridad del Canal de Panama (ACP),2013.0,117473.0,11.63,B,Yes,No
GS3429,Solar Thermal Power Plant by Godawari Green Energy Limited,GOLD,Gold Standard Certified Project,Renewable Energy,Solar - Centralized,Reduction,Southern Asia,India,GODAWARI GREEN ENERGY PRIVATE LIMITED,2013.0,532723.0,1.99,CCC,No,No
GS3434,GS3434 Uberlândia landfills I and II,GOLD,Gold Standard Certified Project,Waste Management,Landfill Methane,Reduction,Latin America and the Caribbean,Brazil,Energas Geracao de Energia Ltda,2013.0,1347957.0,4.14,A,No,No
GS3443,GS1247 VPA 33 Improved Kitchen Regimes : Kaliro Safe Water Project,GOLD,Gold Standard Certified Project,Household & Community,Community Boreholes,Reduction,Sub-Saharan Africa,Uganda,CO2balance UK ltd,2014.0,12202.0,7.91,BBB,No,No
GS3445,Solar cooking in Chad Iridimi (VPA1),GOLD,Gold Standard Certified Project,Household & Community,Cookstoves,Reduction,Sub-Saharan Africa,Chad,FairClimateFund,2012.0,28798.0,4.82,CCC,No,No
GS3447,GS1247 VPA 14 Improved Kitchen Regimes NTARAMA (Bugesera) Rwanda,GOLD,Gold Standard Certified Project,Household & Community,Cookstoves,Reduction,Sub-Saharan Africa,Rwanda,CO2balance UK ltd,2014.0,3899.0,6.99,BB,No,No
GS3482,VPA 2 - GHG Emission Reduction through use of Bondhu Chula  (Improved Cook Stoves) in Bangladesh,GOLD,Gold Standard Certified Project,Household & Community,Cookstoves,Reduction,Southern Asia,Bangladesh,Bangladesh Bondhu Foundation,2014.0,16250.0,8.71,B,No,No
GS3493,ULUBORLU WPP,GOLD,Gold Standard Certified Project,Renewable Energy,Wind,Reduction,Western Asia,Türkiye,Fiba Yenilenebilir Enerji Holding A.Ş,2016.0,85110.0,1.82,CCC,Yes,No
GS3509,GS1289: Native Hydraid BioSand Water Filter Programme East Africa: VPA (02) Ethiopia,GOLD,Gold Standard Certified Project,Household & Community,Clean Water,Reduction,Sub-Saharan Africa,Ethiopia,NATIVE A PUBLIC BENEFIT CORPORATION,2015.0,79093.0,7.03,B,No,No
GS3511,49.5 MW Sachal Wind Power Project Jhampir,GOLD,Gold Standard Certified Project,Renewable Energy,Wind,Reduction,Southern Asia,Pakistan,Sachal Energy Development (Pvt) Limited,2017.0,447611.0,2.16,B,No,No
GS3512,Yahyali Wind Power Plant,GOLD,Gold Standard Certified Project,Renewable Energy,Wind,Reduction,Western Asia,Türkiye,SE Santral Elektrik Uretim Sanayi ve Ticaret Anonim Sirketi,2015.0,300828.0,1.53,BB,No,No
GS3514,Nam Pha Gnai Hydropower Project,GOLD,Gold Standard Certified Project,Renewable Energy,Hydropower,Reduction,South-Eastern Asia,Laos,Swiss Carbon Assets Ltd.,2019.0,106713.0,3.45,CCC,No,No
GS3515,Hanbao Agricultural Renewable Energy Project,GOLD,Gold Standard Certified Project,Renewable Energy,Biomass,Reduction,Eastern Asia,Taiwan,Nanjitan Asset Management Ltd.,2016.0,43732.0,3.21,B,No,No
GS3516,GS1340 Efficient cookstoves in Burkina Faso - VPA-02 - tiipaalga F3PA cookstoves in Bam and Loroum,GOLD,Gold Standard Certified Project,Household & Community,Cookstoves,Reduction,Sub-Saharan Africa,Burkina Faso,Tiipaalga,2015.0,19691.0,8.28,CCC,No,No
GS3517,GS1340 Efficient cookstoves in Burkina Faso - VPA-03 - tiipaalga F3PA cookstoves in Bam and Loroum,GOLD,Gold Standard Certified Project,Household & Community,Cookstoves,Reduction,Sub-Saharan Africa,Burkina Faso,Tiipaalga,2015.0,31300.0,7.9,B,No,No
GS3518,GS1340 Efficient cookstoves in Burkina Faso - VPA-04 - tiipaalga F3PA cookstoves in Bam and Loroum,GOLD,Gold Standard Certified Project,Household & Community,Cookstoves,Reduction,Sub-Saharan Africa,Burkina Faso,Tiipaalga,2015.0,43159.0,9.77,B,No,No
GS3519,GS1340 Efficient cookstoves in Burkina Faso - VPA-05 - tiipaalga F3PA cookstoves in Bam and Loroum,GOLD,Gold Standard Certified Project,Household & Community,Cookstoves,Reduction,Sub-Saharan Africa,Burkina Faso,Tiipaalga,2015.0,35594.0,10.05,BB,No,No
GS3520,GS1340 Efficient cookstoves in Burkina Faso - VPA-06 - tiipaalga F3PA cookstoves in Bam and Loroum,GOLD,Gold Standard Certified Project,Household & Community,Cookstoves,Reduction,Sub-Saharan Africa,Burkina Faso,Tiipaalga,2015.0,43257.0,4.37,CCC,No,No
GS3521,GS1340 Efficient cookstoves in Burkina Faso - VPA-07 - tiipaalga F3PA cookstoves in Bam and Loroum,GOLD,Gold Standard Certified Project,Household & Community,Cookstoves,Reduction,Sub-Saharan Africa,Burkina Faso,Tiipaalga,2015.0,29586.0,9.65,A,No,No
GS3522,GS1340 Efficient cookstoves in Burkina Faso - VPA-08 - tiipaalga F3PA cookstoves in Bam and Loroum,GOLD,Gold Standard Certified Project,Household & Community,Cookstoves,Reduction,Sub-Saharan Africa,Burkina Faso,Tiipaalga,2015.0,25903.0,5.7,BB,No,No
GS3523,GS1340 Efficient cookstoves in Burkina Faso - VPA-09 - tiipaalga F3PA cookstoves in Bam and Loroum,GOLD,Gold Standard Certified Project,Household & Community,Cookstoves,Reduction,Sub-Saharan Africa,Burkina Faso,Tiipaalga,2015.0,18202.0,8.94,BB,No,No
GS3524,GS1340 Efficient cookstoves in Burkina Faso - VPA-10 - tiipaalga F3PA cookstoves in Bam and Loroum,GOLD,Gold Standard Certified Project,Household & Community,Cookstoves,Reduction,Sub-Saharan Africa,Burkina Faso,Tiipaalga,2015.0,16091.0,8.04,,No,No
GS3544,VPA 1 - GHG Emission Reduction through use of Bondhu Chula (Improved Cook Stoves) in Bangladesh,GOLD,Gold Standard Certified Project,Household & Community,Cookstoves,Reduction,Southern Asia,Bangladesh,Bangladesh Bondhu Foundation,2014.0,24848.0,8.87,CCC,No,No
GS3551,Airres-4 WPP,GOLD,Gold Standard Certified Project,Renewable Energy,Wind,Reduction,Western Asia,Türkiye,AIRRES Elektrik Üretim San. Ve Tic. A.S,2017.0,547534.0,1.51,B,No,No
GS3556,Panasolar Photovoltaic Project,GOLD,Gold Standard Certified Project,Renewable Energy,Solar - Centralized,Reduction,Latin America and the Caribbean,Panama,Panasolar Generation,2019.0,26600.0,1.48,CCC,No,No
GS3560,GS1247 VPA 36 Improved Kitchen Regimes - Dowa Boreholes Malawi,GOLD,Gold Standard Certified Project,Household & Community,Community Boreholes,Reduction,Sub-Saharan Africa,Malawi,CO2balance UK ltd,2013.0,27317.0,8.44,BB,No,No
GS3561,GS1247 VPA 37 Improved Kitchen Regimes - Dowa Boreholes Malawi,GOLD,Gold Standard Certified Project,Household & Community,Community Boreholes,Reduction,Sub-Saharan Africa,Malawi,CO2balance UK ltd,2013.0,33793.0,8.87,,No,No
GS3563,GS1247 VPA 34 Improved Kitchen Regimes: Kaliro Safe Water Project,GOLD,Gold Standard Certified Project,Household & Community,Community Boreholes,Reduction,Sub-Saharan Africa,Uganda,CO2balance UK ltd,2014.0,2799.0,4.13,BBB,No,No
GS3566,Nepal Biogas Support Program - CPA 5: 19842 digesters,GOLD,Gold Standard Certified Project,Household & Community,Biodigesters,Reduction,Southern Asia,Nepal,Alternative Energy Promotion Centre,2016.0,285092.0,7.4,BB,No,No
GS3567,Cururos Wind Farm Project,GOLD,Gold Standard Certified Project,Renewable Energy,Wind,Reduction,Latin America and the Caribbean,Chile,Parque Eolico Los Cururos Ltda,2014.0,294127.0,1.67,CCC,No,No
GS3588,GS1239 Sichuan Rural Poor-Household Biogas Development Programme PoA- CPA Nb. SCHHBG-2014-074,GOLD,Gold Standard Certified Project,Household & Community,Biodigesters,Reduction,Eastern Asia,China,Chengdu Oasis Science & Technology Co. Ltd,2015.0,87168.0,7.81,B,No,No
GS3589,GS1239 Sichuan Rural Poor-Household Biogas Development Programme PoA- CPA Nb. SCHHBG-2014-075,GOLD,Gold Standard Certified Project,Household & Community,Biodigesters,Reduction,Eastern Asia,China,Chengdu Oasis Science & Technology Co. Ltd,2015.0,85407.0,9.55,CCC,No,No
GS3590,GS1239 Sichuan Rural Poor-Household Biogas Development Programme PoA- CPA Nb. SCHHBG-2014-076,GOLD,Gold Standard Certified Project,Household & Community,Biodigesters,Reduction,Eastern Asia,China,Chengdu Oasis Science & Technology Co. Ltd,2015.0,87327.0,9.87,B,No,No
GS3591,GS1239 Sichuan Rural Poor-Household Biogas Development Programme PoA- CPA Nb. SCHHBG-2014-077,GOLD,Gold Standard Certified Project,Household & Community,Biodigesters,Reduction,Eastern Asia,China,Chengdu Oasis Science & Technology Co. Ltd,2015.0,86852.0,6.21,CCC,No,No
GS3592,GS1239 Sichuan Rural Poor-Household Biogas Development Programme PoA- CPA Nb. SCHHBG-2014-078,GOLD,Gold Standard Certified Project,Household & Community,Biodigesters,Reduction,Eastern Asia,China,Chengdu Oasis Science & Technology Co. Ltd,2015.0,86853.0,6.49,CCC,No,No
GS3593,GS1239 Sichuan Rural Poor-Household Biogas Development Programme PoA- CPA Nb. SCHHBG-2014-079,GOLD,Gold Standard Certified Project,Household & Community,Biodigesters,Reduction,Eastern Asia,China,Chengdu Oasis Science & Technology Co. Ltd,2015.0,85931.0,5.33,BB,No,No
GS3594,GS1239 Sichuan Rural Poor-Household Biogas Development Programme PoA- CPA Nb. SCHHBG-2014-080,GOLD,Gold Standard Certified Project,Household & Community,Biodigesters,Reduction,Eastern Asia,China,Chengdu Oasis Science & Technology Co. Ltd,2015.0,86499.0,6.58,BB,No,No
GS3595,GS1239 Sichuan Rural Poor-Household Biogas Development Programme PoA- CPA Nb. SCHHBG-2014-081,GOLD,Gold Standard Certified Project,Household & Community,Biodigesters,Reduction,Eastern Asia,China,Chengdu Oasis Science & Technology Co. Ltd,2015.0,86420.0,9.26,BB,No,No
GS3596,GS1239 Sichuan Rural Poor-Household Biogas Development Programme PoA- CPA Nb. SCHHBG-2014-082,GOLD,Gold Standard Certified Project,Household & Community,Biodigesters,Reduction,Eastern Asia,China,Chengdu Oasis Science & Technology Co. Ltd,2015.0,73681.0,8.36,BB,No,No
GS3597,GS1239 Sichuan Rural Poor-Household Biogas Development Programme PoA- CPA Nb. SCHHBG-2014-083,GOLD,Gold Standard Certified Project,Household & Community,Biodigesters,Reduction,Eastern Asia,China,Chengdu Oasis Science & Technology Co. Ltd,2015.0,78636.0,9.46,BB,No,No
GS3598,GS1239 Sichuan Rural Poor-Household Biogas Development Programme PoA- CPA Nb. SCHHBG-2014-084,GOLD,Gold Standard Certified Project,Household & Community,Biodigesters,Reduction,Eastern Asia,China,Chengdu Oasis Science & Technology Co. Ltd,2015.0,79975.0,9.66,,No,No
GS3599,GS1239 Sichuan Rural Poor-Household Biogas Development Programme PoA- CPA Nb. SCHHBG-2014-085,GOLD,Gold Standard Certified Project,Household & Community,Biodigesters,Reduction,Eastern Asia,China,Chengdu Oasis Science & Technology Co. Ltd,2015.0,77260.0,10.51,BBB,No,No
GS3600,GS1239 Sichuan Rural Poor-Household Biogas Development Programme PoA- CPA Nb. SCHHBG-2014-086,GOLD,Gold Standard Certified Project,Household & Community,Biodigesters,Reduction,Eastern Asia,China,Chengdu Oasis Science & Technology Co. Ltd,2015.0,69422.0,9.47,B,No,No
GS3601,GS1239 Sichuan Rural Poor-Household Biogas Development Programme PoA- CPA Nb. SCHHBG-2014-087,GOLD,Gold Standard Certified Project,Household & Community,Biodigesters,Reduction,Eastern Asia,China,Chengdu Oasis Science & Technology Co. Ltd,2015.0,70123.0,6.45,B,No,No
GS3606,ASYV 8.5MW Solar PV Project (CPA-001),GOLD,Gold Standard Certified Project,Renewable Energy,Solar - Centralized,Reduction,Sub-Saharan Africa,Rwanda,Gigawatt Global Cooperatief U.A.,2015.0,45930.0,2.09,CCC,No,No
GS3607,IOT Mabagas Limited power plant Pudhuchatram,GOLD,Gold Standard Certified Project,Agriculture,Manure Methane Digester,Reduction,Southern Asia,India,Carbonbay GmbH & Co. KG,2013.0,24076.0,4.42,BBB,No,No
GS3618,VPA 6 - GHG Emission Reduction through use of Bondhu Chula (Improved Cook Stoves) in Bangladesh,GOLD,Gold Standard Certified Project,Household & Community,Cookstoves,Reduction,Southern Asia,Bangladesh,Bangladesh Bondhu Foundation,2014.0,21016.0,4.39,B,No,No
GS3619,VPA 4 - GHG Emission Reduction through use of Bondhu Chula (Improved Cook Stoves) in Bangladesh,GOLD,Gold Standard Certified Project,Household & Community,Cookstoves,Reduction,Southern Asia,Bangladesh,Bangladesh Bondhu Foundation,2014.0,18575.0,5.5,BB,No,No
GS3620,VPA 5 - GHG Emission Reduction through use of Bondhu Chula (Improved Cook Stoves) in Bangladesh,GOLD,Gold Standard Certified Project,Household & Community,Cookstoves,Reduction,Southern Asia,Bangladesh,Bangladesh Bondhu Foundation,2014.0,16680.0,6.91,BB,No,No
GS3626,Solar Lighting in Rural Kenya - VPA 2,GOLD,Gold Standard Certified Project,Renewable Energy,Solar Lighting,Reduction,Sub-Saharan Africa,Kenya,myclimate Foundation,2017.0,12423.0,6.99,A,No,No
GS3664,Enercon Wind Farm (Hindustan) Ltd in Karnataka,GOLD,Gold Standard Certified Project,Renewable Energy,Wind,Reduction,Southern Asia,India,Wind World (India) Limited,2013.0,229644.0,2.18,B,No,No
GS3668,GS2404 International Water Purification Programme - CPA 3 Chlorine Dispensers in Uganda,GOLD,Gold Standard Certified Project,Household & Community,Clean Water,Reduction,Sub-Saharan Africa,Uganda,Swiss Carbon Assets Ltd.,2015.0,39083.0,4.7,BBB,No,No
GS3705,Grid Connected Wind Power Project In Maharashtra India By Bhilwara,GOLD,Gold Standard Certified Project,Renewable Energy,Wind,Reduction,Southern Asia,India,CLEAN SOLAR POWER (BHADLA) PRIVATE LIMITED,2013.0,757057.0,2.01,CCC,No,No
GS3852,Tokat Landfill Gas to Electricty Project,GOLD,Gold Standard Certified Project,Waste Management,Landfill Methane,Reduction,Western Asia,Türkiye,HER ENERJI VE ÇEVRE TEKNOLOJILERI ELK.ÜRETIM A.S.,2020.0,96943.0,5.94,BBB,No,No
GS3901,Ivakale,GOLD,Gold Standard Certified Project,Household & Community,Cookstoves,Reduction,Sub-Saharan Africa,Kenya,Ivakale,2015.0,4730.0,8.06,B,No,No
GS3945,GS1247 VPA 38 Improved Kitchen Regimes: Bugesera Rwanda,GOLD,Gold Standard Certified Project,Household & Community,Cookstoves,Reduction,Sub-Saharan Africa,Rwanda,CO2balance UK ltd,2014.0,1486.0,7.8,BBB,No,No
GS3946,Zorlu Enerji Wind Project,GOLD,Gold Standard Certified Project,Renewable Energy,Wind,Reduction,Southern Asia,Pakistan,EKI Energy Services Limited,2014.0,98286.0,2.02,BB,No,No
GS3958,Vaayu India Wind Power Project in Gujarat,GOLD,Gold Standard Certified Project,Renewable Energy,Wind,Reduction,Southern Asia,India,Wind World (India) Limited,2013.0,614995.0,1.63,CCC,No,No
GS3964,Native Clean Water Programme South East Asia: NE_VPA 01_IND,GOLD,Gold Standard Certified Project,Household & Community,Clean Water,Reduction,Southern Asia,India,NATIVE A PUBLIC BENEFIT CORPORATION,2019.0,20511.0,6.31,,No,No
GS3965,22.5 MW Wind Power Project in Rajasthan India,GOLD,Gold Standard Certified Project,Renewable Energy,Wind,Reduction,Southern Asia,India,Orange Renewable Power Pvt Ltd,2015.0,83553.0,2.9,CCC,Yes,No
GS3966,Hilal-2 RES Wind Power Project Turkey,GOLD,Gold Standard Certified Project,Renewable Energy,Wind,Reduction,Western Asia,Türkiye,Sanko Enerji Sanayi ve Ticaret A.Ş.,2018.0,79407.0,3.43,CCC,No,No
GS3969,100.5 MW Wind Power Project in Madhya Pradesh India,GOLD,Gold Standard Certified Project,Renewable Energy,Wind,Reduction,Southern Asia,India,Orange Renewable Power Pvt Ltd,2015.0,389596.0,1.52,BB,Yes,No
GS3971,Prayas- A VER project for the rural communities in Uttarakhand,GOLD,Gold Standard Certified Project,Household & Community,Cookstoves,Reduction,Southern Asia,India,Society for the Upliftment of Villagers and Development of Himalayan Areas (SUVIDHA),2016.0,9178.0,8.2,B,No,No
GS3976,Santa Marta Landfill Gas (LFG) Capture for Electricity Generation Project,GOLD,Gold Standard Certified Project,Waste Management,Landfill Methane,Reduction,Latin America and the Caribbean,Chile,Consorcio Santa Marta S.A.,2014.0,209888.0,6.62,A,No,No
GS3992,Papop Biogas and Renewable Energy Project in Thailand,GOLD,Gold Standard Certified Project,Waste Management,Methane Recovery in Wastewater,Reduction,South-Eastern Asia,Thailand,South Pole Ltd SCV,2016.0,222819.0,3.76,,No,No
GS4014,GS3428 - Biogas PoA Switzerland - VPA1,GOLD,Gold Standard Certified Project,Household & Community,Biodigesters,Reduction,Europe,Switzerland,South Pole Ltd,2017.0,6722.0,8.46,,No,No
GS4036,GS1247 VPA 40 Improved Kitchen Regimes: Dissemination of improved stove in Zoba Anseba Eritrea 2,GOLD,Gold Standard Certified Project,Household & Community,Cookstoves,Reduction,Sub-Saharan Africa,Eritrea,CO2balance UK ltd,2016.0,10785.0,11.24,B,No,No
GS4195,Biomass based Steam Generation plant at Chanakya Dairy Products Limited,GOLD,Gold Standard Certified Project,Renewable Energy,Biomass,Reduction,Southern Asia,India,Chanakya Dairy Products Ltd.,2016.0,59477.0,3.25,CCC,No,No
GS4220,Reforestation Program in the Southeastern Region of Nicaragua on degraded pastureland,GOLD,Gold Standard Certified Project,Forestry & Land Use,Afforestation/Reforestation,Impermanent Removal,Latin America and the Caribbean,Nicaragua,Across Forest,2015.0,8217.0,24.2,BB,No,No
GS4221,Vichada Climate Reforestation Project (PAZ),GOLD,Gold Standard Certified Project,Forestry & Land Use,Afforestation/Reforestation,Impermanent Removal,Latin America and the Caribbean,Colombia,FORLIANCE,2007.0,1012217.0,14.91,B,Yes,No
GS4233,Improved Cookstove Program in Lao PDR,GOLD,Gold Standard Certified Project,Household & Community,Cookstoves,Reduction,South-Eastern Asia,Laos,ASSOCIATION FOR RURAL MOBILISATION AND IMPROVEMENT (ARMI),2014.0,193194.0,8.12,B,No,No
GS4236,African Biogas Carbon Programme (ABC) - Uganda - VPA003,GOLD,Gold Standard Certified Project,Household & Community,Biodigesters,Reduction,Sub-Saharan Africa,Uganda,AFRICA BIOENERGY PROGRAMS LIMITED,2015.0,35796.0,13.1,AA,No,No
GS4238,Methane Gas Capture and Electricity Production at Kubratovo Wastewater Treatment Plant Sofia Bulgaria,GOLD,Gold Standard Certified Project,Waste Management,Methane Recovery in Wastewater,Reduction,Eastern Europe,Bulgaria,Sofiyska voda AD,2014.0,190045.0,5.49,,No,No
GS4240,Bagepalli CDM Reforestation Programme,GOLD,Gold Standard Certified Project,Forestry & Land Use,Afforestation/Reforestation,Impermanent Removal,Southern Asia,India,Agricultural Development and Training Society,2005.0,35512.0,19.58,B,Yes,No
GS4259,CPA 4 Improved Cook Stoves programme for Rwanda,GOLD,Gold Standard Certified Project,Household & Community,Cookstoves,Reduction,Sub-Saharan Africa,Rwanda,atmosfair gGmbH,2015.0,261377.0,10.04,B,No,No
GS4260,GS1247 VPA 43 Alebtong Dokolo Otuke District Boreholes,GOLD,Gold Standard Certified Project,Household & Community,Community Boreholes,Reduction,Sub-Saharan Africa,Uganda,CO2balance UK ltd,2013.0,1494.0,5.08,A,No,No
GS4261,CPA 5 Improved Cook Stoves programme for Rwanda,GOLD,Gold Standard Certified Project,Household & Community,Cookstoves,Reduction,Sub-Saharan Africa,Rwanda,atmosfair gGmbH,2017.0,166547.0,10.55,CCC,No,No
GS4264,Silivri WPP,GOLD,Gold Standard Certified Project,Renewable Energy,Wind,Reduction,Western Asia,Türkiye,Eksim Enerji Anonim Sirketi,2014.0,42249.0,3.14,A,No,No
GS4265,WWF Biogas Nepal II,GOLD,Gold Standard Certified Project,Household & Community,Biodigesters,Reduction,Southern Asia,Nepal,BSP-N,2017.0,127207.0,10.11,BBB,No,No
GS4269,GS2404 International Water Purification Programme - CPA 4 Water Kiosks in Cambodia,GOLD,Gold Standard Certified Project,Household & Community,Clean Water,Reduction,South-Eastern Asia,Cambodia,Swiss Carbon Assets Ltd.,2017.0,57126.0,8.08,AA,No,No
GS4270,GS1366 Micro Energy PoA VPA 5 BioLite Improved Stove Programme India,GOLD,Gold Standard Certified Project,Household & Community,Cookstoves,Reduction,Southern Asia,India,Biolite Inc,2014.0,1042.0,10.41,B,No,No
GS4273,SSE1 Solar PV 1 – 10 Power Plant Project,GOLD,Gold Standard Certified Project,Renewable Energy,Solar - Centralized,Reduction,South-Eastern Asia,Thailand,South Pole Ltd SCV,2015.0,26811.0,2.31,BB,No,No
GS4288,Orb Energy Solar Program In India - VPA01,GOLD,Gold Standard Certified Project,Renewable Energy,Solar - Distributed,Reduction,Southern Asia,India,Orb Energy Private Limited,2014.0,8413.0,3.31,B,Yes,No
GS4290,Nazava Water Filter Project,GOLD,Gold Standard Certified Project,Household & Community,Clean Water,Reduction,South-Eastern Asia,Indonesia,Nazava,2015.0,9305.0,6.43,B,No,No
GS4296,GS1005 Qori Q'oncha - Improved cookstoves diffusion programme in Peru – VPA4,GOLD,Gold Standard Certified Project,Household & Community,Cookstoves,Reduction,Latin America and the Caribbean,Peru,MICROSOL SAS,2016.0,63461.0,6.0,,No,No
GS4300,Mampuri Wind Power Project,GOLD,Gold Standard Certified Project,Renewable Energy,Wind,Reduction,Southern Asia,Sri Lanka,Senok Wind Power (Pvt) Ltd.,2016.0,91837.0,2.55,,No,No
GS4364,Institutional Improved Cook Stoves for Schools and Institutions in Uganda,GOLD,Gold Standard Certified Project,Household & Community,Cookstoves,Reduction,Sub-Saharan Africa,Uganda,Simoshi Limited,2017.0,29573.0,10.01,CCC,No,No
GS4372,VPA 7 - GHG Emission Reduction through use of Bondhu Chula (Improved Cook Stoves) in Bangladesh,GOLD,Gold Standard Certified Project,Household & Community,Cookstoves,Reduction,Southern Asia,Bangladesh,Bangladesh Bondhu Foundation,2014.0,6431.0,8.05,CCC,No,No
GS4373,VPA 8 - GHG Emission Reduction through use of Bondhu Chula (Improved Cook Stoves) in Bangladesh,GOLD,Gold Standard Certified Project,Household & Community,Cookstoves,Reduction,Southern Asia,Bangladesh,Bangladesh Bondhu Foundation,2014.0,8176.0,8.24,BB,No,No
GS4374,VPA 9 - GHG Emission Reduction through use of Bondhu Chula (Improved Cook Stoves) in Bangladesh,GOLD,Gold Standard Certified Project,Household & Community,Cookstoves,Reduction,Southern Asia,Bangladesh,Bangladesh Bondhu Foundation,2014.0,6719.0,8.49,BBB,No,No
GS4375,VPA 10 - GHG Emission Reduction through use of Bondhu Chula (Improved Cook Stoves) in Bangladesh,GOLD,Gold Standard Certified Project,Household & Community,Cookstoves,Reduction,Southern Asia,Bangladesh,Bangladesh Bondhu Foundation,2014.0,6430.0,5.79,B,No,No
GS4376,VPA 11 - GHG Emission Reduction through use of Bondhu Chula (Improved Cook Stoves) in Bangladesh,GOLD,Gold Standard Certified Project,Household & Community,Cookstoves,Reduction,Southern Asia,Bangladesh,Bangladesh Bondhu Foundation,2014.0,4512.0,6.8,CCC,No,No
GS4377,VPA 12 - GHG Emission Reduction through use of Bondhu Chula (Improved Cook Stoves) in Bangladesh,GOLD,Gold Standard Certified Project,Household & Community,Cookstoves,Reduction,Southern Asia,Bangladesh,Bangladesh Bondhu Foundation,2014.0,11314.0,8.24,,No,No
GS4378,VPA 13 - GHG Emission Reduction through use of Bondhu Chula (Improved Cook Stoves) in Bangladesh,GOLD,Gold Standard Certified Project,Household & Community,Cookstoves,Reduction,Southern Asia,Bangladesh,Bangladesh Bondhu Foundation,2014.0,6983.0,11.06,CCC,No,No
GS4379,VPA 14 - GHG Emission Reduction through use of Bondhu Chula (Improved Cook Stoves) in Bangladesh,GOLD,Gold Standard Certified Project,Household & Community,Cookstoves,Reduction,Southern Asia,Bangladesh,Bangladesh Bondhu Foundation,2014.0,10570.0,7.81,B,No,No
GS4380,VPA 15 - GHG Emission Reduction through use of Bondhu Chula (Improved Cook Stoves) in Bangladesh,GOLD,Gold Standard Certified Project,Household & Community,Cookstoves,Reduction,Southern Asia,Bangladesh,Bangladesh Bondhu Foundation,2014.0,6707.0,10.67,B,No,No
GS4381,VPA 16 - GHG Emission Reduction through use of Bondhu Chula (Improved Cook Stoves) in Bangladesh,GOLD,Gold Standard Certified Project,Household & Community,Cookstoves,Reduction,Southern Asia,Bangladesh,Bangladesh Bondhu Foundation,2014.0,5416.0,8.61,CCC,No,No
GS4382,VPA 17 - GHG Emission Reduction through use of Bondhu Chula (Improved Cook Stoves) in Bangladesh,GOLD,Gold Standard Certified Project,Household & Community,Cookstoves,Reduction,Southern Asia,Bangladesh,Bangladesh Bondhu Foundation,2014.0,5404.0,7.86,BB,No,No
GS4383,VPA 19 - GHG Emission Reduction through use of Bondhu Chula (Improved Cook Stoves) in Bangladesh,GOLD,Gold Standard Certified Project,Household & Community,Cookstoves,Reduction,Southern Asia,Bangladesh,Bangladesh Bondhu Foundation,2014.0,8610.0,8.56,B,No,No
GS4384,VPA 18 - GHG Emission Reduction through use of Bondhu Chula (Improved Cook Stoves) in Bangladesh,GOLD,Gold Standard Certified Project,Household & Community,Cookstoves,Reduction,Southern Asia,Bangladesh,Bangladesh Bondhu Foundation,2014.0,5226.0,8.53,BBB,No,No
GS4385,VPA 20 - GHG Emission Reduction through use of Bondhu Chula (Improved Cook Stoves) in Bangladesh,GOLD,Gold Standard Certified Project,Household & Community,Cookstoves,Reduction,Southern Asia,Bangladesh,Bangladesh Bondhu Foundation,2014.0,7438.0,8.01,BB,No,No
GS4386,VPA 21 - GHG Emission Reduction through use of Bondhu Chula (Improved Cook Stoves) in Bangladesh,GOLD,Gold Standard Certified Project,Household & Community,Cookstoves,Reduction,Southern Asia,Bangladesh,Bangladesh Bondhu Foundation,2015.0,17314.0,8.18,CCC,No,No
GS4387,VPA 22 - GHG Emission Reduction through use of Bondhu Chula (Improved Cook Stoves) in Bangladesh,GOLD,Gold Standard Certified Project,Household & Community,Cookstoves,Reduction,Southern Asia,Bangladesh,Bangladesh Bondhu Foundation,2015.0,10093.0,6.71,B,No,No
GS4388,VPA 23 - GHG Emission Reduction through use of Bondhu Chula (Improved Cook Stoves) in Bangladesh,GOLD,Gold Standard Certified Project,Household & Community,Cookstoves,Reduction,Southern Asia,Bangladesh,Bangladesh Bondhu Foundation,2015.0,10890.0,10.3,CCC,No,No
GS4389,VPA 24 - GHG Emission Reduction through use of Bondhu Chula (Improved Cook Stoves) in Bangladesh,GOLD,Gold Standard Certified Project,Household & Community,Cookstoves,Reduction,Southern Asia,Bangladesh,Bangladesh Bondhu Foundation,2015.0,9000.0,7.86,BB,No,No
GS4391,VPA 26 - GHG Emission Reduction through use of Bondhu Chula (Improved Cook Stoves) in Bangladesh,GOLD,Gold Standard Certified Project,Household & Community,Cookstoves,Reduction,Southern Asia,Bangladesh,Bangladesh Bondhu Foundation,2015.0,11481.0,6.64,CCC,No,No
GS4392,VPA 27 - GHG Emission Reduction through use of Bondhu Chula (Improved Cook Stoves) in Bangladesh,GOLD,Gold Standard Certified Project,Household & Community,Cookstoves,Reduction,Southern Asia,Bangladesh,Bangladesh Bondhu Foundation,2015.0,3153.0,6.72,BB,No,No
GS4393,VPA 28 - GHG Emission Reduction through use of Bondhu Chula (Improved Cook Stoves) in Bangladesh,GOLD,Gold Standard Certified Project,Household & Community,Cookstoves,Reduction,Southern Asia,Bangladesh,Bangladesh Bondhu Foundation,2015.0,10895.0,8.88,BBB,No,No
GS4394,VPA 29 - GHG Emission Reduction through use of Bondhu Chula (Improved Cook Stoves) in Bangladesh,GOLD,Gold Standard Certified Project,Household & Community,Cookstoves,Reduction,Southern Asia,Bangladesh,Bangladesh Bondhu Foundation,2015.0,16970.0,8.24,BB,No,No
GS4395,VPA 30 - GHG Emission Reduction through use of Bondhu Chula (Improved Cook Stoves) in Bangladesh,GOLD,Gold Standard Certified Project,Household & Community,Cookstoves,Reduction,Southern Asia,Bangladesh,Bangladesh Bondhu Foundation,2015.0,10010.0,7.93,CCC,No,No
GS4396,VPA 31  - GHG Emission Reduction through use of Bondhu Chula (Improved Cook Stoves) in Bangladesh,GOLD,Gold Standard Certified Project,Household & Community,Cookstoves,Reduction,Southern Asia,Bangladesh,Bangladesh Bondhu Foundation,2015.0,13029.0,6.34,BBB,No,No
GS4397,VPA 32 - GHG Emission Reduction through use of Bondhu Chula (Improved Cook Stoves) in Bangladesh,GOLD,Gold Standard Certified Project,Household & Community,Cookstoves,Reduction,Southern Asia,Bangladesh,Bangladesh Bondhu Foundation,2015.0,18191.0,9.26,A,No,No
GS4398,VPA 33 - GHG Emission Reduction through use of Bondhu Chula (Improved Cook Stoves) in Bangladesh,GOLD,Gold Standard Certified Project,Household & Community,Cookstoves,Reduction,Southern Asia,Bangladesh,Bangladesh Bondhu Foundation,2015.0,4091.0,6.32,BB,No,No
GS4400,VPA 35 - GHG Emission Reduction through use of Bondhu Chula (Improved Cook Stoves) in Bangladesh,GOLD,Gold Standard Certified Project,Household & Community,Cookstoves,Reduction,Southern Asia,Bangladesh,Bangladesh Bondhu Foundation,2015.0,17657.0,9.27,CCC,No,No
GS4401,VPA 36 - GHG Emission Reduction through use of Bondhu Chula (Improved Cook Stoves) in Bangladesh,GOLD,Gold Standard Certified Project,Household & Community,Cookstoves,Reduction,Southern Asia,Bangladesh,Bangladesh Bondhu Foundation,2015.0,17785.0,5.38,B,No,No
GS4422,GS1247 VPA 45 Eritrean District Boreholes,GOLD,Gold Standard Certified Project,Household & Community,Community Boreholes,Reduction,Sub-Saharan Africa,Eritrea,CO2balance UK ltd,2015.0,9083.0,6.25,BB,No,No
GS4423,GS1247 VPA 46 Eritrean District Boreholes,GOLD,Gold Standard Certified Project,Household & Community,Community Boreholes,Reduction,Sub-Saharan Africa,Eritrea,CO2balance UK ltd,2015.0,8242.0,5.69,CCC,No,No
GS4425,Vaayu India Wind Power Project in Tamilnadu,GOLD,Gold Standard Certified Project,Renewable Energy,Wind,Reduction,Southern Asia,India,Wind World (India) Limited,2014.0,590934.0,1.88,B,No,No
GS4426,Wind Energy Project in Gujarat,GOLD,Gold Standard Certified Project,Renewable Energy,Wind,Reduction,Southern Asia,India,Wind World (India) Limited,2014.0,714289.0,1.89,B,No,No
GS4442,Elmali Wind Power Plant (WPP),GOLD,Gold Standard Certified Project,Renewable Energy,Wind,Reduction,Western Asia,Türkiye,HANAY ELEKTRİK ÜRETİM ANONİM ŞİRKETİ,2019.0,168781.0,2.15,BBB,No,No
GS4446,11.35 MW bundled renewable energy based power generation by Interocean Group,GOLD,Gold Standard Certified Project,Renewable Energy,Solar - Centralized,Reduction,Southern Asia,India,Interocean Shipping (India) Private Limited,2017.0,90549.0,2.07,CCC,No,No
GS4518,GS1247 VPA 47 Eritrean District Boreholes,GOLD,Gold Standard Certified Project,Household & Community,Community Boreholes,Reduction,Sub-Saharan Africa,Eritrea,CO2balance UK ltd,2015.0,8581.0,4.98,,No,No
GS4519,GS1247 VPA 48 Eritrean District Boreholes,GOLD,Gold Standard Certified Project,Household & Community,Community Boreholes,Reduction,Sub-Saharan Africa,Eritrea,CO2balance UK ltd,2016.0,9011.0,7.35,,No,No
GS4530,6 MW Solar Power Project by Arhyama Solar Power,GOLD,Gold Standard Certified Project,Renewable Energy,Solar - Centralized,Reduction,Southern Asia,India,Arhyama Solar Power Private Limited,2015.0,31105.0,1.38,CCC,No,No
GS4531,Wind Power Project by Markdata Green Energy (EKIESL-CDM.January-15-01),GOLD,Gold Standard Certified Project,Renewable Energy,Wind,Reduction,Southern Asia,India,EKI Energy Services Limited,2018.0,16556.0,3.23,BBB,No,No
GS4532,Wind Power Project in Maharashtra State India,GOLD,Gold Standard Certified Project,Renewable Energy,Wind,Reduction,Southern Asia,India,EKI Energy Services Limited,2015.0,24184.0,3.36,B,No,No
GS4533,Solar Power Project by Fortum FinnSurya (EKIESL-CDM.February-15-01),GOLD,Gold Standard Certified Project,Renewable Energy,Solar - Centralized,Reduction,Southern Asia,India,Fortum India Private Limited,2016.0,111236.0,1.79,BB,No,No
GS4539,M'tetezi Improved cook-stoves Balaka District Malawi,GOLD,Gold Standard Certified Project,Household & Community,Cookstoves,Reduction,Sub-Saharan Africa,Malawi,Project Developer,2021.0,309949.0,10.73,B,No,No
GS4546,Birahi Ganga Hydro Electric Project,GOLD,Gold Standard Certified Project,Renewable Energy,Hydropower,Reduction,Southern Asia,India,EKI Energy Services Limited,2014.0,76846.0,1.89,BB,No,No
GS4557,100 MW Wind Power Project in Andhra Pradesh by OAWPPL,GOLD,Gold Standard Certified Project,Renewable Energy,Wind,Reduction,Southern Asia,India,Orange Renewable Power Pvt Ltd,2016.0,463765.0,1.37,CCC,No,No
GS4593,Municipal Waste Composting in Dschang Cameroon,GOLD,Gold Standard Certified Project,Waste Management,Composting,Reduction,Sub-Saharan Africa,Cameroon,GoodPlanet,2017.0,2451.0,4.94,BB,No,No
GS4597,Installation of Low Green House Gases (GHG) emitting rolling stock cars in metro,GOLD,Gold Standard Certified Project,Transportation,Mass Transit,Reduction,Southern Asia,India,Deactivated Projects,2016.0,92805.0,5.35,B,No,No
GS4603,Vaayu India Wind Power Project in Andhra Pradesh,GOLD,Gold Standard Certified Project,Renewable Energy,Wind,Reduction,Southern Asia,India,Wind World (India) Limited,2014.0,377662.0,2.07,BB,No,No
GS4613,Solar Water Heater Program in India-CPA-2,GOLD,Gold Standard Certified Project,Renewable Energy,Solar Water Heaters,Reduction,Southern Asia,India,Nuetech Solar Systems Private Limited,2015.0,74822.0,1.56,CCC,No,No
GS4614,Solar Water Heater Program In India-CPA-3,GOLD,Gold Standard Certified Project,Renewable Energy,Solar Water Heaters,Reduction,Southern Asia,India,Nuetech Solar Systems Private Limited,2015.0,90628.0,2.17,CCC,No,No
GS4615,Solar Water Heater Program in India CPA-4,GOLD,Gold Standard Certified Project,Renewable Energy,Solar Water Heaters,Reduction,Southern Asia,India,Nuetech Solar Systems Private Limited,2015.0,70954.0,1.42,BB,No,No
GS4688,Renewable Wind Power generation for promoting energy security,GOLD,Gold Standard Certified Project,Renewable Energy,Wind,Reduction,Southern Asia,India,EKI Energy Services Limited,2015.0,104816.0,2.23,BBB,No,No
GS4702,WWF Meigu High Efficient Cook Stove Project,GOLD,Gold Standard Certified Project,Household & Community,Cookstoves,Reduction,Eastern Asia,China,South Pole Ltd SCV,2017.0,3073.0,10.6,BB,No,No
GS4707,34 MW Wind Power Project at Khanapur Sangli Maharashtra India,GOLD,Gold Standard Certified Project,Renewable Energy,Wind,Reduction,Southern Asia,India,Orange Renewable Power Pvt Ltd,2015.0,189702.0,1.54,CCC,No,No
GS4797,GS1247 VPA 54 Eritrean District Boreholes,GOLD,Gold Standard Certified Project,Household & Community,Community Boreholes,Reduction,Sub-Saharan Africa,Eritrea,CO2balance UK ltd,2015.0,8477.0,6.19,CCC,No,No
GS4798,GS1247 VPA 55 Eritrean District Boreholes,GOLD,Gold Standard Certified Project,Household & Community,Community Boreholes,Reduction,Sub-Saharan Africa,Eritrea,CO2balance UK ltd,2015.0,8623.0,4.03,,No,No
GS4799,Grid-connected Solar PV project in Méouane,GOLD,Gold Standard Certified Project,Renewable Energy,Solar - Centralized,Reduction,Sub-Saharan Africa,Senegal,AERA Group,2017.0,151545.0,1.7,CCC,No,No
GS4813,Sidrap Wind Farm Project Phase 1,GOLD,Gold Standard Certified Project,Renewable Energy,Wind,Reduction,South-Eastern Asia,Indonesia,UPC Renewables Asia I Ltd,2018.0,73070.0,1.81,,No,No
GS4822,Barroso 20MW hydroelectric project,GOLD,Gold Standard Certified Project,Renewable Energy,Hydropower,Reduction,Latin America and the Caribbean,Colombia,ISAGEN S.A. E.S.P.,2018.0,168694.0,1.94,B,No,No
GS4823,RDIS Carbon Emission Reduction for Self-Sustainable Environmental Care,GOLD,Gold Standard Certified Project,Household & Community,Cookstoves,Reduction,Sub-Saharan Africa,Rwanda,Rural Development Inter - Diocesan Services (RDIS),2017.0,7635.0,5.53,CCC,No,No
GS4824,5MW Solar PV Power Plant by AEPL,GOLD,Gold Standard Certified Project,Renewable Energy,Solar - Centralized,Reduction,Southern Asia,India,Fortum India Private Limited,2014.0,60183.0,1.83,CCC,No,No
GS4828,Bundled Wind Power Project by Peethambra Granites Pvt Ltd (EKIESL-CDM. November -11-01),GOLD,Gold Standard Certified Project,Renewable Energy,Wind,Reduction,Southern Asia,India,EKI Energy Services Limited,2015.0,11607.0,1.66,CCC,No,No
GS4875,9.5 MW wind energy based power generation by Interocean Group,GOLD,Gold Standard Certified Project,Renewable Energy,Wind,Reduction,Southern Asia,India,Interocean Shipping (India) Private Limited,2019.0,27811.0,2.6,CCC,No,No
GS4895,Bundled Solar Power Project by Emami Power Limited,GOLD,Gold Standard Certified Project,Renewable Energy,Solar - Centralized,Reduction,Southern Asia,India,EKI Energy Services Limited,2020.0,25423.0,1.97,B,No,No
GS4897,GS1247 VPA 56 Improved Kitchen Regimes: Kayonza District Borehole Project Rwanda,GOLD,Gold Standard Certified Project,Household & Community,Community Boreholes,Reduction,Sub-Saharan Africa,Rwanda,CO2balance UK ltd,2015.0,1562.0,3.86,AA,No,No
GS4898,GS1247 VPA 57 Improved Kitchen Regimes: Kayonza District Borehole Project Rwanda,GOLD,Gold Standard Certified Project,Household & Community,Community Boreholes,Reduction,Sub-Saharan Africa,Rwanda,CO2balance UK ltd,2015.0,1262.0,5.49,BB,No,No
GS4906,GS4424 VPA1 African Cookstoves and Water Programme,GOLD,Gold Standard Certified Project,Household & Community,Cookstoves,Reduction,Sub-Saharan Africa,Rwanda,Likano Project Development GmbH,2015.0,2535.0,7.03,A,No,No
GS4922,Kartaldagi Wind Power Plant Turkey,GOLD,Gold Standard Certified Project,Renewable Energy,Wind,Reduction,Western Asia,Türkiye,BORUSAN ENBW ENERJI YATIRIMLARI VE ÜRETIM A.S.,2018.0,159000.0,2.46,CCC,No,No
GS4962,Wind Power Project in Madhya Pradesh by OBWPPL,GOLD,Gold Standard Certified Project,Renewable Energy,Wind,Reduction,Southern Asia,India,Orange Renewable Power Pvt Ltd,2016.0,243535.0,2.3,CCC,No,No
GS5003,Bamako Clean Cookstoves - Improving livelihoods and fighting desertification in the Sahel zone,GOLD,Gold Standard Certified Project,Household & Community,Cookstoves,Reduction,Sub-Saharan Africa,Mali,Swiss Carbon Value Ltd.,2016.0,104566.0,9.19,B,No,No
GS5007,Renewable energy wind power project in Rajasthan,GOLD,Gold Standard Certified Project,Renewable Energy,Wind,Reduction,Southern Asia,India,Wind World (India) Limited,2015.0,232274.0,2.33,B,No,No
GS5009,SOKE (AKIS) WIND POWER PLANT,GOLD,Gold Standard Certified Project,Renewable Energy,Wind,Reduction,Western Asia,Türkiye,AKIS ENERJI YATIRIM ÜRETIM VE TICARET ANONIM SIRKETI,2021.0,371261.0,2.86,BB,No,No
GS5012,Aprosacao Reforestation Project: community reforestation and agroforestry with small-scale cocoa farmers in Honduras.,GOLD,Gold Standard Certified Project,Forestry & Land Use,Afforestation/Reforestation,Impermanent Removal,Latin America and the Caribbean,Honduras,The Pure Project,2016.0,18655.0,23.26,B,No,No
GS5013,Vaayu India Wind Power Project in Jaisalmer Rajasthan,GOLD,Gold Standard Certified Project,Renewable Energy,Wind,Reduction,Southern Asia,India,Wind World (India) Limited,2015.0,684874.0,2.13,CCC,No,No
GS5038,GS1247 VPA 65 Zoba Debub Community Boreholes,GOLD,Gold Standard Certified Project,Household & Community,Community Boreholes,Reduction,Sub-Saharan Africa,Eritrea,CO2balance UK ltd,2016.0,5865.0,4.98,CCC,No,No
GS5039,GS1247 VPA 66 Zoba Debub Community Boreholes,GOLD,Gold Standard Certified Project,Household & Community,Community Boreholes,Reduction,Sub-Saharan Africa,Eritrea,CO2balance UK ltd,2016.0,9934.0,6.22,BBB,No,No
GS5040,GS1247 VPA 67 Zoba Debub Community Boreholes,GOLD,Gold Standard Certified Project,Household & Community,Community Boreholes,Reduction,Sub-Saharan Africa,Eritrea,CO2balance UK ltd,2016.0,10719.0,5.36,,No,No
GS5041,GS1247 VPA 68 Zoba Debub Community Boreholes,GOLD,Gold Standard Certified Project,Household & Community,Community Boreholes,Reduction,Sub-Saharan Africa,Eritrea,CO2balance UK ltd,2016.0,10013.0,6.12,B,No,No
GS5042,GS1247 VPA 69 Zoba Debub Community Boreholes,GOLD,Gold Standard Certified Project,Household & Community,Community Boreholes,Reduction,Sub-Saharan Africa,Eritrea,CO2balance UK ltd,2016.0,8112.0,4.02,B,No,No
GS5043,GS1247 VPA 70 Zoba Debub Community Boreholes,GOLD,Gold Standard Certified Project,Household & Community,Community Boreholes,Reduction,Sub-Saharan Africa,Eritrea,CO2balance UK ltd,2016.0,13301.0,5.38,B,No,No
GS5051,GS2404 International Water purification PoA - Chlorine Dispensers in Uganda - CPA 9,GOLD,Gold Standard Certified Project,Household & Community,Clean Water,Reduction,Sub-Saharan Africa,Uganda,Swiss Carbon Assets Ltd.,2020.0,42768.0,9.02,A,No,No
GS5052,GS2404 International Water Purification Programme- Chlorine Dispensers in Uganda - CPA 10,GOLD,Gold Standard Certified Project,Household & Community,Clean Water,Reduction,Sub-Saharan Africa,Uganda,Swiss Carbon Assets Ltd.,2020.0,62614.0,8.74,BB,No,No
GS5064,15 MW Wind Power Project by RSPL Ltd (EKIESL-CDM-May-16-04),GOLD,Gold Standard Certified Project,Renewable Energy,Wind,Reduction,Southern Asia,India,EKI Energy Services Limited,2017.0,58004.0,2.91,B,No,No
GS5073,"Jbel Sendouq-Khalladi (""Khalladi"") wind farm project in Morocco",GOLD,Gold Standard Certified Project,Renewable Energy,Wind,Reduction,Northern Africa,Morocco,ACWA Khalladi,2018.0,310863.0,2.53,CCC,No,No
GS5099,Greentech Plastic Offset Credits from Romania: Emission Reductions through Recycling,GOLD,Gold Standard Certified Project,Waste Management,Waste Recycling,Reduction,Eastern Europe,Romania,GREENTECH SA,2017.0,207498.0,5.43,AAA,No,No
GS5106,GS1247 VPA 71 Lango Safe Water Project,GOLD,Gold Standard Certified Project,Household & Community,Community Boreholes,Reduction,Sub-Saharan Africa,Uganda,CO2balance UK ltd,2016.0,2217.0,7.64,BB,No,No
GS5107,GS1005 Qori Q'oncha - Improved cookstoves diffusion programme in Peru - VPA5,GOLD,Gold Standard Certified Project,Household & Community,Cookstoves,Reduction,Latin America and the Caribbean,Peru,Livelihoods Fund SICAV SIF,2016.0,110423.0,4.84,,No,No
GS5125,Eritrea Community Boreholes,GOLD,Gold Standard Certified Project,Household & Community,Community Boreholes,Reduction,Sub-Saharan Africa,Eritrea,CO2balance UK ltd,2016.0,344014.0,5.9,CCC,No,No
GS5186,GS1247 VPA 72 Lango Safe Water Project,GOLD,Gold Standard Certified Project,Household & Community,Community Boreholes,Reduction,Sub-Saharan Africa,Uganda,CO2balance UK ltd,2016.0,3798.0,6.2,BBB,No,No
GS5188,GS1247 VPA 74 Lango Safe Water Project,GOLD,Gold Standard Certified Project,Household & Community,Community Boreholes,Reduction,Sub-Saharan Africa,Uganda,CO2balance UK ltd,2016.0,2769.0,5.72,BBB,No,No
GS5189,GS1247 VPA 75 Lango Safe Water Project,GOLD,Gold Standard Certified Project,Household & Community,Community Boreholes,Reduction,Sub-Saharan Africa,Uganda,CO2balance UK ltd,2017.0,2358.0,6.49,BBB,No,No
GS5190,GS1247 VPA 76 Lango Safe Water Project,GOLD,Gold Standard Certified Project,Household & Community,Community Boreholes,Reduction,Sub-Saharan Africa,Uganda,CO2balance UK ltd,2017.0,3077.0,6.55,A,No,No
GS5191,GS1247 VPA 77 Lango Safe Water Project,GOLD,Gold Standard Certified Project,Household & Community,Community Boreholes,Reduction,Sub-Saharan Africa,Uganda,CO2balance UK ltd,2017.0,1311.0,4.72,BBB,No,No
GS5192,GS1247 VPA 78 Lango Safe Water Project,GOLD,Gold Standard Certified Project,Household & Community,Community Boreholes,Reduction,Sub-Saharan Africa,Uganda,CO2balance UK ltd,2017.0,3612.0,4.99,BB,No,No
GS5193,GS1247 VPA 79 Lango Safe Water Project,GOLD,Gold Standard Certified Project,Household & Community,Community Boreholes,Reduction,Sub-Saharan Africa,Uganda,CO2balance UK ltd,2017.0,1115.0,7.51,BBB,No,No
GS5194,GS1247 VPA 80 Lango Safe Water Project,GOLD,Gold Standard Certified Project,Household & Community,Community Boreholes,Reduction,Sub-Saharan Africa,Uganda,CO2balance UK ltd,2016.0,1475.0,4.95,BBB,No,No
GS5196,GS1247 VPA 82 Lango Safe Water Project,GOLD,Gold Standard Certified Project,Household & Community,Community Boreholes,Reduction,Sub-Saharan Africa,Uganda,CO2balance UK ltd,2018.0,4403.0,7.6,BB,No,No
GS5197,GS1247 VPA 83 Lango Safe Water Project,GOLD,Gold Standard Certified Project,Household & Community,Community Boreholes,Reduction,Sub-Saharan Africa,Uganda,CO2balance UK ltd,2018.0,1293.0,7.54,AA,No,No
GS5199,Solar Power Project in Rajasthan,GOLD,Gold Standard Certified Project,Renewable Energy,Solar - Centralized,Reduction,Southern Asia,India,EKI Energy Services Limited,2015.0,188040.0,2.03,CCC,No,No
GS5228,Grid-connected Solar PV project in Mérina Dakhar,GOLD,Gold Standard Certified Project,Renewable Energy,Solar - Centralized,Reduction,Sub-Saharan Africa,Senegal,AERA Group,2017.0,163641.0,1.75,B,No,No
GS5229,Bergres Wind Power Project,GOLD,Gold Standard Certified Project,Renewable Energy,Wind,Reduction,Western Asia,Türkiye,Innores Elektrik Uretim A.S.,2017.0,228123.0,3.07,,No,No
GS5244,GS1247 VPA 84 Zoba Maekel Community Boreholes,GOLD,Gold Standard Certified Project,Household & Community,Community Boreholes,Reduction,Sub-Saharan Africa,Eritrea,CO2balance UK ltd,2016.0,12630.0,5.82,B,No,No
GS5245,GS1247 VPA 85 Zoba Maekel Community Boreholes,GOLD,Gold Standard Certified Project,Household & Community,Community Boreholes,Reduction,Sub-Saharan Africa,Eritrea,CO2balance UK ltd,2016.0,12240.0,7.17,,No,No
GS5256,Bundled Wind Power Project by Woodside Fashions Limited & Group (EKIESL-CDM.June-16-01),GOLD,Gold Standard Certified Project,Renewable Energy,Wind,Reduction,Southern Asia,India,EKI Energy Services Limited,2018.0,4090.0,3.41,A,No,No
GS5257,EBER WPP,GOLD,Gold Standard Certified Project,Renewable Energy,Wind,Reduction,Western Asia,Türkiye,GTE KARBON SUSTAINABLE ENERJI EGITIM DANISMANLIK VE TICARET A.S.,2018.0,148930.0,2.31,B,No,No
GS5303,Indonesia Domestic Biogas Programme of Activities (IDBP) (ID 1172) VPA-2,GOLD,Gold Standard Certified Project,Household & Community,Biodigesters,Reduction,South-Eastern Asia,Indonesia,PT BIRU KARBON NUSANTARA,2017.0,32771.0,8.39,B,No,No
GS5312,FCN GS PoA for Rural Communities VPA 02,GOLD,Gold Standard Certified Project,Household & Community,Cookstoves,Reduction,Southern Asia,India,Fair Climate Services Private Limited (FCS),2022.0,11083.0,8.63,CCC,No,No
GS5314,GS5304 MKOPA Solar Lighting Programme of Activities - Kenya VPA 1,GOLD,Gold Standard Certified Project,Renewable Energy,Solar Lighting,Reduction,Sub-Saharan Africa,Kenya,Climate Impact Partners Limited,2016.0,73825.0,5.04,B,No,No
GS5315,GS5304 MKOPA Solar Lighting Programme of Activities - Uganda VPA 2,GOLD,Gold Standard Certified Project,Renewable Energy,Solar Lighting,Reduction,Sub-Saharan Africa,Uganda,Climate Impact Partners Limited,2016.0,33519.0,3.24,CCC,No,No
GS5317,GS5304 MKOPA Solar Lighting Programme of Activities – Kenya VPA 4,GOLD,Gold Standard Certified Project,Renewable Energy,Solar Lighting,Reduction,Sub-Saharan Africa,Kenya,Climate Impact Partners Limited,2017.0,177225.0,3.03,CCC,No,No
GS5325,GS1247 VPA 89 Southern Ethiopia Efficient Cook Stoves,GOLD,Gold Standard Certified Project,Household & Community,Cookstoves,Reduction,Sub-Saharan Africa,Ethiopia,CO2balance UK ltd,2017.0,17072.0,8.68,BB,No,No
GS5326,GS1247 VPA 90 Southern Ethiopia Efficient Cook Stoves,GOLD,Gold Standard Certified Project,Household & Community,Cookstoves,Reduction,Sub-Saharan Africa,Ethiopia,CO2balance UK ltd,2017.0,12873.0,6.36,B,No,No
GS5329,GS1247 VPA 91 Improved Kitchen Regimes Multi-Country PoA - Dowa & Kasungu Boreholes Malawi,GOLD,Gold Standard Certified Project,Household & Community,Community Boreholes,Reduction,Sub-Saharan Africa,Malawi,CO2balance UK ltd,2015.0,18079.0,4.87,BBB,No,No
GS5330,GS1247 VPA 92 Improved Kitchen Regimes Multi-Country PoA - Dowa & Kasungu Boreholes Malawi,GOLD,Gold Standard Certified Project,Household & Community,Community Boreholes,Reduction,Sub-Saharan Africa,Malawi,CO2balance UK ltd,2016.0,16061.0,6.24,B,No,No
GS5331,GS1247 VPA 93 Improved Kitchen Regimes Multi-Country PoA - Dowa & Kasungu Boreholes Malawi,GOLD,Gold Standard Certified Project,Household & Community,Community Boreholes,Reduction,Sub-Saharan Africa,Malawi,CO2balance UK ltd,2016.0,13338.0,6.45,BB,No,No
GS5332,GS1247 VPA 94 Improved Kitchen Regimes Multi-Country PoA - Dowa & Kasungu Boreholes Malawi,GOLD,Gold Standard Certified Project,Household & Community,Community Boreholes,Reduction,Sub-Saharan Africa,Malawi,CO2balance UK ltd,2016.0,18241.0,8.38,AA,No,No
GS5335,GS1247 VPA 95 Improved Kitchen Regimes Multi-Country PoA - Dowa & Kasungu Boreholes Malawi,GOLD,Gold Standard Certified Project,Household & Community,Community Boreholes,Reduction,Sub-Saharan Africa,Malawi,CO2balance UK ltd,2016.0,11802.0,4.6,BBB,No,No
GS5336,GS1247 VPA 96 Improved Kitchen Regimes Multi-Country PoA - Dowa & Kasungu Boreholes Malawi,GOLD,Gold Standard Certified Project,Household & Community,Community Boreholes,Reduction,Sub-Saharan Africa,Malawi,CO2balance UK ltd,2016.0,21641.0,4.09,A,No,No
GS5337,GS1247 VPA 97 Improved Kitchen Regimes Multi-Country PoA - Dowa & Kasungu Boreholes Malawi,GOLD,Gold Standard Certified Project,Household & Community,Community Boreholes,Reduction,Sub-Saharan Africa,Malawi,CO2balance UK ltd,2016.0,21260.0,6.7,BBB,No,No
GS5338,GS1247 VPA 98 Improved Kitchen Regimes Multi-Country PoA - Dowa Boreholes Malawi,GOLD,Gold Standard Certified Project,Household & Community,Community Boreholes,Reduction,Sub-Saharan Africa,Malawi,CO2balance UK ltd,2016.0,14224.0,4.31,BBB,No,No
GS5339,GS1247 VPA 99 Improved Kitchen Regimes Multi-Country PoA - Kasungu Boreholes Malawi,GOLD,Gold Standard Certified Project,Household & Community,Community Boreholes,Reduction,Sub-Saharan Africa,Malawi,CO2balance UK ltd,2016.0,13224.0,6.69,BB,No,No
GS5340,GS1247 VPA 100 Improved Kitchen Regimes Multi-Country PoA - Kasungu Boreholes Malawi,GOLD,Gold Standard Certified Project,Household & Community,Community Boreholes,Reduction,Sub-Saharan Africa,Malawi,CO2balance UK ltd,2016.0,11670.0,3.92,B,No,No
GS5341,GS1247 VPA 101 Improved Kitchen Regimes Multi-Country PoA - Kasungu Boreholes Malawi,GOLD,Gold Standard Certified Project,Household & Community,Community Boreholes,Reduction,Sub-Saharan Africa,Malawi,CO2balance UK ltd,2016.0,9452.0,4.76,B,No,No
GS5342,GS1247 VPA 102 Improved Kitchen Regimes Multi-Country PoA - Kasungu Boreholes Malawi,GOLD,Gold Standard Certified Project,Household & Community,Community Boreholes,Reduction,Sub-Saharan Africa,Malawi,CO2balance UK ltd,2016.0,6419.0,6.58,,No,No
GS5343,GS1247 VPA 103 Improved Kitchen Regimes Multi-Country PoA - Kasungu Boreholes Malawi,GOLD,Gold Standard Certified Project,Household & Community,Community Boreholes,Reduction,Sub-Saharan Africa,Malawi,CO2balance UK ltd,2016.0,2406.0,4.25,A,No,No
GS5344,GS1247 VPA 104 Improved Kitchen Regimes Multi-Country PoA - Kasungu Boreholes Malawi,GOLD,Gold Standard Certified Project,Household & Community,Community Boreholes,Reduction,Sub-Saharan Africa,Malawi,CO2balance UK ltd,2016.0,2043.0,5.75,BB,No,No
GS5377,15 MW Solar Photovoltaic Power Project at Gujarat,GOLD,Gold Standard Certified Project,Renewable Energy,Solar - Centralized,Reduction,Southern Asia,India,EKI Energy Services Limited,2015.0,126765.0,1.97,CCC,No,No
GS5391,EcoMakala Virunga Energy project,GOLD,Gold Standard Certified Project,Household & Community,Cookstoves,Reduction,Sub-Saharan Africa,DRC,CO2logic,2017.0,95826.0,5.85,B,No,No
GS5395,GS1247 VPA 109 Improved Kitchen Regimes: Kayonza District Borehole Project Rwanda,GOLD,Gold Standard Certified Project,Household & Community,Community Boreholes,Reduction,Sub-Saharan Africa,Rwanda,CO2balance UK ltd,2016.0,1707.0,6.53,A,No,No
GS5434,GS5047 VPA1 African Improved Cookstoves and Clean Water Programme: Virunga Mountain Gorilla Cookstove Project Burera I,GOLD,Gold Standard Certified Project,Household & Community,Cookstoves,Reduction,Sub-Saharan Africa,Rwanda,Likano Project Development GmbH,2017.0,2985.0,11.7,BBB,No,No
GS5437,GS1247 VPA 112 Improved Kitchen Regimes Multi-Country PoA - Dowa Boreholes Malawi,GOLD,Gold Standard Certified Project,Household & Community,Community Boreholes,Reduction,Sub-Saharan Africa,Malawi,CO2balance UK ltd,2016.0,11868.0,5.46,,No,No
GS5438,GS1247 VPA 113 Improved Kitchen Regimes Multi-Country PoA - Dowa Boreholes Malawi,GOLD,Gold Standard Certified Project,Household & Community,Community Boreholes,Reduction,Sub-Saharan Africa,Malawi,CO2balance UK ltd,2016.0,3934.0,5.66,BB,No,No
GS5440,GS1247 VPA 115 Improved Kitchen Regimes Multi-Country PoA - Dowa Boreholes Malawi,GOLD,Gold Standard Certified Project,Household & Community,Community Boreholes,Reduction,Sub-Saharan Africa,Malawi,CO2balance UK ltd,2016.0,2156.0,7.71,AA,No,No
GS5441,GS1247 VPA 116 Improved Kitchen Regimes Multi-Country PoA - Dowa Boreholes Malawi,GOLD,Gold Standard Certified Project,Household & Community,Community Boreholes,Reduction,Sub-Saharan Africa,Malawi,CO2balance UK ltd,2016.0,12617.0,4.5,A,No,No
GS5444,The Cameroon Heat Retention Cooker Project,GOLD,Gold Standard Certified Project,Household & Community,Cookstoves,Reduction,Sub-Saharan Africa,Cameroon,Pro Climate International,2015.0,16505.0,7.97,CCC,No,No
GS5463,Oromia Cookstove Distribution Project,GOLD,Gold Standard Certified Project,Household & Community,Cookstoves,Reduction,Sub-Saharan Africa,Ethiopia,Oromia Coffee Farmers Cooperative Union,2016.0,5856.0,7.74,CCC,No,No
GS5519,70 MW Bhadla Solar power plant by Fortum Finnsurya Energy Pvt Ltd (EKIESL-CDM-APRIL 16-01),GOLD,Gold Standard Certified Project,Renewable Energy,Solar - Centralized,Reduction,Southern Asia,India,Fortum India Private Limited,2017.0,796599.0,2.17,CCC,No,No
GS5523,Solar Power Project by Fortum FinnSurya Energy Pvt Ltd,GOLD,Gold Standard Certified Project,Renewable Energy,Solar - Centralized,Reduction,Southern Asia,India,Fortum India Private Limited,2017.0,1055103.0,1.88,CCC,No,No
GS5574,Solentegre Solar Power Project,GOLD,Gold Standard Certified Project,Renewable Energy,Solar - Centralized,Reduction,Western Asia,Türkiye,Life Iklim ve Enerji Ltd. Sti.,2019.0,39826.0,1.46,B,No,No
GS5575,20 MW Solar Project in Sanwreej Jodhpur Rajasthan,GOLD,Gold Standard Certified Project,Renewable Energy,Solar - Centralized,Reduction,Southern Asia,India,Infinite Environmental Solutions Limited,2018.0,196608.0,1.93,B,No,No
GS5614,100.8 MW Wind Power Project in Beluguppa Andhra Pradesh,GOLD,Gold Standard Certified Project,Renewable Energy,Wind,Reduction,Southern Asia,India,Orange Renewable Power Pvt Ltd,2016.0,399874.0,2.3,,No,No
GS5617,14.70 MW Wind Power Project at Jath Maharashtra,GOLD,Gold Standard Certified Project,Renewable Energy,Wind,Reduction,Southern Asia,India,EKI Energy Services Limited,2015.0,65759.0,2.14,BBB,No,No
GS5618,EcoMakala Virunga Reforestation project,GOLD,Gold Standard Certified Project,Forestry & Land Use,Afforestation/Reforestation,Impermanent Removal,Sub-Saharan Africa,DRC,CO2logic,2011.0,663322.0,13.25,B,Yes,No
GS5624,14.7 MW Bundled Wind Power Project in the state of Maharashtra and Rajasthan India,GOLD,Gold Standard Certified Project,Renewable Energy,Wind,Reduction,Southern Asia,India,EKI Energy Services Limited,2015.0,134788.0,2.57,BB,No,No
GS5633,Bundled 9.00 MW wind power Generation project in Rajasthan India by M/s. Gangadhar Narsingdas Agrawal Group,GOLD,Gold Standard Certified Project,Renewable Energy,Wind,Reduction,Southern Asia,India,EKI Energy Services Limited,2015.0,54696.0,2.66,BB,No,No
GS5642,Burn Stoves Project in Kenya,GOLD,Gold Standard Certified Project,Household & Community,Cookstoves,Reduction,Sub-Saharan Africa,Kenya,ECOA Climate Capital,2016.0,154622.0,5.02,CCC,No,No
GS5643,Orb Energy Solar Program in India - VPA03,GOLD,Gold Standard Certified Project,Renewable Energy,Solar - Distributed,Reduction,Southern Asia,India,Orb Energy Private Limited,2015.0,14326.0,2.25,BB,Yes,No
GS5673,Renewable Energy Power project by DDWL,GOLD,Gold Standard Certified Project,Renewable Energy,Wind,Reduction,Southern Asia,India,EKI Energy Services Limited,2020.0,14833.0,1.72,B,No,No
GS5698,40 MW Wind Power Project at Maliya Gujarat,GOLD,Gold Standard Certified Project,Renewable Energy,Wind,Reduction,Southern Asia,India,Orange Renewable Power Pvt Ltd,2017.0,242295.0,2.17,,No,No
GS5699,30 MW Solar PV Project by Nirosha Solar Power Private Limited,GOLD,Gold Standard Certified Project,Renewable Energy,Solar - Centralized,Reduction,Southern Asia,India,EKI Energy Services Limited,2016.0,19420.0,1.94,B,No,No
GS5783,GS5047 VPA4 African Improved Cookstoves and Clean Water Programme: Virunga Mountain Gorilla Cookstove Project Musanze I,GOLD,Gold Standard Certified Project,Household & Community,Cookstoves,Reduction,Sub-Saharan Africa,Rwanda,Likano Project Development GmbH,2017.0,5017.0,7.53,BB,No,No
GS5796,GS 5796 Native Energy Clean Water Programme Central America: VPA (03) Haiti,GOLD,Gold Standard Certified Project,Household & Community,Clean Water,Reduction,Latin America and the Caribbean,Haiti,NATIVE A PUBLIC BENEFIT CORPORATION,2017.0,18473.0,6.64,,No,No
GS5799,Wind Power Project in Karnataka by OMWPL,GOLD,Gold Standard Certified Project,Renewable Energy,Wind,Reduction,Southern Asia,India,Orange Renewable Power Pvt Ltd,2017.0,324303.0,3.24,CCC,No,No
GS5801,African Biogas Carbon Programme (ABC) - Kenya - VPA006,GOLD,Gold Standard Certified Project,Household & Community,Biodigesters,Reduction,Sub-Saharan Africa,Kenya,AFRICA BIOENERGY PROGRAMS LIMITED,2017.0,16682.0,7.77,BBB,No,No
GS5802,GS1264: Native Clean Water Programme West Africa- VPA (03) Santrokofi Ghana,GOLD,Gold Standard Certified Project,Household & Community,Clean Water,Reduction,Sub-Saharan Africa,Ghana,NATIVE A PUBLIC BENEFIT CORPORATION,2019.0,27519.0,5.58,B,No,No
GS5825,GS1247 VPA 119 Zoba Debub Community Boreholes,GOLD,Gold Standard Certified Project,Household & Community,Community Boreholes,Reduction,Sub-Saharan Africa,Eritrea,CO2balance UK ltd,2017.0,13934.0,6.78,B,No,No
GS5826,GS1247 VPA 120 Zoba Debub Community Boreholes,GOLD,Gold Standard Certified Project,Household & Community,Community Boreholes,Reduction,Sub-Saharan Africa,Eritrea,CO2balance UK ltd,2017.0,13287.0,3.72,BBB,No,No
GS5827,GS1247 VPA 121 Zoba Debub Community Boreholes,GOLD,Gold Standard Certified Project,Household & Community,Community Boreholes,Reduction,Sub-Saharan Africa,Eritrea,CO2balance UK ltd,2017.0,16718.0,3.54,,No,No
GS5830,Renewable Power Project by Emami Power Ltd,GOLD,Gold Standard Certified Project,Renewable Energy,Solar - Centralized,Reduction,Southern Asia,India,EKI Energy Services Limited,2017.0,85906.0,2.3,BB,No,No
GS5831,Grid Connected Bundled Wind Power Project in Karnataka and Maharashtra,GOLD,Gold Standard Certified Project,Renewable Energy,Wind,Reduction,Southern Asia,India,EKI Energy Services Limited,2018.0,46142.0,2.51,B,No,No
GS5842,WWF Meigu Panda Habitat Conservation Clean Cookstove Project,GOLD,Gold Standard Certified Project,Household & Community,Cookstoves,Reduction,Eastern Asia,China,South Pole Ltd,2020.0,1205.0,6.1,CCC,No,No
GS5860,Baragran Hydro Electric Project 3.0 MW (being expanded to 4.9 MW),GOLD,Gold Standard Certified Project,Renewable Energy,Hydropower,Reduction,Southern Asia,India,KKK HYDRO POWER LIMITED,2016.0,155303.0,1.98,BB,No,No
GS5866,40 MW Orange Charanka Solar Power Project in Gujarat India,GOLD,Gold Standard Certified Project,Renewable Energy,Solar - Centralized,Reduction,Southern Asia,India,Orange Renewable Power Pvt Ltd,2017.0,167319.0,1.53,CCC,No,No
GS5889,GS5047 VPA5 African Improved Cookstoves and Clean Water Programme: Virunga Mountain Gorilla Cookstove Project Burera II,GOLD,Gold Standard Certified Project,Household & Community,Cookstoves,Reduction,Sub-Saharan Africa,Rwanda,Likano Project Development GmbH,2019.0,1585.0,9.14,A,No,No
GS5891,GS5047 VPA7 African Improved Cookstoves and Clean Water Programme: Virunga Mountain Gorilla Cookstove Project Musanze,GOLD,Gold Standard Certified Project,Household & Community,Cookstoves,Reduction,Sub-Saharan Africa,Rwanda,Likano Project Development GmbH,2019.0,5624.0,10.37,BB,No,No
GS5920,ALTACA MERAM BIOGAS PLANT,GOLD,Gold Standard Certified Project,Renewable Energy,Biomass,Reduction,Western Asia,Türkiye,GTE KARBON SUSTAINABLE ENERJI EGITIM DANISMANLIK VE TICARET A.S.,2022.0,144349.0,3.05,B,No,No
GS5928,2x50 MW Orange Suvaan Solar Photovoltaic Power Project in Maharashtra India,GOLD,Gold Standard Certified Project,Renewable Energy,Solar - Centralized,Reduction,Southern Asia,India,Orange Renewable Power Pvt Ltd,2017.0,564972.0,1.05,,No,No
GS5951,GS1247 VPA 122 Zoba Anseba Community Safe Water,GOLD,Gold Standard Certified Project,Household & Community,Community Boreholes,Reduction,Sub-Saharan Africa,Eritrea,CO2balance UK ltd,2017.0,16225.0,3.75,CCC,No,No
GS5952,GS1247 VPA 123 Zoba Anseba Community Safe Water,GOLD,Gold Standard Certified Project,Household & Community,Community Boreholes,Reduction,Sub-Saharan Africa,Eritrea,CO2balance UK ltd,2017.0,14315.0,6.52,CCC,No,No
GS5953,GS1247 VPA 124 Zoba Anseba Community Safe Water,GOLD,Gold Standard Certified Project,Household & Community,Community Boreholes,Reduction,Sub-Saharan Africa,Eritrea,CO2balance UK ltd,2017.0,11851.0,4.46,B,No,No
GS5954,GS1247 VPA 125 Zoba Anseba Community Safe Water,GOLD,Gold Standard Certified Project,Household & Community,Community Boreholes,Reduction,Sub-Saharan Africa,Eritrea,CO2balance UK ltd,2017.0,12997.0,4.53,,No,No
GS5955,GS1247 VPA 126 Zoba Anseba Community Safe Water,GOLD,Gold Standard Certified Project,Household & Community,Community Boreholes,Reduction,Sub-Saharan Africa,Eritrea,CO2balance UK ltd,2017.0,9002.0,2.97,CCC,No,No
GS5983,Kocatepe Wind Power Plant Turkey,GOLD,Gold Standard Certified Project,Renewable Energy,Wind,Reduction,Western Asia,Türkiye,Belen Elektrik Üretim A.Ş.,2020.0,177583.0,1.68,CCC,No,No
GS6003,GHG abatement through Solar Power Generation at Jaisalmer Rajasthan India,GOLD,Gold Standard Certified Project,Renewable Energy,Solar - Centralized,Reduction,Southern Asia,India,EKI Energy Services Limited,2016.0,31621.0,1.96,B,No,No
GS6004,Wind Power Project in Tinwari Rajasthan,GOLD,Gold Standard Certified Project,Renewable Energy,Wind,Reduction,Southern Asia,India,Wind World (India) Limited,2016.0,172870.0,1.69,CCC,No,No
GS6008,GS2489 – Efficient cookstoves in Benin and Togo – VPA2 – EcoBénin – Wanrou efficient cookstoves in Atacora/Donga region,GOLD,Gold Standard Certified Project,Household & Community,Cookstoves,Reduction,Sub-Saharan Africa,Benin,CO2logic,2016.0,1029.0,7.9,CCC,No,No
GS6037,GS1247 VPA 127 Southern Ethiopia Community Boreholes,GOLD,Gold Standard Certified Project,Household & Community,Community Boreholes,Reduction,Sub-Saharan Africa,Ethiopia,CO2balance UK ltd,2017.0,1948.0,6.71,BB,No,No
GS6038,GS1247 VPA 128 Southern Ethiopia Community Boreholes,GOLD,Gold Standard Certified Project,Household & Community,Community Boreholes,Reduction,Sub-Saharan Africa,Ethiopia,CO2balance UK ltd,2017.0,4274.0,5.28,B,No,No
GS6041,GS1247 VPA 129 Zoba Anseba Community Safe Water,GOLD,Gold Standard Certified Project,Household & Community,Community Boreholes,Reduction,Sub-Saharan Africa,Eritrea,CO2balance UK ltd,2020.0,25873.0,10.14,CCC,No,No
GS6042,GS1247 VPA 130 Zoba Anseba Community Safe Water,GOLD,Gold Standard Certified Project,Household & Community,Community Boreholes,Reduction,Sub-Saharan Africa,Eritrea,CO2balance UK ltd,2020.0,17713.0,5.62,,No,No
GS6051,Adavikanda Kuruwita Division Mini Hydro Power Project,GOLD,Gold Standard Certified Project,Renewable Energy,Hydropower,Reduction,Southern Asia,Sri Lanka,Alternate Power Systems (Pvt) Ltd,2016.0,7401.0,2.62,BB,No,No
GS6108,Improved Cookstoves Project Activity in Honduras Vida Mejor con Ecofogones de Alto Rendimiento CPA No 002,GOLD,Gold Standard Certified Project,Household & Community,Cookstoves,Reduction,Latin America and the Caribbean,Honduras,Envirofit International Ltd.,2017.0,53099.0,10.18,A,No,No
GS6109,"Improved Cookstoves Project Activity in Honduras ""Vida Mejor con Ecofogones de Alto Rendimiento"" – CPA No 003",GOLD,Gold Standard Certified Project,Household & Community,Cookstoves,Reduction,Latin America and the Caribbean,Honduras,Envirofit International Ltd.,2017.0,53863.0,12.81,BB,No,No
GS6111,"Improved Cookstoves Project Activity in Honduras ""Vida Mejor con Ecofogones de Alto Rendimiento"" – CPA No 004",GOLD,Gold Standard Certified Project,Household & Community,Cookstoves,Reduction,Latin America and the Caribbean,Honduras,Envirofit International Ltd.,2017.0,49210.0,8.47,,No,No
GS6112,"Improved Cookstoves Project Activity in Honduras ""Vida Mejor con Ecofogones de Alto Rendimiento"" – CPA No 005",GOLD,Gold Standard Certified Project,Household & Community,Cookstoves,Reduction,Latin America and the Caribbean,Honduras,Envirofit International Ltd.,2017.0,50650.0,7.94,A,No,No
GS6113,"Improved Cookstoves Project Activity in Honduras ""Vida Mejor con Ecofogones de Alto Rendimiento"" – CPA No 006",GOLD,Gold Standard Certified Project,Household & Community,Cookstoves,Reduction,Latin America and the Caribbean,Honduras,Envirofit International Ltd.,2017.0,17621.0,7.78,B,No,No
GS6114,"Improved Cookstoves Project Activity in Honduras ""Vida Mejor con Ecofogones de Alto Rendimiento"" – CPA No 007",GOLD,Gold Standard Certified Project,Household & Community,Cookstoves,Reduction,Latin America and the Caribbean,Honduras,Envirofit International Ltd.,2017.0,50716.0,9.9,B,No,No
GS6115,"Improved Cookstoves Project Activity in Honduras ""Vida Mejor con Ecofogones de Alto Rendimiento"" – CPA No 008",GOLD,Gold Standard Certified Project,Household & Community,Cookstoves,Reduction,Latin America and the Caribbean,Honduras,Envirofit International Ltd.,2017.0,33564.0,10.6,A,No,No
GS6116,"Improved Cookstoves Project Activity in Honduras ""Vida Mejor con Ecofogones de Alto Rendimiento"" – CPA No 009",GOLD,Gold Standard Certified Project,Household & Community,Cookstoves,Reduction,Latin America and the Caribbean,Honduras,Envirofit International Ltd.,2017.0,26437.0,7.96,BBB,No,No
GS6129,GS1729 Myanmar Stoves Campaign - Soneva in Myanmar - VPA No. 007,GOLD,Gold Standard Certified Project,Household & Community,Cookstoves,Reduction,South-Eastern Asia,Myanmar,Soneva Foundation,2017.0,1867.0,8.99,BB,No,No
GS6139,Solar Water Heater Program in India CPA-5,GOLD,Gold Standard Certified Project,Renewable Energy,Solar Water Heaters,Reduction,Southern Asia,India,Nuetech Solar Systems Private Limited,2021.0,31490.0,1.65,CCC,No,No
GS6152,GS1340 Efficient cookstoves in Burkina Faso – VPA-11 - tiipaalga F3PA cookstoves in Kourwéogo,GOLD,Gold Standard Certified Project,Household & Community,Cookstoves,Reduction,Sub-Saharan Africa,Burkina Faso,Tiipaalga,2018.0,1759.0,12.96,,No,No
GS6155,Efficient And Clean Cooking For Mozambican Low Income Housholds - George Dimitrov VPA1,GOLD,Gold Standard Certified Project,Household & Community,Cookstoves,Reduction,Sub-Saharan Africa,Mozambique,Mozambique Carbon Initiative LDA,2017.0,22561.0,12.14,BB,No,No
GS6189,GS5047 VPA21 African Improved Cookstoves and Clean Water Programme: Nyagatare Safe Water Project I,GOLD,Gold Standard Certified Project,Household & Community,Community Boreholes,Reduction,Sub-Saharan Africa,Rwanda,Likano Project Development GmbH,2019.0,11892.0,7.83,A,No,No
GS6193,SAKARYA LANDFILL GAS POWER PLANT,GOLD,Gold Standard Certified Project,Waste Management,Landfill Methane,Reduction,Western Asia,Türkiye,CLIMETREK LTD,2021.0,509288.0,5.2,AA,No,No
GS6212,Promoting Clean Cooking Solutions for the Disadvantaged Households,GOLD,Gold Standard Certified Project,Household & Community,Cookstoves,Reduction,Southern Asia,Nepal,Value Network Ventures Pte. Ltd.,2017.0,39606.0,7.13,B,No,No
GS6235,GS1247 VPA 134 Zoba Maekel Community Boreholes,GOLD,Gold Standard Certified Project,Household & Community,Community Boreholes,Reduction,Sub-Saharan Africa,Eritrea,CO2balance UK ltd,2017.0,17143.0,6.3,CCC,No,No
GS6236,GS1247 VPA 135 Zoba Maekel Community Boreholes,GOLD,Gold Standard Certified Project,Household & Community,Community Boreholes,Reduction,Sub-Saharan Africa,Eritrea,CO2balance UK ltd,2017.0,9149.0,5.02,BBB,No,No
GS6237,GS1247 VPA 136 Zoba Maekel Community Boreholes,GOLD,Gold Standard Certified Project,Household & Community,Community Boreholes,Reduction,Sub-Saharan Africa,Eritrea,CO2balance UK ltd,2017.0,9214.0,4.03,B,No,No
GS6256,Jabalpur biogas project,GOLD,Gold Standard Certified Project,Household & Community,Biodigesters,Reduction,Southern Asia,India,MyPlanet,2019.0,98689.0,9.93,CCC,No,No
GS6264,Improved Cook Stoves programme for Rwanda CPA 0008,GOLD,Gold Standard Certified Project,Household & Community,Cookstoves,Reduction,Sub-Saharan Africa,Rwanda,atmosfair gGmbH,2018.0,82278.0,8.45,CCC,No,No
GS6271,Improved Cook Stoves programme for Rwanda CPA 0009,GOLD,Gold Standard Certified Project,Household & Community,Cookstoves,Reduction,Sub-Saharan Africa,Rwanda,atmosfair gGmbH,2019.0,128413.0,12.11,B,No,No
GS6275,Domestic Biogas Project for rural households in India,GOLD,Gold Standard Certified Project,Household & Community,Biodigesters,Reduction,Southern Asia,India,Value Network Ventures Pte. Ltd.,2017.0,8501.0,7.4,A,No,No
GS6279,19.2 MWp Solar Power Project by HZL at Debari and Dariba Rajasthan,GOLD,Gold Standard Certified Project,Renewable Energy,Solar - Centralized,Reduction,Southern Asia,India,Hindustan Zinc Limited,2019.0,29107.0,2.46,CCC,No,No
GS6289,Renoe Acipayam Solar Power Plant,GOLD,Gold Standard Certified Project,Renewable Energy,Solar - Centralized,Reduction,Western Asia,Türkiye,Renoe Acipayam Solar Power Plant Project,2018.0,55885.0,1.4,CCC,No,No
GS6290,200 MW Wind Power Project in Tamil Nadu by Orange Sironj,GOLD,Gold Standard Certified Project,Renewable Energy,Wind,Reduction,Southern Asia,India,Orange Renewable Power Pvt Ltd,2019.0,585577.0,2.39,BB,No,No
GS6301,Household Biogas plants installed in rural areas of Uttar Pradesh & Maharashtra,GOLD,Gold Standard Certified Project,Household & Community,Biodigesters,Reduction,Southern Asia,India,South Pole Ltd SCV,2017.0,45779.0,9.67,A,No,No
GS6338,GS1729 Myanmar Stoves Campaign - Soneva in Myanmar - VPA No. 008,GOLD,Gold Standard Certified Project,Household & Community,Cookstoves,Reduction,South-Eastern Asia,Myanmar,Soneva Foundation,2017.0,10191.0,9.23,BBB,No,No
GS6344,GS1247 VPA 138 BioLite Improved Stove Programme Uganda,GOLD,Gold Standard Certified Project,Household & Community,Cookstoves,Reduction,Sub-Saharan Africa,Uganda,Erik Wurster,2017.0,5130.0,6.69,CCC,No,No
GS6349,GS1247 VPA 139 Lango Safe Water Project,GOLD,Gold Standard Certified Project,Household & Community,Community Boreholes,Reduction,Sub-Saharan Africa,Uganda,CO2balance UK ltd,2018.0,6653.0,7.51,BBB,No,No
GS6350,GS1247 VPA 140 Lango Safe Water Project,GOLD,Gold Standard Certified Project,Household & Community,Community Boreholes,Reduction,Sub-Saharan Africa,Uganda,CO2balance UK ltd,2018.0,6854.0,4.99,B,No,No
GS6351,GS1247 VPA 141 Lango Safe Water Project,GOLD,Gold Standard Certified Project,Household & Community,Community Boreholes,Reduction,Sub-Saharan Africa,Uganda,CO2balance UK ltd,2018.0,6652.0,8.2,BBB,No,No
GS6356,Solar Water Heater Program in India-CPA-6,GOLD,Gold Standard Certified Project,Renewable Energy,Solar Water Heaters,Reduction,Southern Asia,India,Nuetech Solar Systems Private Limited,2019.0,59134.0,1.46,BB,No,No
GS6393,Nepal Biogas Support Program - CPA 6: 18504 digesters,GOLD,Gold Standard Certified Project,Household & Community,Biodigesters,Reduction,Southern Asia,Nepal,Alternative Energy Promotion Centre,2016.0,231818.0,10.61,BBB,No,No
GS6394,Nepal Biogas Support Program - CPA 7: 18392 digesters,GOLD,Gold Standard Certified Project,Household & Community,Biodigesters,Reduction,Southern Asia,Nepal,Alternative Energy Promotion Centre,2016.0,241979.0,7.08,CCC,No,No
GS6395,Adilabad biogas project,GOLD,Gold Standard Certified Project,Household & Community,Biodigesters,Reduction,Southern Asia,India,MyPlanet,2019.0,39849.0,8.5,BBB,No,No
GS6411,Household biogas project in Uttarakhand and Kerala India,GOLD,Gold Standard Certified Project,Household & Community,Biodigesters,Reduction,Southern Asia,India,INSEDA Engineers and Consultants Pvt. Ltd.,2017.0,1814.0,5.78,BB,No,No
GS6414,Hamal Solar Power Project,GOLD,Gold Standard Certified Project,Renewable Energy,Solar - Centralized,Reduction,Western Asia,Türkiye,YBT ENERJI ELEKTRONIK INSAAT SANAYI VE TICARET LIMITED SIRKETI,2018.0,26231.0,1.7,CCC,No,No
GS6419,GS1340 Efficient cookstoves in Burkina Faso – VPA-12 - tiipaalga F3PA cookstoves in Kourwéogo,GOLD,Gold Standard Certified Project,Household & Community,Cookstoves,Reduction,Sub-Saharan Africa,Burkina Faso,Tiipaalga,2019.0,13467.0,9.57,BB,No,No
GS6420,GS1340 Efficient cookstoves in Burkina Faso – VPA-13 - tiipaalga F3PA cookstoves in Kourwéogo,GOLD,Gold Standard Certified Project,Household & Community,Cookstoves,Reduction,Sub-Saharan Africa,Burkina Faso,Tiipaalga,2020.0,8013.0,11.37,BB,No,No
GS6443,"GS5658 VPA 3: Borehole project ""Antonio Giaffreda"" Senegal",GOLD,Gold Standard Certified Project,Household & Community,Community Boreholes,Reduction,Sub-Saharan Africa,Senegal,Carbonsink (Carbonsink Group S.r.l.),2018.0,5974.0,7.01,BB,No,No
GS6460,Energy for Mam Rashan,GOLD,Gold Standard Certified Project,Renewable Energy,Solar - Distributed,Reduction,Western Asia,Iraq,atmosfair gGmbH,2018.0,2246.0,2.92,,No,No
GS6503,Markham Valley A/R Project,GOLD,Gold Standard Certified Project,Forestry & Land Use,Afforestation/Reforestation,Impermanent Removal,Oceania,Papua New Guinea,PNG Biomass Limited,2020.0,116943.0,22.08,,Yes,No
GS6518,GS1247 VPA 142 Manicaland Safe Water,GOLD,Gold Standard Certified Project,Household & Community,Community Boreholes,Reduction,Sub-Saharan Africa,Zimbabwe,CO2balance UK ltd,2018.0,7156.0,6.95,B,No,No
GS6519,GS1247 VPA 143 Manicaland Safe Water,GOLD,Gold Standard Certified Project,Household & Community,Community Boreholes,Reduction,Sub-Saharan Africa,Zimbabwe,CO2balance UK ltd,2018.0,8123.0,6.85,A,No,No
GS6520,GS1247 VPA 144 Manicaland Safe Water,GOLD,Gold Standard Certified Project,Household & Community,Community Boreholes,Reduction,Sub-Saharan Africa,Zimbabwe,CO2balance UK ltd,2018.0,6847.0,8.61,BB,No,No
GS6521,GS1247 VPA 145 Manicaland Safe Water,GOLD,Gold Standard Certified Project,Household & Community,Community Boreholes,Reduction,Sub-Saharan Africa,Zimbabwe,CO2balance UK ltd,2018.0,6808.0,6.71,AAA,No,No
GS6522,GS1247 VPA 146 Manicaland Safe Water,GOLD,Gold Standard Certified Project,Household & Community,Community Boreholes,Reduction,Sub-Saharan Africa,Zimbabwe,CO2balance UK ltd,2018.0,9993.0,5.41,A,No,No
GS6523,GS1247 VPA 147 Manicaland Safe Water,GOLD,Gold Standard Certified Project,Household & Community,Community Boreholes,Reduction,Sub-Saharan Africa,Zimbabwe,CO2balance UK ltd,2018.0,11111.0,7.16,B,No,No
GS6566,Corum Solar Power Plant Project,GOLD,Gold Standard Certified Project,Renewable Energy,Solar - Centralized,Reduction,Western Asia,Türkiye,Galata Wind Enerji A.S.,2017.0,46602.0,1.22,CCC,No,No
GS6588,Sustainable Agroforestry Based Dairy Value Chain in Mount Elgon Kenya,GOLD,Gold Standard Certified Project,Agriculture,Sustainable Agriculture,Mixed,Sub-Saharan Africa,Kenya,Livelihoods Fund SICAV SIF,2018.0,42598.0,8.1,B,No,No
GS6597,Promoting Clean Cooking Solutions for the Disadvantaged Households in Nepal,GOLD,Gold Standard Certified Project,Household & Community,Cookstoves,Reduction,Southern Asia,Nepal,Value Network Ventures Pte. Ltd.,2017.0,2997.0,8.33,,No,No
GS6598,Water for Climate Rwanda Project,GOLD,Gold Standard Certified Project,Household & Community,Community Boreholes,Reduction,Sub-Saharan Africa,Rwanda,CO2logic,2019.0,167829.0,6.01,BBB,No,No
GS6599,GS1729 Myanmar Stoves Campaign - Soneva in Myanmar - VPA No. 009,GOLD,Gold Standard Certified Project,Household & Community,Cookstoves,Reduction,South-Eastern Asia,Myanmar,Soneva Foundation,2018.0,5227.0,11.72,,No,No
GS6600,GS1729 Myanmar Stoves Campaign - Soneva in Myanmar - VPA No. 010,GOLD,Gold Standard Certified Project,Household & Community,Cookstoves,Reduction,South-Eastern Asia,Myanmar,Soneva Foundation,2018.0,8136.0,9.4,BB,No,No
GS6604,Energy efficiency improvement project leading to multiple sustainable development impacts.,GOLD,Gold Standard Certified Project,Household & Community,Cookstoves,Reduction,Sub-Saharan Africa,Uganda,Pacific Engineering Services Limited,2017.0,41957.0,7.75,B,No,No
GS6607,Biomass based power project of VPL,GOLD,Gold Standard Certified Project,Renewable Energy,Biomass,Reduction,Southern Asia,India,VAYUNANDANA POWER LIMITED,2017.0,124431.0,3.78,CCC,No,No
GS6747,52.50 MW Wind energy farm at Mokla Rajasthan by HZL,GOLD,Gold Standard Certified Project,Renewable Energy,Wind,Reduction,Southern Asia,India,Hindustan Zinc Limited,2017.0,280352.0,2.57,CCC,No,No
GS6748,25.5 MW Wind Energy Farm at Nandurbar Maharashtra by HZL,GOLD,Gold Standard Certified Project,Renewable Energy,Wind,Reduction,Southern Asia,India,Hindustan Zinc Limited,2017.0,180063.0,2.7,BB,No,No
GS6749,GS5658 VPA 4: Resilience with Safe Drinking Water in Drought Prone Areas of Bale Zone in Oromia (Ethiopia),GOLD,Gold Standard Certified Project,Household & Community,Clean Water,Reduction,Sub-Saharan Africa,Ethiopia,Carbonsink (Carbonsink Group S.r.l.),2018.0,1831.0,7.28,CCC,No,No
GS6750,GS5658 VPA 5: Resilience with Safe drinking water in Somali Regional State (Ethiopia),GOLD,Gold Standard Certified Project,Household & Community,Clean Water,Reduction,Sub-Saharan Africa,Ethiopia,Carbonsink (Carbonsink Group S.r.l.),2020.0,1318.0,7.62,B,No,No
GS6752,GS5658 VPA 7: Water is Life Madagascar,GOLD,Gold Standard Certified Project,Household & Community,Clean Water,Reduction,Sub-Saharan Africa,Madagascar,Madaprojects Srl SB,2018.0,2000.0,7.44,BBB,No,No
GS6753,CECIC HKC Danjinghe Wind Farm Project,GOLD,Gold Standard Certified Project,Renewable Energy,Wind,Reduction,Eastern Asia,China,Beijing Fangzhou Jiaye Technology Co ltd,2017.0,1418975.0,1.94,CCC,No,No
GS6756,30 MW Wind Energy Project by Giriraj Enterprises,GOLD,Gold Standard Certified Project,Renewable Energy,Wind,Reduction,Southern Asia,India,Climera Carbon Private Limited,2018.0,59208.0,1.68,BB,No,No
GS6760,Guttigoli Solar Power Project in Karnataka,GOLD,Gold Standard Certified Project,Renewable Energy,Solar - Centralized,Reduction,Southern Asia,India,Kosher Climate India Pvt Ltd.,2018.0,272219.0,1.96,B,No,No
GS6783,GS1247 VPA 149 Southern Ethiopia Community Safe Water,GOLD,Gold Standard Certified Project,Household & Community,Community Boreholes,Reduction,Sub-Saharan Africa,Ethiopia,CO2balance UK ltd,2017.0,7561.0,5.73,BB,No,No
GS6784,GS1247 VPA 150 Southern Ethiopia Community Safe Water,GOLD,Gold Standard Certified Project,Household & Community,Community Boreholes,Reduction,Sub-Saharan Africa,Ethiopia,CO2balance UK ltd,2017.0,13162.0,7.44,A,No,No
GS6793,Taspinar Wind Solar Hybrid Project,GOLD,Gold Standard Certified Project,Renewable Energy,Wind,Reduction,Western Asia,Türkiye,Galata Wind Enerji A.S.,2021.0,237808.0,2.62,CCC,No,No
GS6830,Solar Water Pumps for salt farmers of Kutch,GOLD,Gold Standard Certified Project,Agriculture,Improved irrigation management,Reduction,Southern Asia,India,Value Network Ventures Pte. Ltd.,2017.0,13916.0,13.07,BBB,No,No
GS6831,Energy efficiency improvement  project leading to multiple sustainable development benefits,GOLD,Gold Standard Certified Project,Household & Community,Cookstoves,Reduction,Sub-Saharan Africa,Uganda,Pacific Engineering Services Limited,2019.0,72433.0,8.45,B,No,No
GS6832,50 MW Solar Power Project by Mytrah Energy India Private Limited,GOLD,Gold Standard Certified Project,Renewable Energy,Solar - Centralized,Reduction,Southern Asia,India,MYTRAH ENERGY (INDIA) PRIVATE LIMITED,2019.0,58585.0,1.34,CCC,No,No
GS6836,GS1247 VPA 156 Southern Ethiopia Community Protected Springs,GOLD,Gold Standard Certified Project,Household & Community,Clean Water,Reduction,Sub-Saharan Africa,Ethiopia,CO2balance UK ltd,2017.0,14751.0,6.44,B,No,No
GS6852,5.10 MW Wind Power Project by Shyam Metalics & Energy Limited in Maharashtra India,GOLD,Gold Standard Certified Project,Renewable Energy,Wind,Reduction,Southern Asia,India,EKI Energy Services Limited,2018.0,5635.0,1.71,BB,No,No
GS6853,Wind power project by HZL in Gujarat.,GOLD,Gold Standard Certified Project,Renewable Energy,Wind,Reduction,Southern Asia,India,Hindustan Zinc Limited,2017.0,470456.0,2.32,CCC,No,No
GS6854,Wind power project by HZL in Karnataka,GOLD,Gold Standard Certified Project,Renewable Energy,Wind,Reduction,Southern Asia,India,Hindustan Zinc Limited,2017.0,170799.0,4.34,B,No,No
GS6855,27.3 MW Wind energy farm at Mokla Rajasthan by HZL,GOLD,Gold Standard Certified Project,Renewable Energy,Wind,Reduction,Southern Asia,India,Hindustan Zinc Limited,2017.0,102995.0,3.14,BB,No,No
GS6856,9 MW Wind Energy Farm at Jodhpur Rajasthan by HZL,GOLD,Gold Standard Certified Project,Renewable Energy,Wind,Reduction,Southern Asia,India,Hindustan Zinc Limited,2017.0,44008.0,3.22,BBB,No,No
GS6857,15 MW Wind energy farm at Gopalpura Karnataka by HZL,GOLD,Gold Standard Certified Project,Renewable Energy,Wind,Reduction,Southern Asia,India,Hindustan Zinc Limited,2017.0,65836.0,2.43,B,Yes,No
GS6858,21 MW Wind energy farm at Palladam TamilNadu by HZL,GOLD,Gold Standard Certified Project,Renewable Energy,Wind,Reduction,Southern Asia,India,Hindustan Zinc Limited,2017.0,99073.0,2.06,B,No,No
GS6861,GS1729 Myanmar Stoves Campaign - Soneva in Myanmar - VPA No. 011,GOLD,Gold Standard Certified Project,Household & Community,Cookstoves,Reduction,South-Eastern Asia,Myanmar,Soneva Foundation,2018.0,13614.0,8.38,BBB,No,No
GS6887,Community Level Green Energy Promotion in Nepal VPA-01,GOLD,Gold Standard Certified Project,Household & Community,Bundled Energy Efficiency,Reduction,Southern Asia,Nepal,Sahas Foundation,2021.0,1470.0,4.79,,No,No
GS6998,GS2489 Efficient cookstoves in Benin and Togo – VPA3 – EcoBenin – Women Soils and Energy,GOLD,Gold Standard Certified Project,Household & Community,Cookstoves,Reduction,Sub-Saharan Africa,Benin,CO2logic,2017.0,10394.0,6.57,,No,No
GS6999,21 MW Wind Energy Project by Shree Cement Limited,GOLD,Gold Standard Certified Project,Renewable Energy,Wind,Reduction,Southern Asia,India,EKI Energy Services Limited,2018.0,87572.0,4.72,A,No,No
GS7002,Namene Solar Light Company: Solar Lighting Project Zambia 1,GOLD,Gold Standard Certified Project,Renewable Energy,Solar Lighting,Reduction,Sub-Saharan Africa,Zambia,NAMENE CLIMATE INVESTMENT VEHICLE LIMITED,2020.0,62970.0,5.52,B,No,No
GS7049,Sichuan Rural Poor-Household Biogas Development Programme (GS1239 CER to VER conversion),GOLD,Gold Standard Certified Project,Household & Community,Biodigesters,Reduction,Eastern Asia,China,UPM Umwelt-Projekt-Management GmbH,2013.0,189692.0,7.75,A,No,No
GS7071,400 MW Solar Power Project at Bhadla Rajasthan,GOLD,Gold Standard Certified Project,Renewable Energy,Solar - Centralized,Reduction,Southern Asia,India,Adani Green Energy Limited,2019.0,1619335.0,2.34,B,No,No
GS7080,72 MWac Ramnad Solar Power Project,GOLD,Gold Standard Certified Project,Renewable Energy,Solar - Centralized,Reduction,Southern Asia,India,Infinite Environmental Solutions Limited,2021.0,321592.0,2.02,CCC,No,No
GS7090,GS5658 VPA 8: The Community Safe Water (Madagascar),GOLD,Gold Standard Certified Project,Household & Community,Clean Water,Reduction,Sub-Saharan Africa,Madagascar,Carbonsink (Carbonsink Group S.r.l.),2017.0,8169.0,7.62,BB,No,No
GS7091,BASMAKCI BIOGAS POWER PLANT PROJECT,GOLD,Gold Standard Certified Project,Renewable Energy,Biomass,Reduction,Western Asia,Türkiye,Bioden Enerji UÃàretim San. Ve Tic. A.S.,2021.0,143470.0,2.3,,No,No
GS7105,TATLIPINAR WIND POWER PLANT,GOLD,Gold Standard Certified Project,Renewable Energy,Wind,Reduction,Western Asia,Türkiye,GTE KARBON SUSTAINABLE ENERJI EGITIM DANISMANLIK VE TICARET A.S.,2021.0,451167.0,2.46,,No,No
GS7112,GS2489 Efficient cookstoves in Benin and Togo – VPA4 – EcoBenin – Women Soils and Energy,GOLD,Gold Standard Certified Project,Household & Community,Cookstoves,Reduction,Sub-Saharan Africa,Benin,CO2logic,2021.0,7957.0,8.53,CCC,No,No
GS7128,VPA 6 Kilifi Borehole Rehabilitation Project,GOLD,Gold Standard Certified Project,Household & Community,Community Boreholes,Reduction,Sub-Saharan Africa,Kenya,CO2balance UK ltd,2018.0,21468.0,6.43,,No,No
GS7132,GS1247 VPA 159 Improved Kitchen Regimes Manica Province Safe Water (Mozambique),GOLD,Gold Standard Certified Project,Household & Community,Community Boreholes,Reduction,Sub-Saharan Africa,Mozambique,CO2balance UK ltd,2019.0,24848.0,9.8,BBB,No,No
GS7133,GS1247 VPA 160 Improved Kitchen Regimes Manica Province Safe Water (Mozambique),GOLD,Gold Standard Certified Project,Household & Community,Community Boreholes,Reduction,Sub-Saharan Africa,Mozambique,CO2balance UK ltd,2019.0,27963.0,5.64,BB,No,No
GS7134,GS1247 VPA 161 Improved Kitchen Regimes Manica Province Safe Water (Mozambique),GOLD,Gold Standard Certified Project,Household & Community,Community Boreholes,Reduction,Sub-Saharan Africa,Mozambique,CO2balance UK ltd,2019.0,24385.0,7.0,BB,No,No
GS7135,GS1247 VPA 162 Improved Kitchen Regimes Manica Province Safe Water (Mozambique),GOLD,Gold Standard Certified Project,Household & Community,Community Boreholes,Reduction,Sub-Saharan Africa,Mozambique,CO2balance UK ltd,2019.0,22181.0,9.95,A,No,No
GS7136,GS1247 VPA 163 Improved Kitchen Regimes Manica Province Safe Water (Mozambique),GOLD,Gold Standard Certified Project,Household & Community,Community Boreholes,Reduction,Sub-Saharan Africa,Mozambique,CO2balance UK ltd,2019.0,21724.0,4.15,AA,No,No
GS7138,50 MW Kurnool Solar PV Power Project by M/s Prayatna Developers Pvt. Ltd. at Gani Kurnool AP.,GOLD,Gold Standard Certified Project,Renewable Energy,Solar - Centralized,Reduction,Southern Asia,India,Infinite Environmental Solutions Limited,2021.0,279409.0,1.27,CCC,No,No
GS7147,GS5047 VPA22 African Improved Cookstoves and Clean Water Programme: Nyagatare Safe Water Project II,GOLD,Gold Standard Certified Project,Household & Community,Community Boreholes,Reduction,Sub-Saharan Africa,Rwanda,Likano Project Development GmbH,2019.0,5714.0,5.94,BB,No,No
GS7148,GS5047 VPA23 African Improved Cookstoves and Clean Water Programme: Nyagatare Safe Water Project III,GOLD,Gold Standard Certified Project,Household & Community,Community Boreholes,Reduction,Sub-Saharan Africa,Rwanda,Likano Project Development GmbH,2019.0,8798.0,5.37,AA,No,No
GS7149,GS5047 VPA24 African Improved Cookstoves and Clean Water Programme: Nyagatare Safe Water Project IV,GOLD,Gold Standard Certified Project,Household & Community,Community Boreholes,Reduction,Sub-Saharan Africa,Rwanda,Likano Project Development GmbH,2019.0,11985.0,5.07,A,No,No
GS7150,GS5047 VPA25 African Improved Cookstoves and Clean Water Programme: Nyagatare Safe Water Project V,GOLD,Gold Standard Certified Project,Household & Community,Community Boreholes,Reduction,Sub-Saharan Africa,Rwanda,Likano Project Development GmbH,2019.0,9620.0,6.86,A,No,No
GS7152,252 MW Wind Energy Project by Green Infra Wind Energy Limited,GOLD,Gold Standard Certified Project,Renewable Energy,Wind,Reduction,Southern Asia,India,Sembcorp Green Infra Private Limited,2019.0,2422576.0,3.56,BB,No,No
GS7153,GS1247 VPA 164 EcoZoom Improved Stove Programme Uganda,GOLD,Gold Standard Certified Project,Household & Community,Cookstoves,Reduction,Sub-Saharan Africa,Uganda,BioLite Inc.,2017.0,12278.0,5.95,CCC,No,No
GS7154,Chanju I Hydro Electric Project,GOLD,Gold Standard Certified Project,Renewable Energy,Hydropower,Reduction,Southern Asia,India,Climera Carbon Private Limited,2019.0,417782.0,3.1,CCC,No,No
GS7164,72 MW Wind power project in the South Sulawesi Province of Indonesia,GOLD,Gold Standard Certified Project,Renewable Energy,Wind,Reduction,South-Eastern Asia,Indonesia,Kosher Climate India Pvt Ltd.,2019.0,1024.0,1.9,B,No,No
GS7287,GS1247 VPA 165 Southern Ethiopia Community Safe Water,GOLD,Gold Standard Certified Project,Household & Community,Clean Water,Reduction,Sub-Saharan Africa,Ethiopia,CO2balance UK ltd,2019.0,5172.0,6.41,BB,No,No
GS7288,GS1247 VPA 166 Southern Ethiopia Community Safe Water,GOLD,Gold Standard Certified Project,Household & Community,Clean Water,Reduction,Sub-Saharan Africa,Ethiopia,CO2balance UK ltd,2019.0,5183.0,8.3,CCC,No,No
GS7289,GS1247 VPA 168 Southern Ethiopia Community Safe Water,GOLD,Gold Standard Certified Project,Household & Community,Clean Water,Reduction,Sub-Saharan Africa,Ethiopia,CO2balance UK ltd,2019.0,5183.0,8.19,BB,No,No
GS7290,GS1247 VPA 169 Southern Ethiopia Community Safe Water,GOLD,Gold Standard Certified Project,Household & Community,Clean Water,Reduction,Sub-Saharan Africa,Ethiopia,CO2balance UK ltd,2019.0,2476.0,7.18,BB,No,No
GS7291,GS1247 VPA 170 Southern Ethiopia Community Safe Water,GOLD,Gold Standard Certified Project,Household & Community,Clean Water,Reduction,Sub-Saharan Africa,Ethiopia,CO2balance UK ltd,2019.0,5034.0,6.36,BB,No,No
GS7292,GS1247 VPA 171 Southern Ethiopia Community Safe Water,GOLD,Gold Standard Certified Project,Household & Community,Clean Water,Reduction,Sub-Saharan Africa,Ethiopia,CO2balance UK ltd,2019.0,4630.0,7.03,,No,No
GS7293,GS1247 VPA 172 Southern Ethiopia Efficient Cook Stoves,GOLD,Gold Standard Certified Project,Household & Community,Cookstoves,Reduction,Sub-Saharan Africa,Ethiopia,CO2balance UK ltd,2019.0,10239.0,6.87,BB,No,No
GS7312,Promoting Improved Cooking practices in Nigeria,GOLD,Gold Standard Certified Project,Household & Community,Cookstoves,Reduction,Sub-Saharan Africa,Nigeria,Toyola Energy Services Limited,2017.0,1486391.0,11.16,BB,No,No
GS7317,VPA 174 EcoZoom Improved Stove Programme Uganda,GOLD,Gold Standard Certified Project,Household & Community,Cookstoves,Reduction,Sub-Saharan Africa,Uganda,BioLite Inc.,2018.0,8840.0,9.72,,No,No
GS7318,VPA 173 EcoZoom Improved Stove Programme Uganda,GOLD,Gold Standard Certified Project,Household & Community,Cookstoves,Reduction,Sub-Saharan Africa,Uganda,BioLite Inc.,2018.0,12702.0,5.4,CCC,No,No
GS7330,GS1247 VPA 176 Zoba Debub Community Boreholes,GOLD,Gold Standard Certified Project,Household & Community,Community Boreholes,Reduction,Sub-Saharan Africa,Eritrea,CO2balance UK ltd,2017.0,10899.0,6.68,,No,No
GS7331,GS1247 VPA 177 Zoba Debub Community Boreholes,GOLD,Gold Standard Certified Project,Household & Community,Community Boreholes,Reduction,Sub-Saharan Africa,Eritrea,CO2balance UK ltd,2017.0,9623.0,4.23,A,No,No
GS7332,GS1247 VPA 178 Zoba Debub Community Boreholes,GOLD,Gold Standard Certified Project,Household & Community,Community Boreholes,Reduction,Sub-Saharan Africa,Eritrea,CO2balance UK ltd,2017.0,7938.0,6.12,BBB,No,No
GS7333,GS1247 VPA 179 Zoba Debub Community Boreholes,GOLD,Gold Standard Certified Project,Household & Community,Community Boreholes,Reduction,Sub-Saharan Africa,Eritrea,CO2balance UK ltd,2017.0,8694.0,4.11,CCC,No,No
GS7334,GS1247 VPA 180 Zoba Debub Community Boreholes,GOLD,Gold Standard Certified Project,Household & Community,Community Boreholes,Reduction,Sub-Saharan Africa,Eritrea,CO2balance UK ltd,2017.0,11351.0,8.74,BBB,No,No
GS7335,GS1247 VPA 181 Zoba Debub Community Boreholes,GOLD,Gold Standard Certified Project,Household & Community,Community Boreholes,Reduction,Sub-Saharan Africa,Eritrea,CO2balance UK ltd,2017.0,8696.0,7.0,CCC,No,No
GS7336,GS1247 VPA 182 Zoba Debub Community Boreholes,GOLD,Gold Standard Certified Project,Household & Community,Community Boreholes,Reduction,Sub-Saharan Africa,Eritrea,CO2balance UK ltd,2017.0,7989.0,6.7,B,No,No
GS7343,GS1729 Myanmar Stoves Campaign - Soneva in Myanmar - VPA No. 012,GOLD,Gold Standard Certified Project,Household & Community,Cookstoves,Reduction,South-Eastern Asia,Myanmar,Soneva Foundation,2018.0,19242.0,10.4,B,No,No
GS7345,VPA 175 EcoZoom Improved Stove Programme Uganda,GOLD,Gold Standard Certified Project,Household & Community,Cookstoves,Reduction,Sub-Saharan Africa,Uganda,BioLite Inc.,2019.0,9428.0,6.84,B,No,No
GS7356,GS1290: Native Energy  Clean Water Central America: VPA (04)  Honduras (GS 7356),GOLD,Gold Standard Certified Project,Household & Community,Clean Water,Reduction,Latin America and the Caribbean,Honduras,NATIVE A PUBLIC BENEFIT CORPORATION,2019.0,37428.0,5.17,B,No,No
GS7362,GS1247 VPA 183 Lango Safe Water Project,GOLD,Gold Standard Certified Project,Household & Community,Community Boreholes,Reduction,Sub-Saharan Africa,Uganda,CO2balance UK ltd,2019.0,11158.0,8.92,AA,No,No
GS7363,GS1247 VPA 184 Lango Safe Water Project,GOLD,Gold Standard Certified Project,Household & Community,Community Boreholes,Reduction,Sub-Saharan Africa,Uganda,CO2balance UK ltd,2019.0,7949.0,7.14,BBB,No,No
GS7364,GS1247 VPA 185 Lango Safe Water Project,GOLD,Gold Standard Certified Project,Household & Community,Community Boreholes,Reduction,Sub-Saharan Africa,Uganda,CO2balance UK ltd,2019.0,11240.0,7.23,AA,No,No
GS7365,GS1247 VPA 186 Lango Safe Water Project,GOLD,Gold Standard Certified Project,Household & Community,Community Boreholes,Reduction,Sub-Saharan Africa,Uganda,CO2balance UK ltd,2019.0,10671.0,5.42,BBB,No,No
GS7366,GS1247 VPA 187 Lango Safe Water Project,GOLD,Gold Standard Certified Project,Household & Community,Community Boreholes,Reduction,Sub-Saharan Africa,Uganda,CO2balance UK ltd,2019.0,9506.0,5.72,B,No,No
GS7391,GS1247 VPA 188 Southern Ethiopia Efficient Cook Stoves,GOLD,Gold Standard Certified Project,Household & Community,Cookstoves,Reduction,Sub-Saharan Africa,Ethiopia,CO2balance UK ltd,2019.0,14599.0,8.28,BB,No,No
GS7394,GS1729 Myanmar Stoves Campaign - Soneva in Myanmar - VPA No. 013,GOLD,Gold Standard Certified Project,Household & Community,Cookstoves,Reduction,South-Eastern Asia,Myanmar,Soneva Foundation,2019.0,7702.0,10.24,BBB,No,No
GS7395,GS5047 VPA26 African Improved Cookstoves and Clean Water Programme: Nyagatare Safe Water Project VI,GOLD,Gold Standard Certified Project,Household & Community,Community Boreholes,Reduction,Sub-Saharan Africa,Rwanda,Likano Project Development GmbH,2019.0,7152.0,8.73,AAA,No,No
GS7396,GS5047 VPA27 African Improved Cookstoves and Clean Water Programme: Nyagatare Safe Water Project VII,GOLD,Gold Standard Certified Project,Household & Community,Community Boreholes,Reduction,Sub-Saharan Africa,Rwanda,Likano Project Development GmbH,2019.0,7952.0,10.34,BBB,No,No
GS7397,GS5047 VPA28 African Improved Cookstoves and Clean Water Programme: Nyagatare Safe Water Project VIII,GOLD,Gold Standard Certified Project,Household & Community,Community Boreholes,Reduction,Sub-Saharan Africa,Rwanda,Likano Project Development GmbH,2019.0,9975.0,6.54,A,No,No
GS7398,GS5047 VPA29 African Improved Cookstoves and Clean Water Programme: Nyagatare Safe Water Project IX,GOLD,Gold Standard Certified Project,Household & Community,Community Boreholes,Reduction,Sub-Saharan Africa,Rwanda,Likano Project Development GmbH,2019.0,5474.0,7.22,A,No,No
GS7399,GS5047 VPA30 African Improved Cookstoves and Clean Water Programme: Nyagatare Safe Water Project X,GOLD,Gold Standard Certified Project,Household & Community,Community Boreholes,Reduction,Sub-Saharan Africa,Rwanda,Likano Project Development GmbH,2019.0,7239.0,5.67,AA,No,No
GS7400,GS5047 VPA31 African Improved Cookstoves and Clean Water Programme: Nyagatare Safe Water Project XI,GOLD,Gold Standard Certified Project,Household & Community,Community Boreholes,Reduction,Sub-Saharan Africa,Rwanda,Likano Project Development GmbH,2019.0,7685.0,4.18,AA,No,No
GS7401,GS5047 VPA32 African Improved Cookstoves and Clean Water Programme: Nyagatare Safe Water Project XII,GOLD,Gold Standard Certified Project,Household & Community,Community Boreholes,Reduction,Sub-Saharan Africa,Rwanda,Likano Project Development GmbH,2019.0,4953.0,7.66,BBB,No,No
GS7433,Henan Funiushan Solar Cooker Project Phase I,GOLD,Gold Standard Certified Project,Household & Community,Cookstoves,Reduction,Eastern Asia,China,Sirreon Technology & Development (Beijing) Co.Ltd,2019.0,8474.0,6.32,,No,No
GS7434,Henan Funiushan Solar Cooker Project Phase II,GOLD,Gold Standard Certified Project,Household & Community,Cookstoves,Reduction,Eastern Asia,China,Sirreon Technology & Development (Beijing) Co.Ltd,2019.0,80548.0,7.97,BB,No,No
GS7437,GS1247 VPA189 Southern Ethiopia Efficient Cook Stoves,GOLD,Gold Standard Certified Project,Household & Community,Cookstoves,Reduction,Sub-Saharan Africa,Ethiopia,CO2balance UK ltd,2019.0,13539.0,9.03,,No,No
GS7438,Improved Cookstove Project In Uganda,GOLD,Gold Standard Certified Project,Household & Community,Cookstoves,Reduction,Sub-Saharan Africa,Uganda,South Pole Ltd,2019.0,7083.0,9.42,CCC,No,No
GS7444,Carbon Emission Reduction Program through CCDB Improved Cook Stove (ICS) in Bangladesh – VPA 1 – Patharghata and Morrelganj 1,GOLD,Gold Standard Certified Project,Household & Community,Cookstoves,Reduction,Southern Asia,Bangladesh,CCDB Enterprise Ltd.,2019.0,24585.0,9.32,BB,No,No
GS7448,GS5047 VPA33 African Improved Cookstoves and Clean Water Programme: Nyungwe Rainforest Cookstove Project I,GOLD,Gold Standard Certified Project,Household & Community,Cookstoves,Reduction,Sub-Saharan Africa,Rwanda,Likano Project Development GmbH,2019.0,7989.0,11.52,A,No,No
GS7449,GS5047 VPA34 African Improved Cookstoves and Clean Water Programme: Nyungwe Rainforest Cookstove Project II,GOLD,Gold Standard Certified Project,Household & Community,Cookstoves,Reduction,Sub-Saharan Africa,Rwanda,Likano Project Development GmbH,2019.0,16082.0,11.9,B,No,No
GS7450,GS5047 VPA35 African Improved Cookstoves and Clean Water Programme: Nyungwe Rainforest Cookstove Project III,GOLD,Gold Standard Certified Project,Household & Community,Cookstoves,Reduction,Sub-Saharan Africa,Rwanda,Likano Project Development GmbH,2019.0,10333.0,8.16,A,No,No
GS7451,GS5047 VPA36 African Improved Cookstoves and Clean Water Programme: Nyungwe Rainforest Cookstove Project IV,GOLD,Gold Standard Certified Project,Household & Community,Cookstoves,Reduction,Sub-Saharan Africa,Rwanda,Likano Project Development GmbH,2019.0,14054.0,7.36,CCC,No,No
GS7452,GS5047 VPA37 African Improved Cookstoves and Clean Water Programme: Nyungwe Rainforest Cookstove Project V,GOLD,Gold Standard Certified Project,Household & Community,Cookstoves,Reduction,Sub-Saharan Africa,Rwanda,Likano Project Development GmbH,2019.0,7945.0,10.69,A,No,No
GS7453,GS5047 VPA38 African Improved Cookstoves and Clean Water Programme: Nyungwe Rainforest Cookstove Project VI,GOLD,Gold Standard Certified Project,Household & Community,Cookstoves,Reduction,Sub-Saharan Africa,Rwanda,Likano Project Development GmbH,2021.0,14412.0,10.56,BBB,No,No
GS7454,GS5047 VPA39 African Improved Cookstoves and Clean Water Programme: Nyungwe Rainforest Cookstove Project VII,GOLD,Gold Standard Certified Project,Household & Community,Cookstoves,Reduction,Sub-Saharan Africa,Rwanda,Likano Project Development GmbH,2020.0,14019.0,10.12,AA,No,No
GS7456,GS1247 VPA 190 Zambia Eastern Province Safe Water Project,GOLD,Gold Standard Certified Project,Household & Community,Community Boreholes,Reduction,Sub-Saharan Africa,Zambia,CO2balance UK ltd,2019.0,9620.0,7.24,BBB,No,No
GS7457,GS1247 VPA 191 Zambia Eastern Province Safe Water Project,GOLD,Gold Standard Certified Project,Household & Community,Community Boreholes,Reduction,Sub-Saharan Africa,Zambia,CO2balance UK ltd,2019.0,6493.0,4.68,AAA,No,No
GS7458,GS1247 VPA 192 Zambia Eastern Province Safe Water Project,GOLD,Gold Standard Certified Project,Household & Community,Community Boreholes,Reduction,Sub-Saharan Africa,Zambia,CO2balance UK ltd,2019.0,8551.0,5.7,BB,No,No
GS7459,GS1247 VPA 193 Zambia Eastern Province Safe Water Project,GOLD,Gold Standard Certified Project,Household & Community,Community Boreholes,Reduction,Sub-Saharan Africa,Zambia,CO2balance UK ltd,2019.0,4429.0,9.15,BBB,No,No
GS7460,GS1247 VPA 194 Zambia Eastern Province Safe Water Project,GOLD,Gold Standard Certified Project,Household & Community,Community Boreholes,Reduction,Sub-Saharan Africa,Zambia,CO2balance UK ltd,2019.0,6298.0,5.73,,No,No
GS7465,GS1729 Myanmar Stoves Campaign - Soneva in Myanmar - VPA No. 014,GOLD,Gold Standard Certified Project,Household & Community,Cookstoves,Reduction,South-Eastern Asia,Myanmar,Soneva Foundation,2019.0,7228.0,10.2,CCC,No,No
GS7466,Integrated Domestic Energy Systems (IDES) for Clean Energy access and clean cooking in rural households in India,GOLD,Gold Standard Certified Project,Household & Community,Cookstoves,Reduction,Southern Asia,India,Value Network Ventures Pte. Ltd.,2018.0,66146.0,7.4,B,No,No
GS7467,Solar DC programme in off-grid regions in India,GOLD,Gold Standard Certified Project,Renewable Energy,Solar - Distributed,Reduction,Southern Asia,India,Value Network Ventures Pte. Ltd.,2018.0,5341.0,3.86,CCC,No,No
GS7468,300 MW Wind Energy Project by Green Infra Wind Energy Limited,GOLD,Gold Standard Certified Project,Renewable Energy,Wind,Reduction,Southern Asia,India,Sembcorp Green Infra Private Limited,2019.0,1777633.0,2.78,BB,No,No
GS7469,50.6 MW Wind Energy Project by Powerica Limited,GOLD,Gold Standard Certified Project,Renewable Energy,Wind,Reduction,Southern Asia,India,Powerica Limited,2019.0,467259.0,2.18,B,No,No
GS7470,GS1247 VPA 198 Improved Kitchen Regimes Manica Province Safe Water (Mozambique),GOLD,Gold Standard Certified Project,Household & Community,Community Boreholes,Reduction,Sub-Saharan Africa,Mozambique,CO2balance UK ltd,2019.0,18459.0,9.47,BBB,No,No
GS7471,GS1247 VPA 199 Improved Kitchen Regimes Manica Province Safe Water (Mozambique),GOLD,Gold Standard Certified Project,Household & Community,Community Boreholes,Reduction,Sub-Saharan Africa,Mozambique,CO2balance UK ltd,2019.0,17951.0,3.71,A,No,No
GS7472,GS1247 VPA 200 Improved Kitchen Regimes Manica Province Safe Water (Mozambique),GOLD,Gold Standard Certified Project,Household & Community,Community Boreholes,Reduction,Sub-Saharan Africa,Mozambique,CO2balance UK ltd,2019.0,22340.0,5.24,BB,No,No
GS7473,GS1247 VPA 201 Improved Kitchen Regimes Manica Province Safe Water (Mozambique),GOLD,Gold Standard Certified Project,Household & Community,Community Boreholes,Reduction,Sub-Saharan Africa,Mozambique,CO2balance UK ltd,2019.0,24429.0,7.99,BBB,No,No
GS7474,GS1247 VPA 202 Improved Kitchen Regimes Manica Province Safe Water (Mozambique),GOLD,Gold Standard Certified Project,Household & Community,Community Boreholes,Reduction,Sub-Saharan Africa,Mozambique,CO2balance UK ltd,2019.0,20912.0,5.19,,No,No
GS7475,GS1247 VPA 203 Sierra Leone Safe Water,GOLD,Gold Standard Certified Project,Household & Community,Community Boreholes,Reduction,Sub-Saharan Africa,Sierra Leone,CO2balance UK ltd,2019.0,3562.0,4.94,A,No,No
GS7476,GS1247 VPA 204 Sierra Leone Safe Water,GOLD,Gold Standard Certified Project,Household & Community,Community Boreholes,Reduction,Sub-Saharan Africa,Sierra Leone,CO2balance UK ltd,2019.0,5046.0,4.74,BBB,No,No
GS7477,GS1247 VPA 205 Sierra Leone Safe Water,GOLD,Gold Standard Certified Project,Household & Community,Community Boreholes,Reduction,Sub-Saharan Africa,Sierra Leone,CO2balance UK ltd,2019.0,5549.0,5.8,A,No,No
GS7478,GS1247 VPA 206 Sierra Leone Safe Water,GOLD,Gold Standard Certified Project,Household & Community,Community Boreholes,Reduction,Sub-Saharan Africa,Sierra Leone,CO2balance UK ltd,2019.0,7019.0,6.74,AA,No,No
GS7479,GS1247 VPA 207 Sierra Leone Safe Water,GOLD,Gold Standard Certified Project,Household & Community,Community Boreholes,Reduction,Sub-Saharan Africa,Sierra Leone,CO2balance UK ltd,2019.0,6568.0,4.89,BBB,No,No
GS7480,GS1247 VPA 208 Sierra Leone Safe Water,GOLD,Gold Standard Certified Project,Household & Community,Community Boreholes,Reduction,Sub-Saharan Africa,Sierra Leone,CO2balance UK ltd,2019.0,6036.0,7.25,BBB,No,No
GS7481,GS1247 VPA 209 Sierra Leone Safe Water,GOLD,Gold Standard Certified Project,Household & Community,Community Boreholes,Reduction,Sub-Saharan Africa,Sierra Leone,CO2balance UK ltd,2019.0,8283.0,7.07,,No,No
GS7482,GS1247 VPA 210 Sierra Leone Safe Water,GOLD,Gold Standard Certified Project,Household & Community,Community Boreholes,Reduction,Sub-Saharan Africa,Sierra Leone,CO2balance UK ltd,2019.0,7266.0,7.49,,No,No
GS7483,GS1247 VPA 211 Sierra Leone Safe Water,GOLD,Gold Standard Certified Project,Household & Community,Community Boreholes,Reduction,Sub-Saharan Africa,Sierra Leone,CO2balance UK ltd,2020.0,7034.0,5.2,BB,No,No
GS7484,GS1247 VPA 212 Sierra Leone Safe Water,GOLD,Gold Standard Certified Project,Household & Community,Community Boreholes,Reduction,Sub-Saharan Africa,Sierra Leone,CO2balance UK ltd,2019.0,4203.0,7.3,A,No,No
GS7491,ORLEMIS WPP,GOLD,Gold Standard Certified Project,Renewable Energy,Wind,Reduction,Western Asia,Türkiye,GTE KARBON SUSTAINABLE ENERJI EGITIM DANISMANLIK VE TICARET A.S.,2020.0,111914.0,2.01,B,No,No
GS7493,Erzurum Aziziye Solar Power Plant,GOLD,Gold Standard Certified Project,Renewable Energy,Solar - Centralized,Reduction,Western Asia,Türkiye,Galata Wind Enerji A.S.,2019.0,57365.0,1.62,CCC,No,No
GS7495,Hifadhi-Livelihoods Improved Cookstove Project in Tharaka Nithi County Kenya,GOLD,Gold Standard Certified Project,Household & Community,Cookstoves,Reduction,Sub-Saharan Africa,Kenya,Livelihoods Fund SICAV SIF,2019.0,261743.0,7.73,,No,No
GS7497,SERTAVUL WPP,GOLD,Gold Standard Certified Project,Renewable Energy,Wind,Reduction,Western Asia,Türkiye,GTE KARBON SUSTAINABLE ENERJI  EGITIM DANISMANLIK VE TICARET A.S.,2021.0,141021.0,4.0,B,No,No
GS7498,CPA-KE-001 KIBERA,GOLD,Gold Standard Certified Project,Household & Community,Biodigesters,Reduction,Sub-Saharan Africa,Kenya,ClimateCare Limited,2017.0,51227.0,10.9,B,No,No
GS7504,CPA-KE-008 KISUMU,GOLD,Gold Standard Certified Project,Household & Community,Biodigesters,Reduction,Sub-Saharan Africa,Kenya,ClimateCare Limited,2017.0,37959.0,7.88,,No,No
GS7505,CPA-KE-009 KENYA,GOLD,Gold Standard Certified Project,Household & Community,Biodigesters,Reduction,Sub-Saharan Africa,Kenya,ClimateCare Limited,2017.0,133785.0,10.82,,No,No
GS7506,Orb Energy Solar Program in India - VPA04,GOLD,Gold Standard Certified Project,Renewable Energy,Solar - Distributed,Reduction,Southern Asia,India,Orb Energy Private Limited,2018.0,7418.0,2.38,CCC,No,No
GS7507,Orb Energy Solar Program in India - VPA05,GOLD,Gold Standard Certified Project,Renewable Energy,Solar - Distributed,Reduction,Southern Asia,India,Orb Energy Private Limited,2019.0,13953.0,2.36,CCC,No,No
GS7508,Nepal Biogas Support Program-CPA 8: 19445 digesters,GOLD,Gold Standard Certified Project,Household & Community,Biodigesters,Reduction,Southern Asia,Nepal,Alternative Energy Promotion Centre,2017.0,184740.0,9.06,BBB,No,No
GS7509,Nepal Biogas Support Program-CPA 9: 17304 digesters,GOLD,Gold Standard Certified Project,Household & Community,Biodigesters,Reduction,Southern Asia,Nepal,Alternative Energy Promotion Centre,2019.0,92723.0,11.61,BBB,No,No
GS7510,Household biogas plants installed in rural areas of Madhya Pradesh  India,GOLD,Gold Standard Certified Project,Household & Community,Biodigesters,Reduction,Southern Asia,India,Value Network Ventures Pte. Ltd.,2018.0,20815.0,10.4,BBB,No,No
GS7512,GS1729 Myanmar Stoves Campaign - Soneva in Myanmar - VPA No. 015 by Soneva Foundation,GOLD,Gold Standard Certified Project,Household & Community,Cookstoves,Reduction,South-Eastern Asia,Myanmar,Soneva Foundation,2019.0,6477.0,9.42,BB,No,No
GS7513,VPA 16 Kilifi Borehole Rehabilitation Project,GOLD,Gold Standard Certified Project,Household & Community,Community Boreholes,Reduction,Sub-Saharan Africa,Kenya,CO2balance UK ltd,2021.0,28958.0,9.66,A,No,No
GS7524,GS5658 VPA 11: Promoting energy efficiency & clean cooking in Pemba,GOLD,Gold Standard Certified Project,Household & Community,Cookstoves,Reduction,Sub-Saharan Africa,Mozambique,Carbonsink (Carbonsink Group S.r.l.),2019.0,22866.0,9.34,B,No,No
GS7525,BIM Solar Farm,GOLD,Gold Standard Certified Project,Renewable Energy,Solar - Centralized,Reduction,South-Eastern Asia,Viet Nam,AC Energy and Infrastructure Corporation,2019.0,863597.0,1.85,,No,No
GS7526,BMT Solar Farm,GOLD,Gold Standard Certified Project,Renewable Energy,Solar - Centralized,Reduction,South-Eastern Asia,Viet Nam,AC Energy and Infrastructure Corporation,2019.0,85626.0,1.55,,No,No
GS7527,Izmir Odemis Biogas Power Plant,GOLD,Gold Standard Certified Project,Agriculture,Manure Methane Digester,Reduction,Western Asia,Türkiye,Bio Solutions,2020.0,536703.0,9.29,AAA,No,No
GS7528,IBB Biomethanation Plant Project,GOLD,Gold Standard Certified Project,Waste Management,Landfill Methane,Reduction,Western Asia,Türkiye,ISTAC A.S.,2022.0,25482.0,4.44,A,No,No
GS7532,200 MW solar power project in India by SB Energy.,GOLD,Gold Standard Certified Project,Renewable Energy,Solar - Centralized,Reduction,Southern Asia,India,Adani Green Energy Limited,2019.0,915366.0,1.89,CCC,No,No
GS7533,100 MW Solar Power plant in Maharashtra,GOLD,Gold Standard Certified Project,Renewable Energy,Solar - Centralized,Reduction,Southern Asia,India,Juniper Green Energy Pvt. Ltd.,2019.0,587608.0,2.06,B,No,No
GS7534,250 MW Solar Power Plant in Pavagada Solar Park in Karnataka,GOLD,Gold Standard Certified Project,Renewable Energy,Solar - Centralized,Reduction,Southern Asia,India,Fortum India Private Limited,2020.0,889294.0,2.19,CCC,No,No
GS7535,10MW Solar Power Project (EnvironmentFirst-213),GOLD,Gold Standard Certified Project,Renewable Energy,Solar - Centralized,Reduction,Southern Asia,India,EKI Energy Services Limited,2019.0,34816.0,2.58,CCC,No,No
GS7538,Energising India using Solar Energy,GOLD,Gold Standard Certified Project,Renewable Energy,Solar - Centralized,Reduction,Southern Asia,India,AZURE POWER INDIA PRIVATE LIMITED,2019.0,481486.0,2.64,CCC,No,No
GS7539,GS1729 Myanmar Stoves Campaign - Soneva in Myanmar - VPA No. 016,GOLD,Gold Standard Certified Project,Household & Community,Cookstoves,Reduction,South-Eastern Asia,Myanmar,Soneva Foundation,2019.0,7120.0,7.83,BB,No,No
GS7540,GS5047 VPA44 African Improved Cookstoves and Clean Water Programme: Albertine Rift Wildlife Corridor Cook Stove Project I,GOLD,Gold Standard Certified Project,Household & Community,Cookstoves,Reduction,Sub-Saharan Africa,Uganda,Likano Project Development GmbH,2020.0,3370.0,11.37,,No,No
GS7544,Clean Cooking Solutions for Rural Nepal,GOLD,Gold Standard Certified Project,Household & Community,Cookstoves,Reduction,Southern Asia,Nepal,Deactivated Projects,2018.0,31261.0,6.68,,No,No
GS7548,Biomass based power plant in Mahendargarh Haryana,GOLD,Gold Standard Certified Project,Renewable Energy,Biomass,Reduction,Southern Asia,India,Infinite Environmental Solutions Limited,2019.0,169220.0,3.68,B,No,No
GS7549,Bundled Solar Project 2 by Aditya Birla Group of Companies,GOLD,Gold Standard Certified Project,Renewable Energy,Solar - Centralized,Reduction,Southern Asia,India,EKI Energy Services Limited,2019.0,127835.0,1.69,,No,No
GS7550,Chaiyaphum Wind Farm Power Project,GOLD,Gold Standard Certified Project,Renewable Energy,Wind,Reduction,South-Eastern Asia,Thailand,EKI Energy Services Limited,2020.0,86192.0,2.56,BB,No,No
GS7551,AMI Khanh Hoa Solar Project,GOLD,Gold Standard Certified Project,Renewable Energy,Solar - Centralized,Reduction,South-Eastern Asia,Viet Nam,AC Energy and Infrastructure Corporation,2019.0,98452.0,1.57,CCC,No,No
GS7552,Dren Wind Power Project,GOLD,Gold Standard Certified Project,Renewable Energy,Wind,Reduction,Europe,North Macedonia,KALTUN ENERJI DOO SKOPJE,2025.0,21516.0,3.42,B,No,No
GS7557,GS7591 VPA 1 Western Kenya Borehole Rehabilitation Project,GOLD,Gold Standard Certified Project,Household & Community,Community Boreholes,Reduction,Sub-Saharan Africa,Kenya,CO2balance UK ltd,2021.0,118413.0,7.15,BB,No,No
GS7566,Water is Life Madagascar,GOLD,Gold Standard Certified Project,Household & Community,Clean Water,Reduction,Sub-Saharan Africa,Madagascar,Madaprojects Srl SB,2019.0,8761.0,7.08,BBB,No,No
GS7567,GS5658 VPA 13: Water is Life Madagascar,GOLD,Gold Standard Certified Project,Household & Community,Clean Water,Reduction,Sub-Saharan Africa,Madagascar,Madaprojects Srl SB,2020.0,6926.0,9.94,BB,No,No
GS7572,120 MW Solar PV Plant by Juniper Green Sigma Private Ltd. in Gujarat,GOLD,Gold Standard Certified Project,Renewable Energy,Solar - Centralized,Reduction,Southern Asia,India,Juniper Green Energy Pvt. Ltd.,2020.0,589340.0,2.33,CCC,No,No
GS7574,Toliara PV Plant,GOLD,Gold Standard Certified Project,Renewable Energy,Solar - Centralized,Reduction,Sub-Saharan Africa,Madagascar,atmosfair gGmbH,2020.0,12668.0,2.04,,No,No
GS7575,SolarAce1 Energy Project,GOLD,Gold Standard Certified Project,Renewable Energy,Solar - Centralized,Reduction,South-Eastern Asia,Philippines,AC Energy Inc.,2021.0,164721.0,1.39,B,No,No
GS7576,Household biogas plants in rural parts of North East India,GOLD,Gold Standard Certified Project,Household & Community,Biodigesters,Reduction,Southern Asia,India,Value Network Ventures Pte. Ltd.,2018.0,60351.0,5.25,CCC,No,No
GS7580,GS1247 VPA 224 - The Gambia Safe Water,GOLD,Gold Standard Certified Project,Household & Community,Community Boreholes,Reduction,Sub-Saharan Africa,Gambia,CO2balance UK ltd,2020.0,9767.0,6.41,AA,No,No
GS7581,GS1247 VPA 225 The Gambia Safe Water,GOLD,Gold Standard Certified Project,Household & Community,Community Boreholes,Reduction,Sub-Saharan Africa,Gambia,CO2balance UK ltd,2020.0,11685.0,7.96,BBB,No,No
GS7582,GS1247 VPA 226 The Gambia Safe Water,GOLD,Gold Standard Certified Project,Household & Community,Community Boreholes,Reduction,Sub-Saharan Africa,Gambia,CO2balance UK ltd,2020.0,8907.0,5.46,AA,No,No
GS7583,GS1247 VPA 227 The Gambia Safe Water,GOLD,Gold Standard Certified Project,Household & Community,Community Boreholes,Reduction,Sub-Saharan Africa,Gambia,CO2balance UK ltd,2020.0,6172.0,9.12,AA,No,No
GS7584,GS1247 VPA 228 The Gambia Safe Water,GOLD,Gold Standard Certified Project,Household & Community,Community Boreholes,Reduction,Sub-Saharan Africa,Gambia,CO2balance UK ltd,2020.0,5952.0,5.66,BBB,No,No
GS7585,GS1247 VPA 229 The Gambia Safe Water,GOLD,Gold Standard Certified Project,Household & Community,Community Boreholes,Reduction,Sub-Saharan Africa,Gambia,CO2balance UK ltd,2020.0,5813.0,9.18,A,No,No
GS7587,Household and commercial biogas plants in Kenya,GOLD,Gold Standard Certified Project,Household & Community,Biodigesters,Reduction,Sub-Saharan Africa,Kenya,SISTEMA.BIO INC.,2018.0,7826.0,11.49,BBB,No,No
GS7592,GS7591 VPA 7 Northern Uganda Safe Water Project,GOLD,Gold Standard Certified Project,Household & Community,Community Boreholes,Reduction,Sub-Saharan Africa,Uganda,CO2balance UK ltd,2020.0,95099.0,8.12,,No,No
GS7593,GS7591 VPA 8 Northern Uganda Safe Water Project,GOLD,Gold Standard Certified Project,Household & Community,Community Boreholes,Reduction,Sub-Saharan Africa,Uganda,CO2balance UK ltd,2020.0,78482.0,5.72,AA,No,No
GS7594,GS7591 VPA 9 Northern Uganda Safe Water Project,GOLD,Gold Standard Certified Project,Household & Community,Community Boreholes,Reduction,Sub-Saharan Africa,Uganda,CO2balance UK ltd,2021.0,44257.0,9.84,A,No,No
GS7595,GS7591 VPA 10 Northern Uganda Safe Water Project,GOLD,Gold Standard Certified Project,Household & Community,Community Boreholes,Reduction,Sub-Saharan Africa,Uganda,CO2balance UK ltd,2022.0,50419.0,6.66,BB,No,No
GS7596,GS7591 VPA 11 Northern Uganda Safe Water Project,GOLD,Gold Standard Certified Project,Household & Community,Community Boreholes,Reduction,Sub-Saharan Africa,Uganda,CO2balance UK ltd,2023.0,28607.0,6.83,BB,No,No
GS7602,"Solar Water Heater Program in India- ""CPA-7""",GOLD,Gold Standard Certified Project,Renewable Energy,Solar Water Heaters,Reduction,Southern Asia,India,Nuetech Solar Systems Private Limited,2021.0,12010.0,2.53,B,No,No
GS7604,Houji Solar Cooker Project,GOLD,Gold Standard Certified Project,Household & Community,Cookstoves,Reduction,Eastern Asia,China,Sirreon Technology & Development (Beijing) Co.Ltd,2019.0,10254.0,6.94,B,No,No
GS7605,Shifosi Solar Cooker Project,GOLD,Gold Standard Certified Project,Household & Community,Cookstoves,Reduction,Eastern Asia,China,Sirreon Technology & Development (Beijing) Co.Ltd,2019.0,84705.0,10.76,B,No,No
GS7606,Zaoyuan Solar Cooker Project,GOLD,Gold Standard Certified Project,Household & Community,Cookstoves,Reduction,Eastern Asia,China,Sirreon Technology & Development (Beijing) Co.Ltd,2019.0,64333.0,12.45,A,No,No
GS7614,Wind based power project in Maharashtra by Siddhayu Ayurvedic Research Foundation Pvt. Ltd.,GOLD,Gold Standard Certified Project,Renewable Energy,Wind,Reduction,Southern Asia,India,EKI Energy Services Limited,2019.0,32341.0,3.41,A,No,No
GS7616,Solar PV Power project in Barmer Rajasthan.,GOLD,Gold Standard Certified Project,Renewable Energy,Solar - Centralized,Reduction,Southern Asia,India,Infinite Environmental Solutions Limited,2021.0,360647.0,1.55,,No,No
GS7620,50.6 MW Wind Power Project at Umrali Gujarat by Powerica Limited,GOLD,Gold Standard Certified Project,Renewable Energy,Wind,Reduction,Southern Asia,India,Powerica Limited,2020.0,467583.0,2.37,BBB,No,No
GS7621,50.6 MW Wind Power Project in Gujarat by Powerica Limited,GOLD,Gold Standard Certified Project,Renewable Energy,Wind,Reduction,Southern Asia,India,Powerica Limited,2023.0,262301.0,2.56,B,No,No
GS7622,Caypinar Wind Farm Project Turkey,GOLD,Gold Standard Certified Project,Renewable Energy,Wind,Reduction,Western Asia,Türkiye,Ayen Enerji A. S.,2021.0,115278.0,3.67,B,No,No
GS7625,200 MW Solar PV Plant by Mahindra Susten in Rajasthan,GOLD,Gold Standard Certified Project,Renewable Energy,Solar - Centralized,Reduction,Southern Asia,India,Mahindra Susten Private Limited,2021.0,529270.0,2.53,CCC,No,No
GS7626,250 MW Solar PV Plant by Mega Suryaurja in Rajasthan,GOLD,Gold Standard Certified Project,Renewable Energy,Solar - Centralized,Reduction,Southern Asia,India,Mahindra Susten Private Limited,2022.0,304645.0,2.03,BB,No,No
GS7627,150 MW Solar PV Plant by Juniper Green Field Pvt. Ltd. in Maharashtra,GOLD,Gold Standard Certified Project,Renewable Energy,Solar - Centralized,Reduction,Southern Asia,India,Juniper Green Energy Pvt. Ltd.,2022.0,411981.0,1.81,CCC,No,No
GS7628,Wind farm at Lalpur Gujarat,GOLD,Gold Standard Certified Project,Renewable Energy,Wind,Reduction,Southern Asia,India,Orange Renewable Power Pvt Ltd,2018.0,327354.0,1.81,B,No,No
GS7629,Wind power project in Madhya Pradesh (2) India,GOLD,Gold Standard Certified Project,Renewable Energy,Wind,Reduction,Southern Asia,India,Orange Renewable Power Pvt Ltd,2018.0,268088.0,2.06,,No,No
GS7630,Wind energy project by KWEPL - 1,GOLD,Gold Standard Certified Project,Renewable Energy,Wind,Reduction,Southern Asia,India,Orange Renewable Power Pvt Ltd,2019.0,173094.0,2.08,CCC,No,No
GS7631,Wind project by LWEPL-2,GOLD,Gold Standard Certified Project,Renewable Energy,Wind,Reduction,Southern Asia,India,Orange Renewable Power Pvt Ltd,2020.0,182145.0,3.31,CCC,No,No
GS7632,Wind power project in Gujarat by Kaze Energy Limited,GOLD,Gold Standard Certified Project,Renewable Energy,Wind,Reduction,Southern Asia,India,Orange Renewable Power Pvt Ltd,2019.0,300197.0,1.73,B,No,No
GS7633,Wind power project in Ratlam MP,GOLD,Gold Standard Certified Project,Renewable Energy,Wind,Reduction,Southern Asia,India,Orange Renewable Power Pvt Ltd,2019.0,351922.0,2.3,CCC,No,No
GS7635,CANDARLI WPP,GOLD,Gold Standard Certified Project,Renewable Energy,Wind,Reduction,Western Asia,Türkiye,GTE KARBON SUSTAINABLE ENERJI EGITIM DANISMANLIK VE TICARET A.S.,2021.0,109054.0,3.77,BB,No,No
GS7637,GS7591 VPA 17 Central Mozambique Safe Water Programme,GOLD,Gold Standard Certified Project,Household & Community,Clean Water,Reduction,Sub-Saharan Africa,Mozambique,CO2balance UK ltd,2020.0,97164.0,7.56,BB,No,No
GS7638,GS7591 VPA 18 Central Mozambique Safe Water Programme,GOLD,Gold Standard Certified Project,Household & Community,Clean Water,Reduction,Sub-Saharan Africa,Mozambique,CO2balance UK ltd,2020.0,43344.0,7.05,BB,No,No
GS7639,GS7591 VPA 19 Central Mozambique Safe Water Programme,GOLD,Gold Standard Certified Project,Household & Community,Clean Water,Reduction,Sub-Saharan Africa,Mozambique,CO2balance UK ltd,2020.0,27700.0,5.29,A,No,No
GS7640,GS7591 VPA 20 Central Mozambique Safe Water Programme,GOLD,Gold Standard Certified Project,Household & Community,Clean Water,Reduction,Sub-Saharan Africa,Mozambique,CO2balance UK ltd,2020.0,88901.0,9.66,BBB,No,No
GS7641,GS7591 VPA 21 Central Mozambique Safe Water Programme,GOLD,Gold Standard Certified Project,Household & Community,Clean Water,Reduction,Sub-Saharan Africa,Mozambique,CO2balance UK ltd,2020.0,41544.0,7.47,B,No,No
GS7642,GS7591 VPA 22 Central Mozambique Safe Water Programme,GOLD,Gold Standard Certified Project,Household & Community,Clean Water,Reduction,Sub-Saharan Africa,Mozambique,CO2balance UK ltd,2020.0,73931.0,6.43,A,No,No
GS7643,GS7591 VPA 23 Central Mozambique Safe Water Programme,GOLD,Gold Standard Certified Project,Household & Community,Clean Water,Reduction,Sub-Saharan Africa,Mozambique,CO2balance UK ltd,2020.0,83910.0,9.09,B,No,No
GS7644,GS7591 VPA 24 Central Mozambique Safe Water Programme,GOLD,Gold Standard Certified Project,Household & Community,Clean Water,Reduction,Sub-Saharan Africa,Mozambique,CO2balance UK ltd,2021.0,74343.0,7.95,AA,No,No
GS7645,GS7591 VPA 25 Central Mozambique Safe Water Programme,GOLD,Gold Standard Certified Project,Household & Community,Clean Water,Reduction,Sub-Saharan Africa,Mozambique,CO2balance UK ltd,2022.0,51725.0,5.63,CCC,No,No
GS7646,GS7591 VPA 26 Central Mozambique Safe Water Programme,GOLD,Gold Standard Certified Project,Household & Community,Clean Water,Reduction,Sub-Saharan Africa,Mozambique,CO2balance UK ltd,2022.0,21756.0,8.75,,No,No
GS7647,GS7591 VPA 27 Central Mozambique Safe Water Programme,GOLD,Gold Standard Certified Project,Household & Community,Clean Water,Reduction,Sub-Saharan Africa,Mozambique,CO2balance UK ltd,2022.0,26580.0,9.97,BBB,No,No
GS7648,GS7591 VPA 28 Central Mozambique Safe Water Programme,GOLD,Gold Standard Certified Project,Household & Community,Clean Water,Reduction,Sub-Saharan Africa,Mozambique,CO2balance UK ltd,2022.0,1416.0,7.17,BB,No,No
GS7649,GS7591 VPA 29 Central Mozambique Safe Water Programme,GOLD,Gold Standard Certified Project,Household & Community,Clean Water,Reduction,Sub-Saharan Africa,Mozambique,CO2balance UK ltd,2023.0,1416.0,12.52,,No,No
GS7650,GS7591 VPA 30 Central Mozambique Safe Water Programme,GOLD,Gold Standard Certified Project,Household & Community,Clean Water,Reduction,Sub-Saharan Africa,Mozambique,CO2balance UK ltd,2023.0,1416.0,6.26,B,No,No
GS7651,GS7591 VPA 31 Central Mozambique Safe Water Programme,GOLD,Gold Standard Certified Project,Household & Community,Clean Water,Reduction,Sub-Saharan Africa,Mozambique,CO2balance UK ltd,2023.0,41957.0,12.91,BBB,No,No
GS7652,Tayakadın Wind Power Project Turkey,GOLD,Gold Standard Certified Project,Renewable Energy,Wind,Reduction,Western Asia,Türkiye,Fiba Yenilenebilir Enerji Holding A.Ş,2021.0,247159.0,2.17,CCC,No,No
GS7664,250 MW Solar PV Plant by Mahindra Renewables in Rajasthan,GOLD,Gold Standard Certified Project,Renewable Energy,Solar - Centralized,Reduction,Southern Asia,India,Mahindra Susten Private Limited,2021.0,867303.0,3.37,,No,No
GS7666,Greenhouse Gas Emission Reductions Through Thermal Solar Power Technology - Rajasthan Sun Technique Energy Pvt. Ltd,GOLD,Gold Standard Certified Project,Renewable Energy,Solar - Centralized,Reduction,Southern Asia,India,Infinite Environmental Solutions Limited,2020.0,132312.0,1.87,CCC,No,No
GS7668,Jeori Hydro-Electric Project,GOLD,Gold Standard Certified Project,Renewable Energy,Hydropower,Reduction,Southern Asia,India,Orange Renewable Power Pvt Ltd,2019.0,47566.0,2.25,BB,No,No
GS7669,Wind energy project by KWEPL - 3,GOLD,Gold Standard Certified Project,Renewable Energy,Wind,Reduction,Southern Asia,India,Infinite Environmental Solutions Limited,2018.0,115011.0,1.81,CCC,No,No
GS7671,GS1247 VPA 219 Central and Western Uganda Safe Water Project,GOLD,Gold Standard Certified Project,Household & Community,Community Boreholes,Reduction,Sub-Saharan Africa,Uganda,CO2balance UK ltd,2020.0,16308.0,5.94,BB,No,No
GS7672,GS1247 VPA 220 Central and Western Uganda Safe Water Project,GOLD,Gold Standard Certified Project,Household & Community,Community Boreholes,Reduction,Sub-Saharan Africa,Uganda,CO2balance UK ltd,2020.0,18359.0,4.8,BB,No,No
GS7677,Greenhouse Gas Emission Reductions Through Photovoltaic Technology - Dahanu Solar Power Pvt. Ltd.,GOLD,Gold Standard Certified Project,Renewable Energy,Solar - Centralized,Reduction,Southern Asia,India,Infinite Environmental Solutions Limited,2020.0,111345.0,1.52,CCC,No,No
GS7678,300 MW Wind Power Project by SITAC Kabini in Gujarat,GOLD,Gold Standard Certified Project,Renewable Energy,Wind,Reduction,Southern Asia,India,Kabini Renewables Private Limited,2022.0,999168.0,3.37,B,No,No
GS7679,Wind Power Project in Tamil Nadu India,GOLD,Gold Standard Certified Project,Renewable Energy,Wind,Reduction,Southern Asia,India,Infinite Environmental Solutions Limited,2018.0,88488.0,1.81,,No,No
GS7686,Wind Energy Project at Jaisalmer district Rajasthan by Enn Enn Corp Limited,GOLD,Gold Standard Certified Project,Renewable Energy,Wind,Reduction,Southern Asia,India,EKI Energy Services Limited,2019.0,7924.0,3.58,BBB,No,No
GS7687,GS7591 VPA 32 Zambian Central Province Safe Water,GOLD,Gold Standard Certified Project,Household & Community,Clean Water,Reduction,Sub-Saharan Africa,Zambia,CO2balance UK ltd,2020.0,65974.0,6.79,BBB,No,No
GS7688,GS7591 VPA 33 Zambian Central Province Safe Water,GOLD,Gold Standard Certified Project,Household & Community,Clean Water,Reduction,Sub-Saharan Africa,Zambia,CO2balance UK ltd,2020.0,75077.0,7.85,BB,No,No
GS7689,GS7591 VPA 34 Zambian Central Province Safe Water,GOLD,Gold Standard Certified Project,Household & Community,Clean Water,Reduction,Sub-Saharan Africa,Zambia,CO2balance UK ltd,2021.0,102731.0,8.12,BBB,No,No
GS7690,GS7591 VPA 35 Zambian Central Province Safe Water,GOLD,Gold Standard Certified Project,Household & Community,Clean Water,Reduction,Sub-Saharan Africa,Zambia,CO2balance UK ltd,2022.0,56849.0,6.39,BBB,No,No
GS7691,GS7591 VPA 36 Zambian Central Province Safe Water,GOLD,Gold Standard Certified Project,Household & Community,Clean Water,Reduction,Sub-Saharan Africa,Zambia,CO2balance UK ltd,2023.0,27749.0,9.99,BB,No,No
GS7692,VPA 28 Coastal Kenya Borehole Rehabilitation Project,GOLD,Gold Standard Certified Project,Household & Community,Community Boreholes,Reduction,Sub-Saharan Africa,Kenya,CO2balance UK ltd,2021.0,79931.0,6.48,AAA,No,No
GS7720,Hybrid (Solar+Wind) Power project by SBE Renewables Rajasthan,GOLD,Gold Standard Certified Project,Renewable Energy,RE Bundled,Reduction,Southern Asia,India,Adani Green Energy Limited,2022.0,1425174.0,2.14,CCC,No,No
GS7721,300 MW Solar PV Plant by SBSR Power Cleantech in Rajasthan,GOLD,Gold Standard Certified Project,Renewable Energy,Solar - Centralized,Reduction,Southern Asia,India,Adani Green Energy Limited,2021.0,549062.0,2.43,CCC,No,No
GS7723,Wind Power Project by SBESS Wind in Madhya Pradesh,GOLD,Gold Standard Certified Project,Renewable Energy,Wind,Reduction,Southern Asia,India,Adani Green Energy Limited,2022.0,131204.0,2.41,CCC,No,No
GS7724,180 MW Renewable Energy Project by Greenko Group,GOLD,Gold Standard Certified Project,Renewable Energy,Solar - Centralized,Reduction,Southern Asia,India,Orange Renewable Power Pvt Ltd,2019.0,582455.0,1.27,,No,No
GS7726,300 MW Solar PV Plant at Bhadla Rajasthan,GOLD,Gold Standard Certified Project,Renewable Energy,Solar - Centralized,Reduction,Southern Asia,India,CLEAN SOLAR POWER (BHADLA) PRIVATE LIMITED,2019.0,780534.0,1.88,BB,Yes,No
GS7727,250 MW Solar PV Plant at Bhainsada Rajasthan,GOLD,Gold Standard Certified Project,Renewable Energy,Solar - Centralized,Reduction,Southern Asia,India,Infinite Environmental Solutions Limited,2022.0,821749.0,2.01,CCC,No,No
GS7731,GS5304 MKOPA Solar Lighting Programme of Activities - Kenya VPA 5 by Natural Capital Partners,GOLD,Gold Standard Certified Project,Renewable Energy,Solar Lighting,Reduction,Sub-Saharan Africa,Kenya,Climate Impact Partners Limited,2021.0,56477.0,3.96,,No,No
GS7733,Kartal Wind Power Project,GOLD,Gold Standard Certified Project,Renewable Energy,Wind,Reduction,Western Asia,Türkiye,Life Iklim ve Enerji Ltd. Sti.,2021.0,124496.0,2.59,CCC,No,No
GS7734,Kuyulukoyak WIND POWER PLANT,GOLD,Gold Standard Certified Project,Renewable Energy,Wind,Reduction,Western Asia,Türkiye,GTE KARBON SUSTAINABLE ENERJI EGITIM DANISMANLIK VE TICARET A.S.,2021.0,40041.0,3.01,BB,No,No
GS7735,ÇAMINBAŞI WPP,GOLD,Gold Standard Certified Project,Renewable Energy,Wind,Reduction,Western Asia,Türkiye,GTE KARBON SUSTAINABLE ENERJI EGITIM DANISMANLIK VE TICARET A.S.,2021.0,83177.0,3.2,B,No,No
GS7737,Parque de los Llanos umbrella project,GOLD,Gold Standard Certified Project,Renewable Energy,Solar - Centralized,Reduction,Latin America and the Caribbean,Argentina,Empresa Federal de Energia S.A.,2019.0,37867.0,2.72,CCC,No,No
GS7739,West Bakr Wind Farm Project,GOLD,Gold Standard Certified Project,Renewable Energy,Wind,Reduction,Northern Africa,Egypt,First Climate Markets GmbH,2021.0,1013434.0,3.51,BB,No,No
GS7741,Gazi-9 WPP,GOLD,Gold Standard Certified Project,Renewable Energy,Wind,Reduction,Western Asia,Türkiye,Sanko Enerji Sanayi ve Ticaret A.Ş.,2022.0,251465.0,2.95,BB,No,No
GS7742,Güney-1 WPP,GOLD,Gold Standard Certified Project,Renewable Energy,Wind,Reduction,Western Asia,Türkiye,Sanko Enerji Sanayi ve Ticaret A.Ş.,2022.0,236816.0,2.23,BB,No,No
GS7744,West Huaybong 2 wind farm project,GOLD,Gold Standard Certified Project,Renewable Energy,Wind,Reduction,South-Eastern Asia,Thailand,Kosher Climate India Pvt Ltd.,2019.0,200274.0,2.39,CCC,No,No
GS7745,300 MW Wind Power Project in Gujarat by Alfanar Power,GOLD,Gold Standard Certified Project,Renewable Energy,Wind,Reduction,Southern Asia,India,Kosher Climate India Pvt Ltd.,2020.0,1097904.0,1.93,BB,No,No
GS7746,West Huaybong 3 wind farm project,GOLD,Gold Standard Certified Project,Renewable Energy,Wind,Reduction,South-Eastern Asia,Thailand,Kosher Climate India Pvt Ltd.,2019.0,185390.0,2.2,BB,No,No
GS7754,Tuppadahalli Wind Energy Project,GOLD,Gold Standard Certified Project,Renewable Energy,Wind,Reduction,Southern Asia,India,Kosher Climate India Pvt Ltd.,2018.0,218078.0,2.92,CCC,No,No
GS7760,Clean Electricity Generation by Solar Power Project in Rajasthan,GOLD,Gold Standard Certified Project,Renewable Energy,Solar - Centralized,Reduction,Southern Asia,India,AZURE POWER INDIA PRIVATE LIMITED,2020.0,3375650.0,1.85,BB,No,No
GS7762,27 MWp Solar PV Project by MH Technique Solaire India Private Limited,GOLD,Gold Standard Certified Project,Renewable Energy,Solar - Centralized,Reduction,Southern Asia,India,MH Technique Solaire India Private Limited,2020.0,61897.0,1.5,CCC,No,No
GS7775,ARISU SOLAR POWER PLANT,GOLD,Gold Standard Certified Project,Renewable Energy,Solar - Centralized,Reduction,Western Asia,Türkiye,GTE KARBON SUSTAINABLE ENERJI EGITIM DANISMANLIK VE TICARET A.S.,2022.0,145705.0,2.07,CCC,No,No
GS7783,ECOLIFE Conservation Patsari Improved Cookstove project Monarch Butterfly Biosphere Reserve Mexico,GOLD,Gold Standard Certified Project,Household & Community,Cookstoves,Reduction,Latin America and the Caribbean,Mexico,ECOLIFE Conservation,2019.0,1330.0,7.49,BB,No,No
GS7784,Namene Solar Light Company: Replacing Kerosene lights and paraffin candles by solar lights in Namibia,GOLD,Gold Standard Certified Project,Renewable Energy,Solar Lighting,Reduction,Sub-Saharan Africa,Namibia,NAMENE CLIMATE INVESTMENT VEHICLE LIMITED,2022.0,11664.0,8.16,BB,No,No
GS7788,23.1 MW Wind power project in Telagi Karnataka,GOLD,Gold Standard Certified Project,Renewable Energy,Wind,Reduction,Southern Asia,India,Sembcorp Green Infra Private Limited,2020.0,59500.0,2.8,BB,No,No
GS7789,Wind power project in Maharashtra by TVS Energy Limited,GOLD,Gold Standard Certified Project,Renewable Energy,Wind,Reduction,Southern Asia,India,Sembcorp Green Infra Private Limited,2020.0,169853.0,4.05,,No,No
GS7792,10 MW Solar Photovoltaic Power Plant in Rajkot Gujarat (India),GOLD,Gold Standard Certified Project,Renewable Energy,Solar - Centralized,Reduction,Southern Asia,India,Sembcorp Green Infra Private Limited,2020.0,43046.0,1.68,B,No,No
GS7794,Wind power project in Tirunelveli Tamil Nadu by TVS Energy Limited,GOLD,Gold Standard Certified Project,Renewable Energy,Wind,Reduction,Southern Asia,India,Sembcorp Green Infra Private Limited,2020.0,31911.0,2.33,,No,No
GS7800,ANTALYA Solar Power Plant,GOLD,Gold Standard Certified Project,Renewable Energy,Solar - Centralized,Reduction,Western Asia,Türkiye,GTE KARBON SUSTAINABLE ENERJI EGITIM DANISMANLIK VE TICARET A.S.,2022.0,68697.0,1.69,B,No,No
GS7801,Saros Wind Power Plant,GOLD,Gold Standard Certified Project,Renewable Energy,Wind,Reduction,Western Asia,Türkiye,BORUSAN ENBW ENERJI YATIRIMLARI VE ÜRETIM A.S.,2021.0,756247.0,2.97,B,No,No
GS10220,Humbo Ethiopia Assisted Natural Regeneration Project,GOLD,Gold Standard Certified Project,Forestry & Land Use,Afforestation/Reforestation,Impermanent Removal,Sub-Saharan Africa,Ethiopia,World Vision Australia,2009.0,13572.0,14.84,B,No,No
GS10457,Proyecto Mirador Enhanced Distribution of Improved Cookstoves in Latin America – Second VPA for Distribution of Dos por Tres Cookstoves in Guatemala,GOLD,Gold Standard Certified Project,Household & Community,Cookstoves,Reduction,Latin America and the Caribbean,Guatemala,Proyecto Mirador,2019.0,93397.0,7.23,,No,No
GS10466,FCN GS PoA for Rural Communities VPA 04,GOLD,Gold Standard Certified Project,Household & Community,Cookstoves,Reduction,Southern Asia,India,Fair Climate Services Private Limited (FCS),2020.0,20072.0,11.16,B,No,No
GS10529,Baglama Wind Power Project Turkey,GOLD,Gold Standard Certified Project,Renewable Energy,Wind,Reduction,Western Asia,Türkiye,Fiba Yenilenebilir Enerji Holding A.Ş,2021.0,128180.0,2.52,,No,No
GS10657,GS5658 VPA 16: Water is Life Madagascar,GOLD,Gold Standard Certified Project,Household & Community,Clean Water,Reduction,Sub-Saharan Africa,Madagascar,Madaprojects Srl SB,2019.0,7596.0,5.37,BB,No,No
GS10658,GS5658 VPA 17: Water is Life Madagascar,GOLD,Gold Standard Certified Project,Household & Community,Clean Water,Reduction,Sub-Saharan Africa,Madagascar,Madaprojects Srl SB,2019.0,7569.0,7.12,A,No,No
GS10659,GS5658 VPA 18: Water is Life Madagascar,GOLD,Gold Standard Certified Project,Household & Community,Clean Water,Reduction,Sub-Saharan Africa,Madagascar,Madaprojects Srl SB,2019.0,9875.0,5.01,BB,No,No
GS10663,GS1247 VPA 231 Sierra Leone Safe Water,GOLD,Gold Standard Certified Project,Household & Community,Community Boreholes,Reduction,Sub-Saharan Africa,Sierra Leone,CO2balance UK ltd,2022.0,3898.0,10.03,BBB,No,No
GS10664,GS1247 VPA 232 Sierra Leone Safe Water,GOLD,Gold Standard Certified Project,Household & Community,Community Boreholes,Reduction,Sub-Saharan Africa,Sierra Leone,CO2balance UK ltd,2022.0,6389.0,6.08,BBB,No,No
GS10665,GS1247 VPA 233 Sierra Leone Safe Water,GOLD,Gold Standard Certified Project,Household & Community,Community Boreholes,Reduction,Sub-Saharan Africa,Sierra Leone,CO2balance UK ltd,2022.0,3546.0,7.61,BB,No,No
GS10710,Promotion of clean cooking solutions in rural India by Infosys – VPA 1,GOLD,Gold Standard Certified Project,Household & Community,Biodigesters,Reduction,Southern Asia,India,Infosys,2020.0,89237.0,8.07,B,No,No
GS10712,MIVO Energie - Enabling LPG access for cooking in Togo,GOLD,Gold Standard Certified Project,Household & Community,Cookstoves,Reduction,Sub-Saharan Africa,Togo,Entrepreneurs du Monde,2020.0,157468.0,6.84,,No,No
GS10716,Improved cook stoves and sustainable charcoal initiative CPA 1,GOLD,Gold Standard Certified Project,Household & Community,Cookstoves,Reduction,Southern Asia,India,atmosfair gGmbH,2020.0,1414244.0,5.76,BB,No,No
GS10718,Zaidi Bomba Maji Arusha,GOLD,Gold Standard Certified Project,Household & Community,Clean Water,Reduction,Sub-Saharan Africa,Tanzania,Anthesis B.V.,2019.0,22829.0,5.9,B,No,No
GS10725,GS1247 VPA 246 Kaliro Safe Water,GOLD,Gold Standard Certified Project,Household & Community,Community Boreholes,Reduction,Sub-Saharan Africa,Uganda,CO2balance UK ltd,2020.0,16870.0,6.02,BB,No,No
GS10726,GS1247 VPA 247 Kaliro Safe Water,GOLD,Gold Standard Certified Project,Household & Community,Community Boreholes,Reduction,Sub-Saharan Africa,Uganda,CO2balance UK ltd,2020.0,19727.0,7.28,AA,No,No
GS10735,GS1247 VPA 256 Northern Ethiopia Community Safe Water,GOLD,Gold Standard Certified Project,Household & Community,Clean Water,Reduction,Sub-Saharan Africa,Ethiopia,CO2balance UK ltd,2020.0,25242.0,9.66,,No,No
GS10736,GS1247 VPA 257 Northern Ethiopia Community Protected Springs,GOLD,Gold Standard Certified Project,Household & Community,Clean Water,Reduction,Sub-Saharan Africa,Ethiopia,CO2balance UK ltd,2020.0,28934.0,8.89,CCC,No,No
GS10737,GS1247 VPA 258 Northern Ethiopia Community Protected Springs,GOLD,Gold Standard Certified Project,Household & Community,Clean Water,Reduction,Sub-Saharan Africa,Ethiopia,CO2balance UK ltd,2021.0,14187.0,13.63,BBB,No,No
GS10738,WADI - Innovation for Safe Water and Climate in Uganda,GOLD,Gold Standard Certified Project,Household & Community,Clean Water,Reduction,Sub-Saharan Africa,Uganda,myclimate Foundation,2020.0,11165.0,4.97,B,No,No
GS10739,Nepal Biogas Support Program-CPA 10: 10589 digesters,GOLD,Gold Standard Certified Project,Household & Community,Biodigesters,Reduction,Southern Asia,Nepal,Alternative Energy Promotion Centre,2020.0,20793.0,15.68,BBB,No,No
GS10740,GS5047 VPA47 African Improved Cookstoves and Clean Water Programme: Gishwati – Mukura Forest Conservation Project I,GOLD,Gold Standard Certified Project,Household & Community,Cookstoves,Reduction,Sub-Saharan Africa,Rwanda,Likano Project Development GmbH,2021.0,20810.0,11.38,BBB,No,No
GS10741,GS5047 VPA48 African Improved Cookstoves and Clean Water Programme: Gishwati – Mukura Forest Conservation Project II,GOLD,Gold Standard Certified Project,Household & Community,Cookstoves,Reduction,Sub-Saharan Africa,Rwanda,Likano Project Development GmbH,2021.0,14986.0,12.01,BBB,No,No
GS10742,GS5047 VPA49 African Improved Cookstoves and Clean Water Programme: Gishwati – Mukura Forest Conservation Project III,GOLD,Gold Standard Certified Project,Household & Community,Cookstoves,Reduction,Sub-Saharan Africa,Rwanda,Likano Project Development GmbH,2021.0,18657.0,9.73,A,No,No
GS10776,GS5658 VPA 21: Access to energy for local development and women's empowerment in Cabo Delgado Province Mozambique,GOLD,Gold Standard Certified Project,Household & Community,Cookstoves,Reduction,Sub-Saharan Africa,Mozambique,Carbonsink (Carbonsink Group S.r.l.),2020.0,1150.0,9.24,B,No,No
GS10777,GS5658 VPA 22: Production and sale of efficient cookstoves in the urban areas of Maputo Province,GOLD,Gold Standard Certified Project,Household & Community,Cookstoves,Reduction,Sub-Saharan Africa,Mozambique,Carbonsink (Carbonsink Group S.r.l.),2020.0,7114.0,10.07,CCC,No,No
GS10778,GS1340 Efficient cookstoves in Burkina Faso - VPA-14 - Improved Cookstove F3PA project in Nahouri,GOLD,Gold Standard Certified Project,Household & Community,Cookstoves,Reduction,Sub-Saharan Africa,Burkina Faso,Tiipaalga,2020.0,1008.0,10.61,BB,No,No
GS10779,GS1340 Efficient cookstoves in Burkina Faso - VPA-15 - Improved Cookstove F3PA project in Nahouri,GOLD,Gold Standard Certified Project,Household & Community,Cookstoves,Reduction,Sub-Saharan Africa,Burkina Faso,Tiipaalga,2020.0,4096.0,8.26,A,No,No
GS10780,GS1340 Efficient cookstoves in Burkina Faso - VPA-16 - Improved Cookstove F3PA project in Nahouri,GOLD,Gold Standard Certified Project,Household & Community,Cookstoves,Reduction,Sub-Saharan Africa,Burkina Faso,Tiipaalga,2020.0,7276.0,7.96,B,No,No
GS10782,Household biogas plants in rural parts of Central India,GOLD,Gold Standard Certified Project,Household & Community,Biodigesters,Reduction,Southern Asia,India,Value Network Ventures Pte. Ltd.,2019.0,71938.0,7.37,BBB,No,No
GS10783,GS5658 VPA 23: Water is Life Madagascar,GOLD,Gold Standard Certified Project,Household & Community,Clean Water,Reduction,Sub-Saharan Africa,Madagascar,Madaprojects Srl SB,2020.0,7328.0,6.9,A,No,No
GS10784,GS5658 VPA 24: Water is Life Madagascar,GOLD,Gold Standard Certified Project,Household & Community,Clean Water,Reduction,Sub-Saharan Africa,Madagascar,Madaprojects Srl SB,2020.0,6986.0,5.8,A,No,No
GS10788,Sustainable Market Development of Improved cooking in rural Nepal by Practical Action,GOLD,Gold Standard Certified Project,Household & Community,Cookstoves,Reduction,Southern Asia,Nepal,Value Network Ventures Pte. Ltd.,2019.0,34311.0,7.55,BB,No,No
GS10790,GS10789 VPA1: Efficient and Clean Cooking for households in Somalia,GOLD,Gold Standard Certified Project,Household & Community,Cookstoves,Reduction,Sub-Saharan Africa,Somalia,ECOA Climate Capital,2019.0,1414229.0,8.64,CCC,No,No
GS10791,GS10789 VPA2: Efficient and Clean Cooking for households in Kenya,GOLD,Gold Standard Certified Project,Household & Community,Cookstoves,Reduction,Sub-Saharan Africa,Kenya,ABLE IMPACT,2021.0,1104114.0,11.83,BBB,No,No
GS10792,GS10789 VPA3: Efficient and Clean Cooking for households in Kenya,GOLD,Gold Standard Certified Project,Household & Community,Cookstoves,Reduction,Sub-Saharan Africa,Kenya,ECC- Talanton Trust,2021.0,423139.0,8.53,CCC,No,No
GS10793,Kodeni Solar,GOLD,Gold Standard Certified Project,Renewable Energy,Solar - Centralized,Reduction,Sub-Saharan Africa,Burkina Faso,AERA Group,2023.0,74836.0,1.75,CCC,No,No
GS10794,Hoa Binh 1 Wind Power Project,GOLD,Gold Standard Certified Project,Renewable Energy,Wind,Reduction,South-Eastern Asia,Viet Nam,South Pole Ltd SCV,2021.0,27523.0,1.9,CCC,No,No
GS10797,Himalayan Rocket Stove Project in India,GOLD,Gold Standard Certified Project,Household & Community,Cookstoves,Reduction,Southern Asia,India,South Pole Ltd SCV,2021.0,32353.0,8.96,CCC,No,No
GS10798,Wind Power Project At Sea – No.5 Wind Power Plant Thanh Hai 1-4,GOLD,Gold Standard Certified Project,Renewable Energy,Wind,Reduction,South-Eastern Asia,Viet Nam,South Pole Ltd SCV,2021.0,147691.0,1.52,BB,No,No
GS10799,GS1247 VPA 259 Improved Kitchen Regimes Multi-Country PoA - Dowa Boreholes Malawi,GOLD,Gold Standard Certified Project,Household & Community,Community Boreholes,Reduction,Sub-Saharan Africa,Malawi,CO2balance UK ltd,2019.0,16292.0,7.23,,No,No
GS10800,GS1247 VPA 260 Improved Kitchen Regimes Multi-Country PoA - Dowa Boreholes Malawi,GOLD,Gold Standard Certified Project,Household & Community,Community Boreholes,Reduction,Sub-Saharan Africa,Malawi,CO2balance UK ltd,2019.0,18810.0,6.35,BBB,No,No
GS10801,GS1247 VPA 261 Improved Kitchen Regimes Multi-Country PoA - Dowa Boreholes Malawi,GOLD,Gold Standard Certified Project,Household & Community,Community Boreholes,Reduction,Sub-Saharan Africa,Malawi,CO2balance UK ltd,2019.0,15869.0,5.06,B,No,No
GS10802,GS1247 VPA 262 Improved Kitchen Regimes Multi-Country PoA - Dowa Boreholes Malawi,GOLD,Gold Standard Certified Project,Household & Community,Community Boreholes,Reduction,Sub-Saharan Africa,Malawi,CO2balance UK ltd,2019.0,15116.0,4.28,BBB,No,No
GS10803,GS1247 VPA 263 Improved Kitchen Regimes Multi-Country PoA - Dowa Boreholes Malawi,GOLD,Gold Standard Certified Project,Household & Community,Community Boreholes,Reduction,Sub-Saharan Africa,Malawi,CO2balance UK ltd,2019.0,14280.0,5.22,,No,No
GS10804,GS1247 VPA 264 Improved Kitchen Regimes Multi-Country PoA - Dowa Boreholes Malawi,GOLD,Gold Standard Certified Project,Household & Community,Community Boreholes,Reduction,Sub-Saharan Africa,Malawi,CO2balance UK ltd,2019.0,17527.0,8.09,BB,No,No
GS10805,GS1247 VPA 265 Improved Kitchen Regimes Multi-Country PoA - Dowa Boreholes Malawi,GOLD,Gold Standard Certified Project,Household & Community,Community Boreholes,Reduction,Sub-Saharan Africa,Malawi,CO2balance UK ltd,2019.0,15744.0,7.42,,No,No
GS10806,GS5658 VPA 25: Promoting energy efficiency & clean cooking in Pemba,GOLD,Gold Standard Certified Project,Household & Community,Bundled Energy Efficiency,Reduction,Sub-Saharan Africa,Mozambique,Carbonsink (Carbonsink Group S.r.l.),2020.0,19337.0,4.09,B,No,No
GS10807,GS5658 VPA 26: Promoting energy efficiency & clean cooking in Pemba,GOLD,Gold Standard Certified Project,Household & Community,Bundled Energy Efficiency,Reduction,Sub-Saharan Africa,Mozambique,Carbonsink (Carbonsink Group S.r.l.),2020.0,16438.0,4.34,,No,No
GS10808,Grid-connected Solar PV project in Kahone,GOLD,Gold Standard Certified Project,Renewable Energy,Solar - Centralized,Reduction,Sub-Saharan Africa,Senegal,AERA Group,2021.0,82260.0,1.84,CCC,No,No
GS10809,Grid-connected Solar PV project in Kael,GOLD,Gold Standard Certified Project,Renewable Energy,Solar - Centralized,Reduction,Sub-Saharan Africa,Senegal,AERA Group,2021.0,62811.0,2.16,,No,No
GS10810,Biogas Support Program – Nepal (BSP-Nepal) Activity-1,GOLD,Gold Standard Certified Project,Household & Community,Biodigesters,Reduction,Southern Asia,Nepal,Alternative Energy Promotion Centre,2018.0,67282.0,6.36,B,No,No
GS10811,Biogas Support Program – Nepal (BSP-Nepal) Activity-2,GOLD,Gold Standard Certified Project,Household & Community,Biodigesters,Reduction,Southern Asia,Nepal,Alternative Energy Promotion Centre,2018.0,57614.0,9.24,CCC,No,No
GS10812,Biogas Support Program – Nepal Activity-3,GOLD,Gold Standard Certified Project,Household & Community,Biodigesters,Reduction,Southern Asia,Nepal,Alternative Energy Promotion Centre,2018.0,213225.0,8.94,A,No,No
GS10813,Biogas Support Program – Nepal Activity-4,GOLD,Gold Standard Certified Project,Household & Community,Biodigesters,Reduction,Southern Asia,Nepal,Alternative Energy Promotion Centre,2018.0,200997.0,9.98,B,No,No
GS10821,GS10818 - Dissemination of Improved Cookstoves in India by Greenway - Dissemination of Improved Cookstoves in Karnataka by Greenway - VPA001,GOLD,Gold Standard Certified Project,Household & Community,Bundled Energy Efficiency,Reduction,Southern Asia,India,Greenway Grameen Infra Private Limited,2020.0,3196.0,3.51,CCC,No,No
GS10823,Solar Drip Irrigation for Smallholder Farmers in Morocco,GOLD,Gold Standard Certified Project,Renewable Energy,Solar - Distributed,Reduction,Northern Africa,Morocco,atmosfair gGmbH,2020.0,5222.0,3.0,CCC,No,No
GS10825,GS10818 - Dissemination of Improved Cookstoves in India by Greenway - Dissemination of Improved Cookstoves in Karnataka by Greenway - VPA002,GOLD,Gold Standard Certified Project,Household & Community,Cookstoves,Reduction,Southern Asia,India,Greenway Grameen Infra Private Limited,2020.0,20742.0,8.51,CCC,No,No
GS10826,GS5047 VPA50 African Improved Cookstoves and Clean Water Programme: Ibanda – Makera Forest Cook Stove Project I,GOLD,Gold Standard Certified Project,Household & Community,Cookstoves,Reduction,Sub-Saharan Africa,Rwanda,Likano Project Development GmbH,2020.0,9547.0,11.81,,No,No
GS10832,Implementation and operation of Food & Energy Systems in Madagascar,GOLD,Gold Standard Certified Project,Renewable Energy,RE Bundled,Reduction,Sub-Saharan Africa,Madagascar,atmosfair gGmbH,2020.0,1240.0,2.28,BBB,No,No
GS10866,GS1729 Myanmar Stoves Campaign - Soneva in Myanmar - VPA No. 017,GOLD,Gold Standard Certified Project,Household & Community,Cookstoves,Reduction,South-Eastern Asia,Myanmar,Soneva Foundation,2020.0,13541.0,10.31,BBB,No,No
GS10869,Nagreongo solar PV,GOLD,Gold Standard Certified Project,Renewable Energy,Solar - Centralized,Reduction,Sub-Saharan Africa,Burkina Faso,AERA Group,2022.0,44878.0,2.0,CCC,No,No
GS10872,GS5658 VPA 29: Improved Cookstoves for Environmental Conservation in Southern Ethiopia,GOLD,Gold Standard Certified Project,Household & Community,Cookstoves,Reduction,Sub-Saharan Africa,Ethiopia,Carbonsink (Carbonsink Group S.r.l.),2020.0,6113.0,6.45,,No,No
GS10873,GS5658 VPA 30: Improved Cookstoves for Environmental Conservation in Southern Ethiopia,GOLD,Gold Standard Certified Project,Household & Community,Cookstoves,Reduction,Sub-Saharan Africa,Ethiopia,Carbonsink (Carbonsink Group S.r.l.),2020.0,6870.0,7.63,CCC,No,No
GS10878,"ALUMINUM RECYCLING – A SOLUTION FOR CO2 EMISSION REDUCTION BY AS METAL ROMANIA""",GOLD,Gold Standard Certified Project,Waste Management,Waste Recycling,Reduction,Eastern Europe,Romania,AS Metal Com SRL,2022.0,99131.0,4.93,AA,No,No
GS10879,Orb Energy Solar Program In India - VPA06,GOLD,Gold Standard Certified Project,Renewable Energy,Solar - Distributed,Reduction,Southern Asia,India,Orb Energy Private Limited,2020.0,60581.0,2.57,,No,No
GS10885,GS10884 - KOKO Kenya - Ethanol Cookstoves Program - CPA-0001,GOLD,Gold Standard Certified Project,Household & Community,Cookstoves,Reduction,Sub-Saharan Africa,Kenya,KOKO Network limited,2021.0,263867.0,12.73,,No,No
GS10886,"""Commonland African Improved Cookstove Programme – VPA 01 (Peace Parks and Simalaha Community Conservancy)""",GOLD,Gold Standard Certified Project,Household & Community,Cookstoves,Reduction,Sub-Saharan Africa,Zambia,Commonland B.V.,2020.0,34000.0,10.31,BBB,No,No
GS10887,AVN08-S-01 Methane Recovery and Biogas Utilization Project Nghe An Province Vietna,GOLD,Gold Standard Certified Project,Waste Management,Methane Recovery in Wastewater,Reduction,South-Eastern Asia,Viet Nam,AGASCO Limited,2021.0,15515.0,5.16,BBB,No,No
GS10888,Methane Recovery and Biogas Utilization Project Yen Bai Province Vietnam,GOLD,Gold Standard Certified Project,Waste Management,Methane Recovery in Wastewater,Reduction,South-Eastern Asia,Viet Nam,AGASCO Limited,2021.0,14825.0,7.71,A,No,No
GS10889,Methane Recovery and Biogas Utilization Project Lao Cai Province Vietnam,GOLD,Gold Standard Certified Project,Waste Management,Methane Recovery in Wastewater,Reduction,South-Eastern Asia,Viet Nam,AGASCO Limited,2021.0,45124.0,6.97,AA,No,No
GS10890,Methane Recovery and Biogas Utilization Project Quang Tri Province Vietnam,GOLD,Gold Standard Certified Project,Waste Management,Methane Recovery in Wastewater,Reduction,South-Eastern Asia,Viet Nam,AGASCO Limited,2021.0,58005.0,6.86,BBB,No,No
GS10897,Rwanda Kamonyi District Clean Water Project I,GOLD,Gold Standard Certified Project,Household & Community,Community Boreholes,Reduction,Sub-Saharan Africa,Rwanda,Guangzhou Iceberg Environmental Consulting Services Co. Ltd.,2021.0,8622.0,7.12,AA,No,No
GS10899,Up Energy Improved Cookstoves Programme Uganda – CPA No 001,GOLD,Gold Standard Certified Project,Household & Community,Cookstoves,Reduction,Sub-Saharan Africa,Uganda,UpEnergy Group,2021.0,4287.0,6.82,CCC,No,No
GS10900,Up Energy Improved Cookstoves Programme Uganda – CPA No 002,GOLD,Gold Standard Certified Project,Household & Community,Cookstoves,Reduction,Sub-Saharan Africa,Uganda,UpEnergy Group,2021.0,32670.0,6.78,BB,No,No
GS10901,Up Energy Improved Cookstoves Programme Uganda – CPA No 003,GOLD,Gold Standard Certified Project,Household & Community,Cookstoves,Reduction,Sub-Saharan Africa,Uganda,UpEnergy Group,2021.0,37124.0,9.0,BBB,No,No
GS10902,Up Energy Improved Cookstoves Programme Uganda – CPA No 004,GOLD,Gold Standard Certified Project,Household & Community,Cookstoves,Reduction,Sub-Saharan Africa,Uganda,UpEnergy Group,2021.0,22718.0,6.88,BB,No,No
GS10903,Up Energy Improved Cookstoves Programme Uganda – CPA No 005,GOLD,Gold Standard Certified Project,Household & Community,Cookstoves,Reduction,Sub-Saharan Africa,Uganda,UpEnergy Group,2020.0,116500.0,7.92,BB,No,No
GS10904,Up Energy Improved Cookstoves Programme Uganda – CPA No 006,GOLD,Gold Standard Certified Project,Household & Community,Cookstoves,Reduction,Sub-Saharan Africa,Uganda,UpEnergy Group,2020.0,132437.0,6.52,B,No,No
GS10905,Up Energy Improved Cookstoves Programme Uganda – CPA No 007,GOLD,Gold Standard Certified Project,Household & Community,Cookstoves,Reduction,Sub-Saharan Africa,Uganda,UpEnergy Group,2020.0,90907.0,8.23,BBB,No,No
GS10906,Up Energy Improved Cookstoves Programme Uganda – CPA No 008,GOLD,Gold Standard Certified Project,Household & Community,Cookstoves,Reduction,Sub-Saharan Africa,Uganda,UpEnergy Group,2020.0,140391.0,8.8,BB,No,No
GS10907,Up Energy Improved Cookstoves Programme Uganda – CPA No 009,GOLD,Gold Standard Certified Project,Household & Community,Cookstoves,Reduction,Sub-Saharan Africa,Uganda,UpEnergy Group,2020.0,124495.0,7.82,CCC,No,No
GS10908,Up Energy Improved Cookstoves Programme Uganda – CPA No 010,GOLD,Gold Standard Certified Project,Household & Community,Cookstoves,Reduction,Sub-Saharan Africa,Uganda,UpEnergy Group,2020.0,129510.0,9.68,BB,No,No
GS10909,Up Energy Improved Cookstoves Programme Uganda – CPA No 011,GOLD,Gold Standard Certified Project,Household & Community,Cookstoves,Reduction,Sub-Saharan Africa,Uganda,UpEnergy Group,2020.0,101705.0,9.28,CCC,No,No
GS10910,Up Energy Improved Cookstoves Programme Uganda – CPA No 012,GOLD,Gold Standard Certified Project,Household & Community,Cookstoves,Reduction,Sub-Saharan Africa,Uganda,UpEnergy Group,2020.0,105895.0,10.19,B,No,No
GS10911,Up Energy Improved Cookstoves Programme Uganda – CPA No 013,GOLD,Gold Standard Certified Project,Household & Community,Cookstoves,Reduction,Sub-Saharan Africa,Uganda,UpEnergy Group,2020.0,92009.0,9.48,B,No,No
GS10912,Up Energy Improved Cookstoves Programme Uganda – CPA No 014,GOLD,Gold Standard Certified Project,Household & Community,Cookstoves,Reduction,Sub-Saharan Africa,Uganda,UpEnergy Group,2020.0,91994.0,10.65,B,No,No
GS10913,Up Energy Improved Cookstoves Programme Uganda – CPA No 015,GOLD,Gold Standard Certified Project,Household & Community,Cookstoves,Reduction,Sub-Saharan Africa,Uganda,UpEnergy Group,2020.0,104899.0,7.74,,No,No
GS10914,Up Energy Improved Cookstoves Programme Uganda – CPA No 016,GOLD,Gold Standard Certified Project,Household & Community,Cookstoves,Reduction,Sub-Saharan Africa,Uganda,UpEnergy Group,2020.0,107551.0,9.51,CCC,No,No
GS10915,Up Energy Improved Cookstoves Programme Uganda – CPA No 017,GOLD,Gold Standard Certified Project,Household & Community,Cookstoves,Reduction,Sub-Saharan Africa,Uganda,UpEnergy Group,2020.0,74045.0,9.09,B,No,No
GS10916,Up Energy Improved Cookstoves Programme Uganda – CPA No 018,GOLD,Gold Standard Certified Project,Household & Community,Cookstoves,Reduction,Sub-Saharan Africa,Uganda,UpEnergy Group,2020.0,74045.0,10.1,BB,No,No
GS10917,Up Energy Improved Cookstoves Programme Uganda – CPA No 019,GOLD,Gold Standard Certified Project,Household & Community,Cookstoves,Reduction,Sub-Saharan Africa,Uganda,UpEnergy Group,2020.0,97473.0,9.19,BB,No,No
GS10918,Up Energy Improved Cookstoves Programme Uganda – CPA No 020,GOLD,Gold Standard Certified Project,Household & Community,Cookstoves,Reduction,Sub-Saharan Africa,Uganda,UpEnergy Group,2020.0,69751.0,8.33,CCC,No,No
GS10919,Up Energy Improved Cookstoves Programme Uganda – CPA No 021,GOLD,Gold Standard Certified Project,Household & Community,Cookstoves,Reduction,Sub-Saharan Africa,Uganda,UpEnergy Group,2020.0,30167.0,10.12,B,No,No
GS10920,Up Energy Improved Cookstoves Programme Uganda – CPA No 022,GOLD,Gold Standard Certified Project,Household & Community,Cookstoves,Reduction,Sub-Saharan Africa,Uganda,UpEnergy Group,2020.0,30445.0,5.95,B,No,No
GS10921,Up Energy Improved Cookstoves Programme Uganda – CPA No 023,GOLD,Gold Standard Certified Project,Household & Community,Cookstoves,Reduction,Sub-Saharan Africa,Uganda,UpEnergy Group,2020.0,34664.0,6.68,BB,No,No
GS10922,GS1340 - Efficient cookstoves in Burkina Faso – tiipaalga F3PA cookstoves in Center-South Protected Areas - VPA-18,GOLD,Gold Standard Certified Project,Household & Community,Cookstoves,Reduction,Sub-Saharan Africa,Burkina Faso,Tiipaalga,2021.0,13520.0,6.99,BBB,No,No
GS10923,GS1340 - Efficient cookstoves in Burkina Faso – tiipaalga F3PA cookstoves in Center-South Protected Areas - VPA-19,GOLD,Gold Standard Certified Project,Household & Community,Cookstoves,Reduction,Sub-Saharan Africa,Burkina Faso,Tiipaalga,2021.0,13996.0,10.93,B,No,No
GS10924,GS1340 - Efficient cookstoves in Burkina Faso – tiipaalga F3PA cookstoves in Center-South Protected Areas - VPA-20,GOLD,Gold Standard Certified Project,Household & Community,Cookstoves,Reduction,Sub-Saharan Africa,Burkina Faso,Tiipaalga,2021.0,19040.0,8.51,BBB,No,No
GS10925,GS1340 - Efficient cookstoves in Burkina Faso – tiipaalga F3PA cookstoves in Center-South Protected Areas - VPA-21,GOLD,Gold Standard Certified Project,Household & Community,Cookstoves,Reduction,Sub-Saharan Africa,Burkina Faso,Tiipaalga,2022.0,18147.0,11.58,A,No,No
GS10926,GS1340 - Efficient cookstoves in Burkina Faso – tiipaalga F3PA cookstoves in Center-South Protected Areas - VPA-22,GOLD,Gold Standard Certified Project,Household & Community,Cookstoves,Reduction,Sub-Saharan Africa,Burkina Faso,Tiipaalga,2022.0,18363.0,15.18,,No,No
GS10927,GS1340 - Efficient cookstoves in Burkina Faso – tiipaalga F3PA cookstoves in Center-South Protected Areas - VPA-23,GOLD,Gold Standard Certified Project,Household & Community,Cookstoves,Reduction,Sub-Saharan Africa,Burkina Faso,Tiipaalga,2023.0,4836.0,12.09,BB,No,No
GS10928,GS1340 - Efficient cookstoves in Burkina Faso – tiipaalga F3PA cookstoves in Center-South Protected Areas - VPA-24,GOLD,Gold Standard Certified Project,Household & Community,Cookstoves,Reduction,Sub-Saharan Africa,Burkina Faso,Tiipaalga,2023.0,3754.0,6.21,BB,No,No
GS10967,Community Carbon Efficient Cooking Programme-VPA1,GOLD,Gold Standard Certified Project,Household & Community,Cookstoves,Reduction,Sub-Saharan Africa,Uganda,Community Carbon,2021.0,599150.0,7.88,A,No,No
GS10968,Community Carbon Safe Water Drinking Programme-VPA2,GOLD,Gold Standard Certified Project,Household & Community,Clean Water,Reduction,Sub-Saharan Africa,Uganda,Community Carbon,2021.0,60655.0,9.28,BBB,No,No
GS10970,UpEnergy-Social and Climate Impact Programme- Cooking Devices VPA-4,GOLD,Gold Standard Certified Project,Household & Community,Cookstoves,Reduction,Sub-Saharan Africa,Malawi,UpEnergy Group,2021.0,128553.0,8.79,B,No,No
GS10974,"Improved Cooking Stoves in Bangladesh – CPA No.12 ""SZ Consultancy Services Ltd.""",GOLD,Gold Standard Certified Project,Household & Community,Cookstoves,Reduction,Southern Asia,Bangladesh,Bangladesh Bondhu Foundation,2018.0,178010.0,11.35,BBB,No,No
GS10975,Hoa Binh 1 – Phase 2 Wind Power Project,GOLD,Gold Standard Certified Project,Renewable Energy,Wind,Reduction,South-Eastern Asia,Viet Nam,South Pole Ltd SCV,2021.0,96827.0,3.8,B,No,No
GS10976,"Improved Cooking Stoves in Bangladesh – CPA No.13 ""SZ Consultancy Services Ltd.""",GOLD,Gold Standard Certified Project,Household & Community,Cookstoves,Reduction,Southern Asia,Bangladesh,Bangladesh Bondhu Foundation,2018.0,152926.0,7.23,B,No,No
GS10977,"Improved Cooking Stoves in Bangladesh – CPA No.14 ""SZ Consultancy Services Ltd.""",GOLD,Gold Standard Certified Project,Household & Community,Cookstoves,Reduction,Southern Asia,Bangladesh,Bangladesh Bondhu Foundation,2018.0,178975.0,14.45,B,No,No
GS10978,"Improved Cooking Stoves in Bangladesh – CPA No.15 ""SZ Consultancy Services Ltd.""",GOLD,Gold Standard Certified Project,Household & Community,Cookstoves,Reduction,Southern Asia,Bangladesh,Bangladesh Bondhu Foundation,2018.0,182055.0,8.12,BB,No,No
GS10979,"Improved Cooking Stoves in Bangladesh – CPA No.16 ""SZ Consultancy Services Ltd.""",GOLD,Gold Standard Certified Project,Household & Community,Cookstoves,Reduction,Southern Asia,Bangladesh,Bangladesh Bondhu Foundation,2018.0,175711.0,8.86,A,No,No
GS10980,"Improved Cooking Stoves in Bangladesh – CPA No.17 ""SZ Consultancy Services Ltd.""",GOLD,Gold Standard Certified Project,Household & Community,Cookstoves,Reduction,Southern Asia,Bangladesh,Bangladesh Bondhu Foundation,2018.0,203764.0,10.47,CCC,No,No
GS10981,"Improved Cooking Stoves in Bangladesh – CPA No.18 ""SZ Consultancy Services Ltd.""",GOLD,Gold Standard Certified Project,Household & Community,Cookstoves,Reduction,Southern Asia,Bangladesh,Bangladesh Bondhu Foundation,2018.0,199573.0,19.04,B,No,No
GS10982,"Improved Cooking Stoves in Bangladesh – CPA No.19 ""SZ Consultancy Services Ltd.""",GOLD,Gold Standard Certified Project,Household & Community,Cookstoves,Reduction,Southern Asia,Bangladesh,Bangladesh Bondhu Foundation,2018.0,108764.0,8.34,,No,No
GS10987,GivePower Kenya Solar Water Farms,GOLD,Gold Standard Certified Project,Household & Community,Clean Water,Reduction,Sub-Saharan Africa,Kenya,CO2balance UK ltd,2020.0,38878.0,11.01,BBB,No,No
GS10988,GS5658 VPA 31: Improved Cookstoves for Environmental Conservation in Southern Ethiopia,GOLD,Gold Standard Certified Project,Household & Community,Cookstoves,Reduction,Sub-Saharan Africa,Ethiopia,Carbonsink (Carbonsink Group S.r.l.),2021.0,7476.0,9.9,,No,No
GS10989,GS5658 VPA 32: Improved Cookstoves for Environmental Conservation in Southern Ethiopia,GOLD,Gold Standard Certified Project,Household & Community,Cookstoves,Reduction,Sub-Saharan Africa,Ethiopia,Carbonsink (Carbonsink Group S.r.l.),2021.0,7578.0,8.57,CCC,No,No
GS10992,GS5047 VPA61 African Improved Cookstoves and Clean Water Programme: Ibanda – Makera Forest Cook Stove Project VI,GOLD,Gold Standard Certified Project,Household & Community,Bundled Energy Efficiency,Reduction,Sub-Saharan Africa,Rwanda,Likano Project Development GmbH,2022.0,7217.0,5.1,,No,No
GS10993,GS5047 VPA62 African Improved Cookstoves and Clean Water Programme: Ibanda – Makera Forest Cook Stove Project VII,GOLD,Gold Standard Certified Project,Household & Community,Bundled Energy Efficiency,Reduction,Sub-Saharan Africa,Rwanda,Likano Project Development GmbH,2022.0,3695.0,3.88,AA,No,No
GS11007,UpEnergy – Social and Climate Impact Programme-Cooking Devices VPA-6,GOLD,Gold Standard Certified Project,Household & Community,Cookstoves,Reduction,Sub-Saharan Africa,Zambia,UpEnergy Group,2022.0,140572.0,9.07,B,No,No
GS11010,GS7591 VPA 37 Zambia Western Province Safe Water Project,GOLD,Gold Standard Certified Project,Household & Community,Clean Water,Reduction,Sub-Saharan Africa,Zambia,CO2balance UK ltd,2020.0,59606.0,5.46,BBB,No,No
GS11011,GS7591 VPA 38 Zambia Western Province Safe Water Project,GOLD,Gold Standard Certified Project,Household & Community,Clean Water,Reduction,Sub-Saharan Africa,Zambia,CO2balance UK ltd,2022.0,47736.0,9.55,BBB,No,No
GS11012,GS5047 VPA76 African Improved Cookstoves and Clean Water Programme: Gishwati – Mukura Forest Conservation Project IV,GOLD,Gold Standard Certified Project,Household & Community,Bundled Energy Efficiency,Reduction,Sub-Saharan Africa,Rwanda,Likano Project Development GmbH,2022.0,14825.0,3.62,AA,No,No
GS11013,GS5047 VPA77 African Improved Cookstoves and Clean Water Programme: Gishwati – Mukura Forest Conservation Project V,GOLD,Gold Standard Certified Project,Household & Community,Bundled Energy Efficiency,Reduction,Sub-Saharan Africa,Rwanda,Likano Project Development GmbH,2022.0,10198.0,4.6,,No,No
GS11014,GS5047 VPA78 African Improved Cookstoves and Clean Water Programme: Gishwati – Mukura Forest Conservation Project VI,GOLD,Gold Standard Certified Project,Household & Community,Bundled Energy Efficiency,Reduction,Sub-Saharan Africa,Rwanda,Likano Project Development GmbH,2022.0,10198.0,3.33,AAA,No,No
GS11015,GS5047 VPA79 African Improved Cookstoves and Clean Water Programme: Gishwati – Mukura Forest Conservation Project VII,GOLD,Gold Standard Certified Project,Household & Community,Bundled Energy Efficiency,Reduction,Sub-Saharan Africa,Rwanda,Likano Project Development GmbH,2022.0,10198.0,3.82,,No,No
GS11016,GS5047 VPA80 African Improved Cookstoves and Clean Water Programme: Gishwati – Mukura Forest Conservation Project VIII,GOLD,Gold Standard Certified Project,Household & Community,Bundled Energy Efficiency,Reduction,Sub-Saharan Africa,Rwanda,Likano Project Development GmbH,2022.0,10198.0,3.13,,No,No
GS11017,GS5047 VPA81 African Improved Cookstoves and Clean Water Programme: Gishwati – Mukura Forest Conservation Project IX,GOLD,Gold Standard Certified Project,Household & Community,Bundled Energy Efficiency,Reduction,Sub-Saharan Africa,Rwanda,Likano Project Development GmbH,2022.0,21490.0,4.55,AA,No,No
GS11018,GS5047 VPA82 African Improved Cookstoves and Clean Water Programme: Gishwati – Mukura Forest Conservation Project X,GOLD,Gold Standard Certified Project,Household & Community,Bundled Energy Efficiency,Reduction,Sub-Saharan Africa,Rwanda,Likano Project Development GmbH,2022.0,19987.0,3.82,AA,No,No
GS11019,GS5047 VPA83 African Improved Cookstoves and Clean Water Programme: Gishwati – Mukura Forest Conservation Project XI,GOLD,Gold Standard Certified Project,Household & Community,Bundled Energy Efficiency,Reduction,Sub-Saharan Africa,Rwanda,Likano Project Development GmbH,2022.0,18890.0,4.51,AA,No,No
GS11020,GS5047 VPA84 African Improved Cookstoves and Clean Water Programme: Gishwati – Mukura Forest Conservation Project XII,GOLD,Gold Standard Certified Project,Household & Community,Bundled Energy Efficiency,Reduction,Sub-Saharan Africa,Rwanda,Likano Project Development GmbH,2023.0,18749.0,6.17,AAA,No,No
GS11021,GS5047 VPA85 African Improved Cookstoves and Clean Water Programme: Gishwati – Mukura Forest Conservation Project XIII,GOLD,Gold Standard Certified Project,Household & Community,Bundled Energy Efficiency,Reduction,Sub-Saharan Africa,Rwanda,Likano Project Development GmbH,2023.0,16094.0,6.31,BB,No,No
GS11022,GS5047 VPA86 African Improved Cookstoves and Clean Water Programme: Gishwati – Mukura Forest Conservation Project XIV,GOLD,Gold Standard Certified Project,Household & Community,Bundled Energy Efficiency,Reduction,Sub-Saharan Africa,Rwanda,Likano Project Development GmbH,2023.0,15756.0,3.26,BBB,No,No
GS11023,GS5047 VPA87 African Improved Cookstoves and Clean Water Programme: Gishwati – Mukura Forest Conservation Project XV,GOLD,Gold Standard Certified Project,Household & Community,Bundled Energy Efficiency,Reduction,Sub-Saharan Africa,Rwanda,Likano Project Development GmbH,2023.0,14538.0,3.35,AAA,No,No
GS11024,GS5047 VPA89 African Improved Cookstoves and Clean Water Programme: Gishwati – Mukura Forest Conservation Project XVI,GOLD,Gold Standard Certified Project,Household & Community,Bundled Energy Efficiency,Reduction,Sub-Saharan Africa,Rwanda,Likano Project Development GmbH,2023.0,13987.0,5.31,BBB,No,No
GS11025,GS5047 VPA90 African Improved Cookstoves and Clean Water Programme: Gishwati – Mukura Forest Conservation Project XVII,GOLD,Gold Standard Certified Project,Household & Community,Bundled Energy Efficiency,Reduction,Sub-Saharan Africa,Rwanda,Likano Project Development GmbH,2023.0,12314.0,5.03,A,No,No
GS11026,GS5047 VPA91 African Improved Cookstoves and Clean Water Programme: Gishwati – Mukura Forest Conservation Project XVIII,GOLD,Gold Standard Certified Project,Household & Community,Bundled Energy Efficiency,Reduction,Sub-Saharan Africa,Rwanda,Likano Project Development GmbH,2023.0,6097.0,5.15,BBB,No,No
GS11029,GS5658 VPA 33: Access to energy for local development and women's empowerment in Cabo Delgado Province Mozambique,GOLD,Gold Standard Certified Project,Household & Community,Cookstoves,Reduction,Sub-Saharan Africa,Mozambique,Carbonsink (Carbonsink Group S.r.l.),2021.0,2610.0,9.37,BB,No,No
GS11041,"GS5658 VPA 34: ""Access to energy for local development and resilience building in Uganda""",GOLD,Gold Standard Certified Project,Household & Community,Cookstoves,Reduction,Sub-Saharan Africa,Uganda,Carbonsink (Carbonsink Group S.r.l.),2021.0,7016.0,10.41,CCC,No,No
GS11042,"GS5658 VPA 35: ""Access to energy for local development and resilience building in Uganda""",GOLD,Gold Standard Certified Project,Household & Community,Cookstoves,Reduction,Sub-Saharan Africa,Uganda,Carbonsink (Carbonsink Group S.r.l.),2021.0,1475.0,9.0,CCC,No,No
GS11043,"GS5658 VPA 36: ""Access to energy for local development and resilience building in Uganda""",GOLD,Gold Standard Certified Project,Household & Community,Cookstoves,Reduction,Sub-Saharan Africa,Uganda,Carbonsink (Carbonsink Group S.r.l.),2022.0,3248.0,10.22,,No,No
GS11044,"GS5658 VPA 37: ""Access to energy for local development and resilience building in Uganda""",GOLD,Gold Standard Certified Project,Household & Community,Cookstoves,Reduction,Sub-Saharan Africa,Uganda,Carbonsink (Carbonsink Group S.r.l.),2022.0,7032.0,8.61,CCC,No,No
GS11046,GS1247 VPA 266 - Burkina Faso Safe Water,GOLD,Gold Standard Certified Project,Household & Community,Community Boreholes,Reduction,Sub-Saharan Africa,Burkina Faso,CO2balance UK ltd,2022.0,12015.0,5.55,BBB,No,No
GS11047,GS1247 VPA 267 - Burkina Faso Safe Water,GOLD,Gold Standard Certified Project,Household & Community,Community Boreholes,Reduction,Sub-Saharan Africa,Burkina Faso,CO2balance UK ltd,2022.0,9484.0,7.46,BBB,No,No
GS11048,GS1247 VPA 268 - Burkina Faso Safe Water,GOLD,Gold Standard Certified Project,Household & Community,Community Boreholes,Reduction,Sub-Saharan Africa,Burkina Faso,CO2balance UK ltd,2022.0,11298.0,8.06,,No,No
GS11049,GS1247 VPA 269 - Burkina Faso Safe Water,GOLD,Gold Standard Certified Project,Household & Community,Community Boreholes,Reduction,Sub-Saharan Africa,Burkina Faso,CO2balance UK ltd,2022.0,11141.0,5.48,BBB,No,No
GS11050,GS1247 VPA 270 - Burkina Faso Safe Water,GOLD,Gold Standard Certified Project,Household & Community,Community Boreholes,Reduction,Sub-Saharan Africa,Burkina Faso,CO2balance UK ltd,2023.0,8360.0,10.58,BB,No,No
GS11051,GS1247 VPA 271 - Burkina Faso Safe Water,GOLD,Gold Standard Certified Project,Household & Community,Community Boreholes,Reduction,Sub-Saharan Africa,Burkina Faso,CO2balance UK ltd,2023.0,6568.0,9.19,BBB,No,No
GS11068,Enlightening lives by propagating Household biogas projects in India,GOLD,Gold Standard Certified Project,Household & Community,Biodigesters,Reduction,Southern Asia,India,Radheshyam Cottex,2020.0,80134.0,6.8,AAA,No,No
GS11070,GS1340 Efficient cookstoves in Burkina Faso – VPA-25 – Solidagro F3PA cookstoves in Passoré,GOLD,Gold Standard Certified Project,Household & Community,Cookstoves,Reduction,Sub-Saharan Africa,Burkina Faso,CO2logic,2021.0,5642.0,9.4,BBB,No,No
GS11071,GS1340 Efficient cookstoves in Burkina Faso – VPA-26 – Solidagro F3PA cookstoves in Passoré,GOLD,Gold Standard Certified Project,Household & Community,Cookstoves,Reduction,Sub-Saharan Africa,Burkina Faso,CO2logic,2021.0,10151.0,7.77,B,No,No
GS11072,GS1340 Efficient cookstoves in Burkina Faso – VPA-27 – Solidagro F3PA cookstoves in Passoré,GOLD,Gold Standard Certified Project,Household & Community,Cookstoves,Reduction,Sub-Saharan Africa,Burkina Faso,CO2logic,2022.0,10000.0,12.77,CCC,No,No
GS11073,GS1340 Efficient cookstoves in Burkina Faso – VPA-28 – Solidagro F3PA cookstoves in Passoré,GOLD,Gold Standard Certified Project,Household & Community,Cookstoves,Reduction,Sub-Saharan Africa,Burkina Faso,CO2logic,2022.0,10098.0,11.78,BB,No,No
GS11075,Solar water filtration units for rural areas in coastal Bangladesh,GOLD,Gold Standard Certified Project,Household & Community,Clean Water,Reduction,Southern Asia,Bangladesh,Value Network Ventures Pte. Ltd.,2022.0,463472.0,9.36,CCC,No,No
GS11083,GS1247 VPA 287 - Burkina Faso Safe Water,GOLD,Gold Standard Certified Project,Household & Community,Community Boreholes,Reduction,Sub-Saharan Africa,Burkina Faso,CO2balance UK ltd,2023.0,4744.0,7.26,A,No,No
GS11098,GS 10959 VPA01 Safe Water Project in Rwanda I,GOLD,Gold Standard Certified Project,Household & Community,Community Boreholes,Reduction,Sub-Saharan Africa,Rwanda,Iceberg Environment Pte. Ltd.,2021.0,212309.0,7.64,BB,No,No
GS11133,GS10959 VPA02 Safe Water Project in Rwanda II,GOLD,Gold Standard Certified Project,Household & Community,Community Boreholes,Reduction,Sub-Saharan Africa,Rwanda,Iceberg Environment Pte. Ltd.,2021.0,208129.0,8.09,,No,No
GS11134,GS10959 VPA03 Safe Water Project in Rwanda III,GOLD,Gold Standard Certified Project,Household & Community,Community Boreholes,Reduction,Sub-Saharan Africa,Rwanda,Iceberg Environment Pte. Ltd.,2021.0,221452.0,5.1,BB,No,No
GS11135,GS10959 VPA04 Safe Water Project in Rwanda IV,GOLD,Gold Standard Certified Project,Household & Community,Community Boreholes,Reduction,Sub-Saharan Africa,Rwanda,Iceberg Environment Pte. Ltd.,2022.0,197793.0,6.61,B,No,No
GS11136,GS10959 VPA05 Safe Water Project in Rwanda V,GOLD,Gold Standard Certified Project,Household & Community,Community Boreholes,Reduction,Sub-Saharan Africa,Rwanda,Iceberg Environment Pte. Ltd.,2021.0,230984.0,6.26,BB,No,No
GS11137,GS10959 VPA06 Safe Water Project in Rwanda VI,GOLD,Gold Standard Certified Project,Household & Community,Community Boreholes,Reduction,Sub-Saharan Africa,Rwanda,Iceberg Environment Pte. Ltd.,2022.0,217589.0,6.89,AA,No,No
GS11138,National Biodigester Programme Phase IV,GOLD,Gold Standard Certified Project,Household & Community,Biodigesters,Reduction,South-Eastern Asia,Cambodia,MAFF/National Biodigester Programme,2022.0,61000.0,12.99,A,No,No
GS11140,Improved biomass cookstoves for returnees in Burundi,GOLD,Gold Standard Certified Project,Household & Community,Cookstoves,Reduction,Sub-Saharan Africa,Burundi,AERA Group,2020.0,1623694.0,7.62,CCC,No,No
GS11145,TASC Clean Cooking PoA – VPA 1 (Zambia),GOLD,Gold Standard Certified Project,Household & Community,Cookstoves,Reduction,Sub-Saharan Africa,Zambia,THE AFRICAN STOVE COMPANY LIMITED,2020.0,960494.0,6.69,BB,No,No
GS11147,Energy Efficient Stoves Program - CPA1,GOLD,Gold Standard Certified Project,Household & Community,Cookstoves,Reduction,Sub-Saharan Africa,Ethiopia,World Vision Australia,2021.0,28171.0,7.0,B,No,No
GS11148,Energy Efficient Stoves Program - CPA 2,GOLD,Gold Standard Certified Project,Household & Community,Cookstoves,Reduction,Sub-Saharan Africa,Ethiopia,World Vision Australia,2021.0,51394.0,9.99,CCC,No,No
GS11149,Energy Efficient Stoves Program - CPA 3,GOLD,Gold Standard Certified Project,Household & Community,Cookstoves,Reduction,Sub-Saharan Africa,Ethiopia,World Vision Australia,2021.0,42599.0,6.78,BB,No,No
GS11150,GS10959 VPA07 Safe Water Project in Bangladesh I,GOLD,Gold Standard Certified Project,Household & Community,Community Boreholes,Reduction,Southern Asia,Bangladesh,Iceberg Environment Pte. Ltd.,2021.0,62767.0,5.8,BB,No,No
GS11151,GS10959 VPA08 Safe Water Project in Bangladesh II,GOLD,Gold Standard Certified Project,Household & Community,Community Boreholes,Reduction,Southern Asia,Bangladesh,Iceberg Environment Pte. Ltd.,2021.0,12489.0,7.33,BB,No,No
GS11152,GS10959 VPA09 Safe Water Project in Bangladesh III,GOLD,Gold Standard Certified Project,Household & Community,Community Boreholes,Reduction,Southern Asia,Bangladesh,Iceberg Environment Pte. Ltd.,2021.0,1535.0,5.61,A,No,No
GS11153,GS10959 VPA10 Safe Water Project in Bangladesh IV,GOLD,Gold Standard Certified Project,Household & Community,Community Boreholes,Reduction,Southern Asia,Bangladesh,Iceberg Environment Pte. Ltd.,2022.0,1222.0,4.46,BB,No,No
GS11154,JOil Jatropha plantation in Ghana,GOLD,Gold Standard Certified Project,Forestry & Land Use,Afforestation/Reforestation,Impermanent Removal,Sub-Saharan Africa,Ghana,JOIL (S) Pte. Ltd.,2018.0,10751.0,21.58,,Yes,No
GS11155,GS5658 VPA 38: Fuel-efficient cookstoves for the resilience of rural communities in Burundi,GOLD,Gold Standard Certified Project,Household & Community,Cookstoves,Reduction,Sub-Saharan Africa,Burundi,Carbonsink (Carbonsink Group S.r.l.),2021.0,2751.0,9.29,B,No,No
GS11167,Taishan Geothermal Central Heating System,GOLD,Gold Standard Certified Project,Renewable Energy,Geothermal,Reduction,Eastern Asia,China,Profit Carbon Environmental Energy Technology (Shanghai) Co. Ltd.,2020.0,160696.0,1.82,CCC,No,No
GS11169,Aqua Clara Safe Water Program,GOLD,Gold Standard Certified Project,Household & Community,Clean Water,Reduction,Sub-Saharan Africa,Kenya,Climate Impact Partners Limited,2022.0,16917.0,7.36,BBB,No,No
GS11170,Loi Hai 2 Wind Farm Project – 28.8 MW,GOLD,Gold Standard Certified Project,Renewable Energy,Wind,Reduction,South-Eastern Asia,Viet Nam,EKI Energy Services Limited,2022.0,16297.0,2.27,BBB,No,No
GS11173,Decentralized Clean Cooking for Smallholder Farmers in Mexico,GOLD,Gold Standard Certified Project,Household & Community,Biodigesters,Reduction,Latin America and the Caribbean,Mexico,SISTEMA.BIO INC.,2023.0,60976.0,7.0,BB,No,No
GS11176,GS1247 VPA 303 - Togo Safe Water,GOLD,Gold Standard Certified Project,Household & Community,Community Boreholes,Reduction,Sub-Saharan Africa,Togo,CO2balance UK ltd,2023.0,8786.0,7.96,B,No,No
GS11177,GS1247 VPA 304 - Togo Safe Water,GOLD,Gold Standard Certified Project,Household & Community,Community Boreholes,Reduction,Sub-Saharan Africa,Togo,CO2balance UK ltd,2023.0,7575.0,7.06,BB,No,No
GS11178,GS1247 VPA 305 - Togo Safe Water,GOLD,Gold Standard Certified Project,Household & Community,Community Boreholes,Reduction,Sub-Saharan Africa,Togo,CO2balance UK ltd,2023.0,6739.0,7.07,B,No,No
GS11179,GS1247 VPA 306 - Togo Safe Water,GOLD,Gold Standard Certified Project,Household & Community,Community Boreholes,Reduction,Sub-Saharan Africa,Togo,CO2balance UK ltd,2022.0,11649.0,4.61,CCC,No,No
GS11180,GS1247 VPA 307 - Togo Safe Water,GOLD,Gold Standard Certified Project,Household & Community,Community Boreholes,Reduction,Sub-Saharan Africa,Togo,CO2balance UK ltd,2022.0,12020.0,4.35,A,No,No
GS11181,GS1247 VPA 308 - Togo Safe Water,GOLD,Gold Standard Certified Project,Household & Community,Community Boreholes,Reduction,Sub-Saharan Africa,Togo,CO2balance UK ltd,2022.0,12721.0,6.23,B,No,No
GS11182,GS1247 VPA 309 - Togo Safe Water,GOLD,Gold Standard Certified Project,Household & Community,Community Boreholes,Reduction,Sub-Saharan Africa,Togo,CO2balance UK ltd,2022.0,11316.0,6.01,BBB,No,No
GS11183,GS1247 VPA 310 - Togo Safe Water,GOLD,Gold Standard Certified Project,Household & Community,Community Boreholes,Reduction,Sub-Saharan Africa,Togo,CO2balance UK ltd,2023.0,9122.0,5.47,B,No,No
GS11190,Household biogas plants in selected districts of Assam,GOLD,Gold Standard Certified Project,Household & Community,Biodigesters,Reduction,Southern Asia,India,Value Network Ventures Pte. Ltd.,2020.0,25255.0,9.27,BBB,No,No
GS11192,CPA 003 – BioLite HomeStove in Kenya,GOLD,Gold Standard Certified Project,Household & Community,Cookstoves,Reduction,Sub-Saharan Africa,Kenya,BioLite Inc.,2021.0,45512.0,10.79,B,No,No
GS11193,GS11191 VPA-1 Biolite Improved Charcoal  Stoves in Kenya,GOLD,Gold Standard Certified Project,Household & Community,Cookstoves,Reduction,Sub-Saharan Africa,Kenya,BioLite Inc.,2021.0,39591.0,7.09,BBB,No,No
GS11194,CPA 009 – Charcoal Stoves in Kenya,GOLD,Gold Standard Certified Project,Household & Community,Cookstoves,Reduction,Sub-Saharan Africa,Kenya,BioLite Inc.,2021.0,39971.0,9.4,BBB,No,No
GS11195,CPA 041 – BioLite HomeStove in Kenya,GOLD,Gold Standard Certified Project,Household & Community,Cookstoves,Reduction,Sub-Saharan Africa,Kenya,BioLite Inc.,2021.0,1011.0,8.75,B,No,No
GS11196,CPA 051 – Charcoal Stoves in Kenya,GOLD,Gold Standard Certified Project,Household & Community,Cookstoves,Reduction,Sub-Saharan Africa,Kenya,BioLite Inc.,2021.0,49154.0,15.4,CCC,No,No
GS11197,CPA 052 – Charcoal Stoves in Kenya,GOLD,Gold Standard Certified Project,Household & Community,Cookstoves,Reduction,Sub-Saharan Africa,Kenya,BioLite Inc.,2021.0,20074.0,8.19,B,No,No
GS11198,CPA 053 – Charcoal Stoves in Kenya,GOLD,Gold Standard Certified Project,Household & Community,Cookstoves,Reduction,Sub-Saharan Africa,Kenya,BioLite Inc.,2021.0,67658.0,7.26,CCC,No,No
GS11199,CPA 054 – Charcoal Stoves in Kenya,GOLD,Gold Standard Certified Project,Household & Community,Cookstoves,Reduction,Sub-Saharan Africa,Kenya,BioLite Inc.,2021.0,45248.0,8.99,CCC,No,No
GS11200,GS11191 GS11193 RVPA-1 Biolite  Improved Charcoal Stoves in Kenya VPA 1,GOLD,Gold Standard Certified Project,Household & Community,Cookstoves,Reduction,Sub-Saharan Africa,Kenya,BioLite Inc.,2021.0,69379.0,16.76,B,No,No
GS11201,Waste composting project in Madagascar,GOLD,Gold Standard Certified Project,Waste Management,Composting,Reduction,Sub-Saharan Africa,Madagascar,GoodPlanet,2023.0,3432.0,4.52,,No,No
GS11202,BIM Wind Power,GOLD,Gold Standard Certified Project,Renewable Energy,Wind,Reduction,South-Eastern Asia,Viet Nam,AC Energy and Infrastructure Corporation,2021.0,423831.0,2.1,B,No,No
GS11205,GS7591 VPA 46 Improved Cookstove Distribution in Kayonza Bugesera and Nyamasheke Districts of Rwanda (GS11205),GOLD,Gold Standard Certified Project,Household & Community,Cookstoves,Reduction,Sub-Saharan Africa,Rwanda,CO2balance UK ltd,2021.0,119005.0,9.74,,No,No
GS11206,GS7591 VPA 47 Malawi Improved Cookstove Project,GOLD,Gold Standard Certified Project,Household & Community,Cookstoves,Reduction,Sub-Saharan Africa,Malawi,CO2balance UK ltd,2020.0,71161.0,7.33,CCC,No,No
GS11207,Multi-Layer Household Water Filtration System in Kenya,GOLD,Gold Standard Certified Project,Household & Community,Clean Water,Reduction,Sub-Saharan Africa,Kenya,Profit Carbon Environmental Energy Technology (Shanghai) Co. Ltd.,2020.0,1163270.0,6.38,B,No,No
GS11211,Community Carbon Efficient Cooking Programme VPA-9,GOLD,Gold Standard Certified Project,Household & Community,Cookstoves,Reduction,Sub-Saharan Africa,Mozambique,Community Carbon,2022.0,61075.0,8.12,B,No,No
GS11212,GS1247 VPA 311 Guatemala Improved Cookstoves Project,GOLD,Gold Standard Certified Project,Household & Community,Cookstoves,Reduction,Latin America and the Caribbean,Guatemala,CO2balance UK ltd,2020.0,1473.0,8.53,B,No,No
GS11218,GS10818 - Dissemination of Improved Cookstoves in India by Greenway - Dissemination of Improved Cookstoves in Karnataka by Greenway - VPA003,GOLD,Gold Standard Certified Project,Household & Community,Cookstoves,Reduction,Southern Asia,India,Greenway Grameen Infra Private Limited,2020.0,24742.0,8.42,B,No,No
GS11222,Ganzhou Swine Farm Animal Manure Management System GHG Mitigation Project,GOLD,Gold Standard Certified Project,Agriculture,Manure Methane Digester,Reduction,Eastern Asia,China,Profit Carbon Environmental Energy Technology (Shanghai) Co. Ltd.,2020.0,298991.0,8.68,A,No,No
GS11223,BT2 Windfarm,GOLD,Gold Standard Certified Project,Renewable Energy,Wind,Reduction,South-Eastern Asia,Viet Nam,AC Energy and Infrastructure Corporation,2021.0,448738.0,3.36,BB,No,No
GS11226,PANAB TEKIRDAG BIOGAS PLANT,GOLD,Gold Standard Certified Project,Waste Management,Landfill Methane,Reduction,Western Asia,Türkiye,Panab Tekirdag Enerji,2022.0,395906.0,5.94,AAA,No,No
GS11227,BioLite Improved Cook stoves Programme - CPA 014 supported by Republic of Korea,GOLD,Gold Standard Certified Project,Household & Community,Cookstoves,Reduction,Sub-Saharan Africa,Uganda,BioLite Inc.,2021.0,51608.0,7.48,,No,No
GS11228,BioLite Improved Cook stoves Programme - CPA 015 supported by Republic of Korea,GOLD,Gold Standard Certified Project,Household & Community,Cookstoves,Reduction,Sub-Saharan Africa,Uganda,BioLite Inc.,2021.0,49964.0,9.84,B,No,No
GS11229,BioLite Improved Cook stoves Programme - CPA 016 supported by Republic of Korea,GOLD,Gold Standard Certified Project,Household & Community,Cookstoves,Reduction,Sub-Saharan Africa,Uganda,BioLite Inc.,2021.0,44053.0,8.27,BB,No,No
GS11230,BioLite Improved Cook stoves Programme - CPA 017 supported by Republic of Korea,GOLD,Gold Standard Certified Project,Household & Community,Cookstoves,Reduction,Sub-Saharan Africa,Uganda,BioLite Inc.,2021.0,45486.0,9.35,CCC,No,No
GS11231,BioLite Improved Cook stoves Programme - CPA 018 supported by Republic of Korea,GOLD,Gold Standard Certified Project,Household & Community,Cookstoves,Reduction,Sub-Saharan Africa,Uganda,BioLite Inc.,2021.0,49057.0,8.46,,No,No
GS11232,BioLite Improved Cook stoves Programme - CPA 019 supported by Republic of Korea,GOLD,Gold Standard Certified Project,Household & Community,Cookstoves,Reduction,Sub-Saharan Africa,Uganda,BioLite Inc.,2021.0,59107.0,8.93,B,No,No
GS11233,BioLite Improved Cook stoves Programme - CPA 020 supported by Republic of Korea,GOLD,Gold Standard Certified Project,Household & Community,Cookstoves,Reduction,Sub-Saharan Africa,Uganda,BioLite Inc.,2021.0,5301.0,8.33,BBB,No,No
GS11234,BioLite Improved Cook stoves Programme - CPA 021 supported by Republic of Korea,GOLD,Gold Standard Certified Project,Household & Community,Cookstoves,Reduction,Sub-Saharan Africa,Uganda,BioLite Inc.,2021.0,5131.0,9.19,,No,No
GS11235,BioLite Improved Cook stoves Programme - CPA 022 supported by Republic of Korea,GOLD,Gold Standard Certified Project,Household & Community,Cookstoves,Reduction,Sub-Saharan Africa,Uganda,BioLite Inc.,2021.0,7466.0,13.26,CCC,No,No
GS11236,BioLite Improved Cook stoves Programme - CPA 028 supported by Republic of Korea,GOLD,Gold Standard Certified Project,Household & Community,Cookstoves,Reduction,Sub-Saharan Africa,Uganda,BioLite Inc.,2021.0,44456.0,13.2,CCC,No,No
GS11237,Ia Bang 1 Wind Power,GOLD,Gold Standard Certified Project,Renewable Energy,Wind,Reduction,South-Eastern Asia,Viet Nam,Monsoon Carbon Pte Ltd,2021.0,414108.0,2.42,BB,No,No
GS11238,Ji'an Swine Farm Animal Manure Management System GHG Mitigation Project,GOLD,Gold Standard Certified Project,Agriculture,Manure Methane Digester,Reduction,Eastern Asia,China,Profit Carbon Environmental Energy Technology (Shanghai) Co. Ltd.,2020.0,95364.0,7.32,,No,No
GS11239,Shangrao Swine Farm Animal Manure Management System GHG Mitigation Project,GOLD,Gold Standard Certified Project,Agriculture,Manure Methane Digester,Reduction,Eastern Asia,China,Profit Carbon Environmental Energy Technology (Shanghai) Co. Ltd.,2020.0,439296.0,4.55,CCC,No,No
GS11240,BT3 Windfarm,GOLD,Gold Standard Certified Project,Renewable Energy,Wind,Reduction,South-Eastern Asia,Viet Nam,AC Energy and Infrastructure Corporation,2021.0,171182.0,3.0,B,No,No
GS11245,Community Carbon Safe Water Drinking Programme VPA10,GOLD,Gold Standard Certified Project,Household & Community,Clean Water,Reduction,Sub-Saharan Africa,Malawi,Community Carbon,2022.0,16685.0,8.33,CCC,No,No
GS11247,Fair Climate Programme for Sustainable Household Energy (PoA) - Fair Climate Programme: Project Exhale - Maharashtra India (VPA 4),GOLD,Gold Standard Certified Project,Household & Community,Cookstoves,Reduction,Southern Asia,India,FairClimateFund,2021.0,5547.0,6.76,BBB,No,No
GS11251,Thai Hoa Wind Power Project,GOLD,Gold Standard Certified Project,Renewable Energy,Wind,Reduction,South-Eastern Asia,Viet Nam,South Pole Ltd SCV,2021.0,98584.0,1.88,B,No,No
GS11255,Muyuan Nanyang Swine Farm Animal Waste Management System GHG Mitigation Project,GOLD,Gold Standard Certified Project,Agriculture,Manure Methane Digester,Reduction,Eastern Asia,China,Profit Carbon Environmental Energy Technology (Shanghai) Co. Ltd.,2020.0,369921.0,4.9,BB,No,No
GS11256,Changdao Geothermal Central Heating System,GOLD,Gold Standard Certified Project,Renewable Energy,Geothermal,Reduction,Eastern Asia,China,Profit Carbon Environmental Energy Technology (Shanghai) Co. Ltd.,2020.0,702073.0,2.71,CCC,Yes,No
GS11259,Safe Water Programme – Nigeria – VPA 01,GOLD,Gold Standard Certified Project,Household & Community,Clean Water,Reduction,Sub-Saharan Africa,Nigeria,Impact Carbon,2021.0,34601.0,6.23,BB,No,No
GS11260,Safe Water Programme – Nigeria – VPA 02,GOLD,Gold Standard Certified Project,Household & Community,Clean Water,Reduction,Sub-Saharan Africa,Nigeria,Impact Carbon,2021.0,42803.0,8.06,BB,No,No
GS11261,Safe Water Programme – Nigeria – VPA 03,GOLD,Gold Standard Certified Project,Household & Community,Clean Water,Reduction,Sub-Saharan Africa,Nigeria,Impact Carbon,2021.0,42075.0,8.17,A,No,No
GS11262,Safe Water Programme – Nigeria – VPA 04,GOLD,Gold Standard Certified Project,Household & Community,Clean Water,Reduction,Sub-Saharan Africa,Nigeria,Impact Carbon,2021.0,38562.0,5.46,BBB,No,No
GS11263,Safe Water Programme – Nigeria – VPA 05,GOLD,Gold Standard Certified Project,Household & Community,Clean Water,Reduction,Sub-Saharan Africa,Nigeria,Impact Carbon,2021.0,76459.0,6.15,BB,No,No
GS11264,Safe Water Programme – Nigeria – VPA 06,GOLD,Gold Standard Certified Project,Household & Community,Clean Water,Reduction,Sub-Saharan Africa,Nigeria,Impact Carbon,2021.0,37894.0,7.11,,No,No
GS11265,Safe Water Programme – Nigeria – VPA 07,GOLD,Gold Standard Certified Project,Household & Community,Clean Water,Reduction,Sub-Saharan Africa,Nigeria,Impact Carbon,2021.0,99666.0,6.97,BBB,No,No
GS11266,Safe Water Programme – Nigeria – VPA 08,GOLD,Gold Standard Certified Project,Household & Community,Clean Water,Reduction,Sub-Saharan Africa,Nigeria,Impact Carbon,2021.0,111292.0,8.78,,No,No
GS11267,Safe Water Programme – Nigeria – VPA 09,GOLD,Gold Standard Certified Project,Household & Community,Clean Water,Reduction,Sub-Saharan Africa,Nigeria,Impact Carbon,2021.0,106915.0,8.57,CCC,No,No
GS11268,Safe Water Programme – Nigeria – VPA 10,GOLD,Gold Standard Certified Project,Household & Community,Clean Water,Reduction,Sub-Saharan Africa,Nigeria,Impact Carbon,2021.0,108158.0,10.63,,No,No
GS11269,Safe Water Programme – Nigeria – VPA 11,GOLD,Gold Standard Certified Project,Household & Community,Clean Water,Reduction,Sub-Saharan Africa,Nigeria,Impact Carbon,2021.0,115647.0,4.75,BBB,No,No
GS11270,Safe Water Programme – Nigeria – VPA 12,GOLD,Gold Standard Certified Project,Household & Community,Clean Water,Reduction,Sub-Saharan Africa,Nigeria,Impact Carbon,2021.0,118317.0,13.5,BB,No,No
GS11271,Safe Water Programme – Nigeria – VPA 13,GOLD,Gold Standard Certified Project,Household & Community,Clean Water,Reduction,Sub-Saharan Africa,Nigeria,Impact Carbon,2021.0,76057.0,8.5,B,No,No
GS11272,Safe Water Programme – Nigeria – VPA 14,GOLD,Gold Standard Certified Project,Household & Community,Clean Water,Reduction,Sub-Saharan Africa,Nigeria,Impact Carbon,2021.0,45822.0,7.07,BBB,No,No
GS11273,Safe Water Programme – Nigeria – VPA 15,GOLD,Gold Standard Certified Project,Household & Community,Clean Water,Reduction,Sub-Saharan Africa,Nigeria,Impact Carbon,2021.0,75767.0,6.1,BBB,No,No
GS11274,Safe Water Programme – Nigeria – VPA 16,GOLD,Gold Standard Certified Project,Household & Community,Clean Water,Reduction,Sub-Saharan Africa,Nigeria,Impact Carbon,2021.0,86953.0,9.29,A,No,No
GS11275,Safe Water Programme – Nigeria – VPA 17,GOLD,Gold Standard Certified Project,Household & Community,Clean Water,Reduction,Sub-Saharan Africa,Nigeria,Impact Carbon,2021.0,99686.0,10.42,A,No,No
GS11276,Safe Water Programme – Nigeria – VPA 18,GOLD,Gold Standard Certified Project,Household & Community,Clean Water,Reduction,Sub-Saharan Africa,Nigeria,Impact Carbon,2021.0,124367.0,8.6,BBB,No,No
GS11277,Safe Water Programme – Nigeria – VPA 19,GOLD,Gold Standard Certified Project,Household & Community,Clean Water,Reduction,Sub-Saharan Africa,Nigeria,Impact Carbon,2021.0,118415.0,9.29,BB,No,No
GS11278,Safe Water Programme – Nigeria – VPA 20,GOLD,Gold Standard Certified Project,Household & Community,Clean Water,Reduction,Sub-Saharan Africa,Nigeria,Impact Carbon,2021.0,150688.0,7.6,BB,No,No
GS11279,Safe Water Programme – Nigeria – VPA 21,GOLD,Gold Standard Certified Project,Household & Community,Clean Water,Reduction,Sub-Saharan Africa,Nigeria,Impact Carbon,2021.0,161429.0,6.61,BB,No,No
GS11280,Safe Water Programme – Nigeria – VPA 22,GOLD,Gold Standard Certified Project,Household & Community,Clean Water,Reduction,Sub-Saharan Africa,Nigeria,Impact Carbon,2021.0,134748.0,6.5,BBB,No,No
GS11281,Safe Water Programme – Nigeria – VPA 23,GOLD,Gold Standard Certified Project,Household & Community,Clean Water,Reduction,Sub-Saharan Africa,Nigeria,Impact Carbon,2021.0,109954.0,4.95,B,No,No
GS11282,Safe Water Programme – Nigeria – VPA 24,GOLD,Gold Standard Certified Project,Household & Community,Clean Water,Reduction,Sub-Saharan Africa,Nigeria,Impact Carbon,2021.0,82530.0,6.84,CCC,No,No
GS11283,Safe Water Programme – Nigeria – VPA 25,GOLD,Gold Standard Certified Project,Household & Community,Clean Water,Reduction,Sub-Saharan Africa,Nigeria,Impact Carbon,2021.0,78485.0,9.13,,No,No
GS11284,Safe Water Programme – Nigeria – VPA 26,GOLD,Gold Standard Certified Project,Household & Community,Clean Water,Reduction,Sub-Saharan Africa,Nigeria,Impact Carbon,2021.0,76404.0,10.94,CCC,No,No
GS11285,Safe Water Programme – Nigeria – VPA 27,GOLD,Gold Standard Certified Project,Household & Community,Clean Water,Reduction,Sub-Saharan Africa,Nigeria,Impact Carbon,2021.0,79640.0,7.84,BB,No,No
GS11286,Safe Water Programme – Nigeria – VPA 28,GOLD,Gold Standard Certified Project,Household & Community,Clean Water,Reduction,Sub-Saharan Africa,Nigeria,Impact Carbon,2021.0,94017.0,5.4,BB,No,No
GS11287,Safe Water Programme – Nigeria – VPA 29,GOLD,Gold Standard Certified Project,Household & Community,Clean Water,Reduction,Sub-Saharan Africa,Nigeria,Impact Carbon,2021.0,84569.0,7.02,BB,No,No
GS11288,Safe Water Programme – Nigeria – VPA 30,GOLD,Gold Standard Certified Project,Household & Community,Clean Water,Reduction,Sub-Saharan Africa,Nigeria,Impact Carbon,2021.0,109589.0,8.1,BBB,No,No
GS11289,Safe Water Programme – Kenya – VPA 31,GOLD,Gold Standard Certified Project,Household & Community,Clean Water,Reduction,Sub-Saharan Africa,Kenya,Impact Carbon,2021.0,106315.0,11.02,BB,No,No
GS11290,Safe Water Programme – Kenya – VPA 32,GOLD,Gold Standard Certified Project,Household & Community,Clean Water,Reduction,Sub-Saharan Africa,Kenya,Impact Carbon,2021.0,120687.0,7.66,BB,No,No
GS11291,Safe Water Programme – Kenya – VPA 33,GOLD,Gold Standard Certified Project,Household & Community,Clean Water,Reduction,Sub-Saharan Africa,Kenya,Impact Carbon,2021.0,101597.0,10.08,BBB,No,No
GS11292,Safe Water Programme – Kenya – VPA 34,GOLD,Gold Standard Certified Project,Household & Community,Clean Water,Reduction,Sub-Saharan Africa,Kenya,Impact Carbon,2021.0,136305.0,8.65,BB,No,No
GS11293,Safe Water Programme – Kenya – VPA 35,GOLD,Gold Standard Certified Project,Household & Community,Clean Water,Reduction,Sub-Saharan Africa,Kenya,Impact Carbon,2021.0,136719.0,8.6,,No,No
GS11294,Safe Water Programme – Kenya – VPA 36,GOLD,Gold Standard Certified Project,Household & Community,Clean Water,Reduction,Sub-Saharan Africa,Kenya,Impact Carbon,2021.0,138095.0,7.86,CCC,No,No
GS11295,Safe Water Programme – Kenya – VPA 37,GOLD,Gold Standard Certified Project,Household & Community,Clean Water,Reduction,Sub-Saharan Africa,Kenya,Impact Carbon,2021.0,108579.0,8.37,BBB,No,No
GS11296,Safe Water Programme – Kenya – VPA 38,GOLD,Gold Standard Certified Project,Household & Community,Clean Water,Reduction,Sub-Saharan Africa,Kenya,Impact Carbon,2021.0,104645.0,6.93,B,No,No
GS11297,Safe Water Programme – Kenya – VPA 39,GOLD,Gold Standard Certified Project,Household & Community,Clean Water,Reduction,Sub-Saharan Africa,Kenya,Impact Carbon,2021.0,158938.0,7.68,,No,No
GS11298,Safe Water Programme – Kenya – VPA 40,GOLD,Gold Standard Certified Project,Household & Community,Clean Water,Reduction,Sub-Saharan Africa,Kenya,Impact Carbon,2021.0,80254.0,6.82,BBB,No,No
GS11299,Safe Water Programme – Kenya – VPA 41,GOLD,Gold Standard Certified Project,Household & Community,Clean Water,Reduction,Sub-Saharan Africa,Kenya,Impact Carbon,2021.0,144503.0,8.59,CCC,No,No
GS11300,Safe Water Programme – Kenya – VPA 42,GOLD,Gold Standard Certified Project,Household & Community,Clean Water,Reduction,Sub-Saharan Africa,Kenya,Impact Carbon,2021.0,156155.0,5.34,BBB,No,No
GS11301,Safe Water Programme – Kenya – VPA 43,GOLD,Gold Standard Certified Project,Household & Community,Clean Water,Reduction,Sub-Saharan Africa,Kenya,Impact Carbon,2021.0,141583.0,6.39,BBB,No,No
GS11302,Safe Water Programme – Kenya – VPA 44,GOLD,Gold Standard Certified Project,Household & Community,Clean Water,Reduction,Sub-Saharan Africa,Kenya,Impact Carbon,2021.0,140332.0,9.61,A,No,No
GS11303,Safe Water Programme – Kenya – VPA 45,GOLD,Gold Standard Certified Project,Household & Community,Clean Water,Reduction,Sub-Saharan Africa,Kenya,Impact Carbon,2021.0,110921.0,6.01,,No,No
GS11304,Safe Water Programme – Kenya – VPA 46,GOLD,Gold Standard Certified Project,Household & Community,Clean Water,Reduction,Sub-Saharan Africa,Kenya,Impact Carbon,2021.0,60058.0,8.07,BBB,No,No
GS11305,Safe Water Programme – Kenya – VPA 47,GOLD,Gold Standard Certified Project,Household & Community,Clean Water,Reduction,Sub-Saharan Africa,Kenya,Impact Carbon,2021.0,46874.0,7.1,B,No,No
GS11306,Improved Cookstove  Programme - Nigeria - VPA 48,GOLD,Gold Standard Certified Project,Household & Community,Cookstoves,Reduction,Sub-Saharan Africa,Nigeria,Impact Carbon,2021.0,321507.0,6.79,B,No,No
GS11307,Sapphire 49.5MW Wind Farm Project,GOLD,Gold Standard Certified Project,Renewable Energy,Wind,Reduction,Southern Asia,Pakistan,Monsoon Carbon Pte Ltd,2019.0,196498.0,2.27,BB,No,No
GS11308,Healthy cooking initiative for Tea Estate Workers of Nepal,GOLD,Gold Standard Certified Project,Household & Community,Cookstoves,Reduction,Southern Asia,Nepal,Value Network Ventures Pte. Ltd.,2021.0,17495.0,13.21,BB,No,No
GS11309,GS10818 - Dissemination of Improved Cookstoves in India by Greenway - Dissemination of Improved Cookstoves in Karnataka by Greenway - VPA004,GOLD,Gold Standard Certified Project,Household & Community,Cookstoves,Reduction,Southern Asia,India,Greenway Grameen Infra Private Limited,2020.0,24742.0,7.96,,No,No
GS11310,GS10818 - Dissemination of Improved Cookstoves in India by Greenway - Dissemination of Improved Cookstoves in Karnataka by Greenway - VPA005,GOLD,Gold Standard Certified Project,Household & Community,Cookstoves,Reduction,Southern Asia,India,Greenway Grameen Infra Private Limited,2020.0,34486.0,11.01,,No,No
GS11311,GS10818 - Dissemination of Improved Cookstoves in India by Greenway - Dissemination of Improved Cookstoves in Karnataka by Greenway - VPA006,GOLD,Gold Standard Certified Project,Household & Community,Cookstoves,Reduction,Southern Asia,India,Greenway Grameen Infra Private Limited,2021.0,38654.0,10.13,CCC,No,No
GS11312,GS10818 - Dissemination of Improved Cookstoves in India by Greenway - Dissemination of Improved Cookstoves in Karnataka by Greenway - VPA007,GOLD,Gold Standard Certified Project,Household & Community,Cookstoves,Reduction,Southern Asia,India,Greenway Grameen Infra Private Limited,2021.0,38618.0,6.13,CCC,No,No
GS11313,GS10818 - Dissemination of Improved Cookstoves in India by Greenway - Dissemination of Improved Cookstoves in Karnataka by Greenway - VPA008,GOLD,Gold Standard Certified Project,Household & Community,Cookstoves,Reduction,Southern Asia,India,Greenway Grameen Infra Private Limited,2021.0,50100.0,9.93,B,No,No
GS11314,Hoa Binh 2 Wind Power Project,GOLD,Gold Standard Certified Project,Renewable Energy,Wind,Reduction,South-Eastern Asia,Viet Nam,South Pole Ltd SCV,2021.0,85391.0,2.33,CCC,No,No
GS11319,Enkima stoves,GOLD,Gold Standard Certified Project,Household & Community,Bundled Energy Efficiency,Reduction,Sub-Saharan Africa,Kenya,Schneider Electric France,2022.0,56041.0,5.4,BBB,No,No
GS11322,UpEnergy-Social and Climate Impact Programme- Cooking Devices VPA-13,GOLD,Gold Standard Certified Project,Household & Community,Cookstoves,Reduction,Sub-Saharan Africa,DRC,UpEnergy Group,2022.0,27914.0,9.49,BBB,No,No
GS11325,Congo (DRC) Improved Cook Stoves VPA 001– Limete,GOLD,Gold Standard Certified Project,Household & Community,Cookstoves,Reduction,Sub-Saharan Africa,DRC,Vitol SA,2020.0,93865.0,11.22,BBB,No,No
GS11326,GS11324 - VPA002 - Congo (DRC) Improved Cook Stoves-Kinshasa,GOLD,Gold Standard Certified Project,Household & Community,Cookstoves,Reduction,Sub-Saharan Africa,DRC,Vitol SA,2021.0,108430.0,17.63,CCC,No,No
GS11327,Congo (DRC) Improved Cook Stoves VPA 003– Ngaliema,GOLD,Gold Standard Certified Project,Household & Community,Cookstoves,Reduction,Sub-Saharan Africa,DRC,Vitol SA,2021.0,97512.0,8.53,BB,No,No
GS11331,Circle Gas LPG Smart Meter Program in Kenya,GOLD,Gold Standard Certified Project,Household & Community,Cookstoves,Reduction,Sub-Saharan Africa,Kenya,CIRCLE GAS LIMITED,2020.0,1102727.0,7.11,B,No,No
GS11334,Heilongjiang Swine Farm Animal Waste Management System GHG Mitigation Project,GOLD,Gold Standard Certified Project,Agriculture,Manure Methane Digester,Reduction,Eastern Asia,China,Profit Carbon Environmental Energy Technology (Shanghai) Co. Ltd.,2020.0,65457.0,7.18,A,No,No
GS11335,Shuangbaotai Animal Manure Management System GHG Mitigation Project in Guangdong Province,GOLD,Gold Standard Certified Project,Agriculture,Manure Methane Digester,Reduction,Eastern Asia,China,Profit Carbon Environmental Energy Technology (Shanghai) Co. Ltd.,2020.0,1165.0,8.37,BBB,No,No
GS11336,Shuangbaotai Animal Manure Management System GHG Mitigation Project in Guangxi Province,GOLD,Gold Standard Certified Project,Agriculture,Manure Methane Digester,Reduction,Eastern Asia,China,Profit Carbon Environmental Energy Technology (Shanghai) Co. Ltd.,2021.0,235497.0,10.27,,No,No
GS11337,Shuangbaotai Animal Manure Management System GHG Mitigation Project in Jiangxi Province,GOLD,Gold Standard Certified Project,Agriculture,Manure Methane Digester,Reduction,Eastern Asia,China,Profit Carbon Environmental Energy Technology (Shanghai) Co. Ltd.,2020.0,132309.0,9.46,BBB,No,No
GS11338,Shuangbaotai Animal Manure Management System GHG Mitigation Project in Anhui Province,GOLD,Gold Standard Certified Project,Agriculture,Manure Methane Digester,Reduction,Eastern Asia,China,Profit Carbon Environmental Energy Technology (Shanghai) Co. Ltd.,2020.0,48368.0,6.63,BB,No,No
GS11351,Thuan Nhien Phong Wind Farm,GOLD,Gold Standard Certified Project,Renewable Energy,Wind,Reduction,South-Eastern Asia,Viet Nam,Gaia Environment (S) Pte Ltd,2022.0,100735.0,2.35,B,No,No
GS11358,Efficient Kitchens in India,GOLD,Gold Standard Certified Project,Household & Community,Cookstoves,Reduction,Southern Asia,India,Climate Impact Partners Limited,2020.0,39317.0,5.34,,No,No
GS11394,India Dairy Biogas Program,GOLD,Gold Standard Certified Project,Household & Community,Biodigesters,Reduction,Southern Asia,India,SISTEMA.BIO INC.,2022.0,200265.0,8.03,B,No,No
GS11397,Biolite Solar Lighting Project in Malawi,GOLD,Gold Standard Certified Project,Renewable Energy,Solar Lighting,Reduction,Sub-Saharan Africa,Malawi,BioLite Inc.,2022.0,9516.0,6.11,BBB,No,No
GS11400,Fajina Geothermal Based Space Heating System,GOLD,Gold Standard Certified Project,Renewable Energy,Geothermal,Reduction,Eastern Asia,China,Profit Carbon Environmental Energy Technology (Shanghai) Co. Ltd.,2021.0,900601.0,3.63,BB,No,No
GS11401,Bhesada Wind Power Project in Rajasthan,GOLD,Gold Standard Certified Project,Renewable Energy,Wind,Reduction,Southern Asia,India,Renew Power Synergy Private Limited,2019.0,170937.0,3.27,,No,No
GS11402,Mandsaur Wind Power Project in Madhya Pradesh,GOLD,Gold Standard Certified Project,Renewable Energy,Wind,Reduction,Southern Asia,India,Renew Power Synergy Private Limited,2019.0,43434.0,1.84,,No,No
GS11403,Rajgarh Wind Power Project in Rajasthan,GOLD,Gold Standard Certified Project,Renewable Energy,Wind,Reduction,Southern Asia,India,Renew Power Synergy Private Limited,2019.0,55073.0,2.03,CCC,No,No
GS11404,Lingasugur Wind Power Project in Karnataka,GOLD,Gold Standard Certified Project,Renewable Energy,Wind,Reduction,Southern Asia,India,Renew Power Synergy Private Limited,2019.0,111338.0,2.4,B,No,No
GS11405,ReNew Solar Power Project in AP,GOLD,Gold Standard Certified Project,Renewable Energy,Solar - Centralized,Reduction,Southern Asia,India,Renew Power Synergy Private Limited,2019.0,148576.0,1.85,,No,No
GS11409,Solar Water Heater Progam in India CPA-08,GOLD,Gold Standard Certified Project,Renewable Energy,Solar Water Heaters,Reduction,Southern Asia,India,Nuetech Solar Systems Private Limited,2021.0,13384.0,2.8,B,No,No
GS11414,Nhon Hoa 1 Wind Power Project,GOLD,Gold Standard Certified Project,Renewable Energy,Wind,Reduction,South-Eastern Asia,Viet Nam,Monsoon Sustainability Co. Ltd.,2021.0,487167.0,1.89,B,No,No
GS11415,Nhon Hoa 2 Wind Power Project,GOLD,Gold Standard Certified Project,Renewable Energy,Wind,Reduction,South-Eastern Asia,Viet Nam,Monsoon Sustainability Co. Ltd.,2021.0,486526.0,2.18,CCC,No,No
GS11417,10MW Solar One Ceylon (Pudukadumalai) Solar Power Project (2018-SOP-001-10.0MW),GOLD,Gold Standard Certified Project,Renewable Energy,Solar - Centralized,Reduction,Southern Asia,Sri Lanka,Koho Trading and Consultancy (Private) Limited,2019.0,17626.0,1.94,,No,No
GS11418,10MW Nedunkulam Solar PV Project (2018-SOP-002-10.0MW),GOLD,Gold Standard Certified Project,Renewable Energy,Solar - Centralized,Reduction,Southern Asia,Sri Lanka,Koho Trading and Consultancy (Private) Limited,2019.0,18869.0,2.02,,No,No
GS11419,10MW Anorchi Lanka (Baruthankanda) Solar Power Project (2018-SOP-003-10.0MW),GOLD,Gold Standard Certified Project,Renewable Energy,Solar - Centralized,Reduction,Southern Asia,Sri Lanka,Koho Trading and Consultancy (Private) Limited,2019.0,27229.0,1.4,CCC,No,No
GS11420,10MW Iris (Baruthankanda) Solar Power Project (2018-SOP-004-10.0MW),GOLD,Gold Standard Certified Project,Renewable Energy,Solar - Centralized,Reduction,Southern Asia,Sri Lanka,Koho Trading and Consultancy (Private) Limited,2019.0,35671.0,1.69,,No,No
GS11421,Ea Nam Wind Power Project,GOLD,Gold Standard Certified Project,Renewable Energy,Wind,Reduction,South-Eastern Asia,Viet Nam,Monsoon Carbon Pte Ltd,2022.0,1747282.0,2.86,CCC,No,No
GS11424,The Breathing Space Improved Cooking Stoves Programme India – VPA No. 16 Envirofit,GOLD,Gold Standard Certified Project,Household & Community,Cookstoves,Reduction,Southern Asia,India,Envirofit International Ltd.,2021.0,79287.0,10.42,BBB,No,No
GS11432,GS10789 GS10791 RVPA-4: Efficient and Clean Cooking for households in Kenya,GOLD,Gold Standard Certified Project,Household & Community,Cookstoves,Reduction,Sub-Saharan Africa,Kenya,ECOA Climate Capital,2021.0,3160.0,7.38,,No,No
GS11433,GS10789 VPA5: Efficient and Clean Cooking for households in the Democratic Republic of Congo (DRC),GOLD,Gold Standard Certified Project,Household & Community,Cookstoves,Reduction,Sub-Saharan Africa,DRC,ECOA Climate Capital,2021.0,234249.0,9.65,CCC,No,No
GS11434,GS10789 VPA6: Efficient and Clean Cooking for households in Cote d'Ivoire,GOLD,Gold Standard Certified Project,Household & Community,Cookstoves,Reduction,Sub-Saharan Africa,Côte d'Ivoire,ECOA Climate Capital,2021.0,99109.0,6.95,B,No,No
GS11437,Installation of Household biogas plants in India,GOLD,Gold Standard Certified Project,Household & Community,Biodigesters,Reduction,Southern Asia,India,GRENEITY INFOCOM SERVICE PRIVATE LIMITED,2020.0,14583.0,10.84,BBB,No,No
GS11440,GS10884 - KOKO Kenya - Ethanol Cookstoves Program - CPA-0002,GOLD,Gold Standard Certified Project,Household & Community,Cookstoves,Reduction,Sub-Saharan Africa,Kenya,KOKO Network limited,2021.0,14760412.0,7.7,BB,No,No
GS11441,Bundled household biogas plants project in Jammu and Punjab,GOLD,Gold Standard Certified Project,Household & Community,Biodigesters,Reduction,Southern Asia,India,Value Network Ventures Pte. Ltd.,2020.0,84419.0,8.31,BB,No,No
GS11447,Water and Climate VPA #1 – Madhya Pradesh India,GOLD,Gold Standard Certified Project,Household & Community,Clean Water,Reduction,Southern Asia,India,CARBON IMPACT CAPITAL PTE. LTD.,2022.0,19260.0,7.13,BBB,No,No
GS11448,Water and Climate VPA #2 – Madhya Pradesh India,GOLD,Gold Standard Certified Project,Household & Community,Clean Water,Reduction,Southern Asia,India,CARBON IMPACT CAPITAL PTE. LTD.,2022.0,12550.0,6.42,BBB,No,No
GS11451,GS11450 - MicroEnergy Credits – Microfinance for Clean Energy Product Lines – India - CPA 17 - GS11451,GOLD,Gold Standard Certified Project,Household & Community,Bundled Energy Efficiency,Reduction,Southern Asia,India,MicroEnergy Credits,2021.0,118670.0,3.37,AA,No,No
GS11455,Implementation of Bio digestors in rural areas of Madhya Pradesh India,GOLD,Gold Standard Certified Project,Household & Community,Biodigesters,Reduction,Southern Asia,India,Radheshyam Cottex,2020.0,22897.0,11.07,BB,No,No
GS11466,Anakot Thmei Safe Water Project,GOLD,Gold Standard Certified Project,Household & Community,Clean Water,Reduction,South-Eastern Asia,Cambodia,Schneider Electric France,2021.0,12434.0,6.52,CCC,No,No
GS11474,GS11450 - MicroEnergy Credits – Microfinance for Clean Energy Product Lines – India - CPA 02 - GS11474,GOLD,Gold Standard Certified Project,Household & Community,Bundled Energy Efficiency,Reduction,Southern Asia,India,MicroEnergy Credits,2020.0,62040.0,5.78,A,No,No
GS11475,GS11450 - MicroEnergy Credits – Microfinance for Clean Energy Product Lines – India - CPA 03 - GS11475,GOLD,Gold Standard Certified Project,Household & Community,Bundled Energy Efficiency,Reduction,Southern Asia,India,MicroEnergy Credits,2020.0,95298.0,5.6,A,No,No
GS11476,GS11450 - MicroEnergy Credits – Microfinance for Clean Energy Product Lines – India - CPA 04 - GS11476,GOLD,Gold Standard Certified Project,Household & Community,Bundled Energy Efficiency,Reduction,Southern Asia,India,MicroEnergy Credits,2021.0,90953.0,5.35,AA,No,No
GS11477,GS11450 - MicroEnergy Credits – Microfinance for Clean Energy Product Lines – India - CPA 07 - GS11477,GOLD,Gold Standard Certified Project,Household & Community,Bundled Energy Efficiency,Reduction,Southern Asia,India,MicroEnergy Credits,2021.0,105010.0,3.17,B,No,No
GS11478,GS11450 - MicroEnergy Credits – Microfinance for Clean Energy Product Lines – India - CPA 08 - GS11478,GOLD,Gold Standard Certified Project,Household & Community,Bundled Energy Efficiency,Reduction,Southern Asia,India,MicroEnergy Credits,2021.0,77016.0,4.99,BBB,No,No
GS11479,GS11450 - MicroEnergy Credits – Microfinance for Clean Energy Product Lines – India - CPA 09 - GS11479,GOLD,Gold Standard Certified Project,Household & Community,Bundled Energy Efficiency,Reduction,Southern Asia,India,MicroEnergy Credits,2021.0,39700.0,3.7,BBB,No,No
GS11480,GS11450 - MicroEnergy Credits – Microfinance for Clean Energy Product Lines – India - CPA 10 - GS11480,GOLD,Gold Standard Certified Project,Household & Community,Bundled Energy Efficiency,Reduction,Southern Asia,India,MicroEnergy Credits,2021.0,34372.0,5.49,,No,No
GS11481,GS11450 - MicroEnergy Credits – Microfinance for Clean Energy Product Lines – India - CPA 11 - GS11481,GOLD,Gold Standard Certified Project,Household & Community,Bundled Energy Efficiency,Reduction,Southern Asia,India,MicroEnergy Credits,2020.0,72777.0,3.43,,No,No
GS11482,GS11450 - MicroEnergy Credits – Microfinance for Clean Energy Product Lines – India - CPA 12 - GS11482,GOLD,Gold Standard Certified Project,Household & Community,Bundled Energy Efficiency,Reduction,Southern Asia,India,MicroEnergy Credits,2021.0,642929.0,4.07,A,No,No
GS11483,GS11450 - MicroEnergy Credits – Microfinance for Clean Energy Product Lines – India - CPA 13 - GS11483,GOLD,Gold Standard Certified Project,Household & Community,Bundled Energy Efficiency,Reduction,Southern Asia,India,MicroEnergy Credits,2020.0,122802.0,5.0,B,No,No
GS11484,GS11450 - MicroEnergy Credits – Microfinance for Clean Energy Product Lines – India - CPA 14 - GS11484,GOLD,Gold Standard Certified Project,Household & Community,Bundled Energy Efficiency,Reduction,Southern Asia,India,MicroEnergy Credits,2020.0,72072.0,3.78,BBB,No,No
GS11485,GS11450 - MicroEnergy Credits – Microfinance for Clean Energy Product Lines – India - CPA 15 - GS11485,GOLD,Gold Standard Certified Project,Household & Community,Bundled Energy Efficiency,Reduction,Southern Asia,India,MicroEnergy Credits,2020.0,18836.0,3.92,BBB,No,No
GS11486,GS11450 - MicroEnergy Credits – Microfinance for Clean Energy Product Lines – India - CPA 18 - GS11486,GOLD,Gold Standard Certified Project,Household & Community,Bundled Energy Efficiency,Reduction,Southern Asia,India,MicroEnergy Credits,2021.0,181875.0,4.62,AA,No,No
GS11488,"Improved Cooking Stoves in Bangladesh – CPA No.20 ""SZ Consultancy Services Ltd.""",GOLD,Gold Standard Certified Project,Household & Community,Cookstoves,Reduction,Southern Asia,Bangladesh,Bangladesh Bondhu Foundation,2021.0,1672745.0,9.49,BB,No,No
GS11489,GS11450 - MicroEnergy Credits – Microfinance for Clean Energy Product Lines – India - CPA 34 - GS11489,GOLD,Gold Standard Certified Project,Household & Community,Bundled Energy Efficiency,Reduction,Southern Asia,India,MicroEnergy Credits,2021.0,20427.0,4.48,A,No,No
GS11490,GS11450 - MicroEnergy Credits – Microfinance for Clean Energy Product Lines – India - CPA 33 - GS11490,GOLD,Gold Standard Certified Project,Household & Community,Bundled Energy Efficiency,Reduction,Southern Asia,India,MicroEnergy Credits,2021.0,93854.0,4.56,BB,No,No
GS11491,GS11450 - MicroEnergy Credits – Microfinance for Clean Energy Product Lines – India - CPA 31 - GS11491,GOLD,Gold Standard Certified Project,Household & Community,Bundled Energy Efficiency,Reduction,Southern Asia,India,MicroEnergy Credits,2021.0,46380.0,3.3,BBB,No,No
GS11496,GS11450 - MicroEnergy Credits – Microfinance for Clean Energy Product Lines – India - CPA 26 - Clear Sky Partners – GS11496,GOLD,Gold Standard Certified Project,Household & Community,Bundled Energy Efficiency,Reduction,Southern Asia,India,MicroEnergy Credits,2021.0,129945.0,7.4,A,No,No
GS11498,GS11450 - MicroEnergy Credits – Microfinance for Clean Energy Product Lines – India - CPA 24 - Clear Sky Partners – GS11498,GOLD,Gold Standard Certified Project,Household & Community,Bundled Energy Efficiency,Reduction,Southern Asia,India,MicroEnergy Credits,2021.0,63254.0,5.78,A,No,No
GS11499,GS11450 - MicroEnergy Credits – Microfinance for Clean Energy Product Lines – India - CPA 23 - Clear Sky Partners – GS11499,GOLD,Gold Standard Certified Project,Household & Community,Bundled Energy Efficiency,Reduction,Southern Asia,India,MicroEnergy Credits,2021.0,57955.0,4.92,BBB,No,No
GS11500,GS11450 - MicroEnergy Credits – Microfinance for Clean Energy Product Lines – India - CPA 22 - Clear Sky Partners – GS11500,GOLD,Gold Standard Certified Project,Household & Community,Bundled Energy Efficiency,Reduction,Southern Asia,India,MicroEnergy Credits,2021.0,74611.0,3.72,BB,No,No
GS11503,GS11450 - MicroEnergy Credits – Microfinance for Clean Energy Product Lines – India - CPA 19 - Clear Sky Partners – GS11503,GOLD,Gold Standard Certified Project,Household & Community,Bundled Energy Efficiency,Reduction,Southern Asia,India,MicroEnergy Credits,2021.0,69441.0,5.35,BBB,No,No
GS11504,GS11450 - MicroEnergy Credits – Microfinance for Clean Energy Product Lines – India - CPA 05 - GS11504,GOLD,Gold Standard Certified Project,Household & Community,Bundled Energy Efficiency,Reduction,Southern Asia,India,MicroEnergy Credits,2020.0,67093.0,3.77,BB,No,No
GS11505,GS11450 - MicroEnergy Credits – Microfinance for Clean Energy Product Lines – India - CPA 06 - GS11505,GOLD,Gold Standard Certified Project,Household & Community,Bundled Energy Efficiency,Reduction,Southern Asia,India,MicroEnergy Credits,2020.0,77352.0,4.31,BB,No,No
GS11507,GS11506 VPA1: Advanced Biomass Cooking Solutions by Biomassters in Rwanda,GOLD,Gold Standard Certified Project,Household & Community,Cookstoves,Reduction,Sub-Saharan Africa,Rwanda,FairClimateFund,2022.0,1723.0,9.36,B,No,No
GS11537,Dongming County Municipal Solid Waste Disposal Site Biogas Electricity Generation Project,GOLD,Gold Standard Certified Project,Waste Management,Landfill Methane,Reduction,Eastern Asia,China,Henan BCCY Environmental Energy Co. Ltd.,2021.0,34522.0,5.74,AAA,No,No
GS11538,Zhangjiajie  Meitanwan MSW landfill site LFG recovery to power project,GOLD,Gold Standard Certified Project,Waste Management,Landfill Methane,Reduction,Eastern Asia,China,Henan BCCY Environmental Energy Co. Ltd.,2021.0,107116.0,7.88,AA,No,No
GS11539,Bundling of household biogas plants for thermal energy applications,GOLD,Gold Standard Certified Project,Household & Community,Biodigesters,Reduction,Southern Asia,India,GRENEITY INFOCOM SERVICE PRIVATE LIMITED,2021.0,82743.0,8.9,A,No,No
GS11544,Maji Safi Maisha Bora Project,GOLD,Gold Standard Certified Project,Household & Community,Clean Water,Reduction,Sub-Saharan Africa,Kenya,OFFGRIDSUN S.R.L.,2023.0,8296.0,9.95,B,No,No
GS11547,SUVIDHA's Decentralized Energy Interventions for Rural Communities in India VPA – 1 (Uttarakhand),GOLD,Gold Standard Certified Project,Household & Community,Cookstoves,Reduction,Southern Asia,India,Society for the Upliftment of Villagers and Development of Himalayan Areas (SUVIDHA),2022.0,8327.0,10.85,BB,No,No
GS11548,SUVIDHA's Decentralized Energy Interventions for Rural Communities in India VPA – 2 (Assam),GOLD,Gold Standard Certified Project,Household & Community,Bundled Energy Efficiency,Reduction,Southern Asia,India,Society for the Upliftment of Villagers and Development of Himalayan Areas (SUVIDHA),2022.0,4567.0,3.53,B,No,No
GS11549,SUVIDHA's Decentralized Energy Interventions for Rural Communities in India VPA – 3 (Odisha),GOLD,Gold Standard Certified Project,Household & Community,Bundled Energy Efficiency,Reduction,Southern Asia,India,Society for the Upliftment of Villagers and Development of Himalayan Areas (SUVIDHA),2022.0,3479.0,7.33,BBB,No,No
GS11551,GS11551 - TASC Clean Cooking PoA – VPA 2 Cicada Carbon (Zimbabwe),GOLD,Gold Standard Certified Project,Household & Community,Cookstoves,Reduction,Sub-Saharan Africa,Zimbabwe,THE AFRICAN STOVE COMPANY LIMITED,2021.0,803321.0,10.94,,No,No
GS11557,Ras Ghareb Wind Energy Project,GOLD,Gold Standard Certified Project,Renewable Energy,Wind,Reduction,Northern Africa,Egypt,Ras Ghareb Wind Energy SAE,2020.0,2790689.0,1.87,,No,No
GS11558,Yandun 8C Wind Farm Project,GOLD,Gold Standard Certified Project,Renewable Energy,Wind,Reduction,Eastern Asia,China,Profit Carbon Environmental Energy Technology (Shanghai) Co. Ltd.,2020.0,659793.0,1.96,B,No,No
GS11559,CNOOC Pingyin Wind Farm Phase I project,GOLD,Gold Standard Certified Project,Renewable Energy,Wind,Reduction,Eastern Asia,China,Profit Carbon Environmental Energy Technology (Shanghai) Co. Ltd.,2020.0,143564.0,1.76,CCC,No,No
GS11560,CNOOC Weifang Binhai Wind Farm Phase II Project,GOLD,Gold Standard Certified Project,Renewable Energy,Wind,Reduction,Eastern Asia,China,Profit Carbon Environmental Energy Technology (Shanghai) Co. Ltd.,2020.0,53716.0,1.72,CCC,No,No
GS11561,Salkhit wind farm,GOLD,Gold Standard Certified Project,Renewable Energy,Wind,Reduction,Eastern Asia,Mongolia,Clean Energy LLC,2021.0,463054.0,2.26,B,No,No
GS11564,GS1385 Man and Man Enterprise Improved Cooking Stoves Programme in Ghana - VPA002 (Western Region),GOLD,Gold Standard Certified Project,Household & Community,Cookstoves,Reduction,Sub-Saharan Africa,Ghana,Man and Man Enterprise,2021.0,402172.0,9.28,BB,No,No
GS11568,Biodigesters program for a low-carbon livestock sector in Vietnam (BioLive),GOLD,Gold Standard Certified Project,Household & Community,Biodigesters,Reduction,South-Eastern Asia,Viet Nam,Nexus-Carbon for Development,2021.0,75900.0,8.84,B,No,No
GS11571,Improved cookstove program in Bangladesh supported by the Republic of Korea-CPA 02,GOLD,Gold Standard Certified Project,Household & Community,Cookstoves,Reduction,Southern Asia,Bangladesh,Value Network Ventures Pte. Ltd.,2021.0,1046469.0,10.72,CCC,No,No
GS11572,Improved cookstove program in Bangladesh supported by the Republic of Korea-CPA 03,GOLD,Gold Standard Certified Project,Household & Community,Cookstoves,Reduction,Southern Asia,Bangladesh,Value Network Ventures Pte. Ltd.,2021.0,1131733.0,9.41,BBB,No,No
GS11595,Dengzhou AMMS GHG Mitigation Project,GOLD,Gold Standard Certified Project,Agriculture,Manure Methane Digester,Reduction,Eastern Asia,China,Sirreon Technology & Development (Beijing) Co.Ltd,2021.0,386223.0,7.73,AA,No,No
GS11596,TASC Clean Cooking PoA – VPA 3 (Zambia),GOLD,Gold Standard Certified Project,Household & Community,Cookstoves,Reduction,Sub-Saharan Africa,Zambia,THE AFRICAN STOVE COMPANY LIMITED,2021.0,1198069.0,12.0,CCC,No,No
GS11603,GS10789 VPA8: Efficient and Clean Cooking for households in Kenya,GOLD,Gold Standard Certified Project,Household & Community,Cookstoves,Reduction,Sub-Saharan Africa,Kenya,ECC- Talanton Trust,2021.0,13379.0,8.37,BBB,No,No
GS11604,TASC Clean Cooking PoA – VPA 4 (Zambia),GOLD,Gold Standard Certified Project,Household & Community,Cookstoves,Reduction,Sub-Saharan Africa,Zambia,THE AFRICAN STOVE COMPANY LIMITED,2021.0,2030.0,10.35,B,No,No
GS11605,GS10789 VPA9: Efficient and Clean Cooking for households in Mozambique,GOLD,Gold Standard Certified Project,Household & Community,Cookstoves,Reduction,Sub-Saharan Africa,Mozambique,Global Cookstoves Ltd.,2023.0,45113.0,12.3,CCC,No,No
GS11606,GS10789 GS10790 RVPA-10: Efficient and Clean Cooking for households in Mozambique,GOLD,Gold Standard Certified Project,Household & Community,Cookstoves,Reduction,Sub-Saharan Africa,Mozambique,ECOA Climate Capital,2021.0,110671.0,11.08,BBB,No,No
GS11608,Top Third Ventures Stove Programme CPA KE0002 – BURN Efficient Cookstoves for Kenya supported by Republic of Korea,GOLD,Gold Standard Certified Project,Household & Community,Cookstoves,Reduction,Sub-Saharan Africa,Kenya,ECOA Climate Capital,2021.0,42075.0,7.49,BB,No,No
GS11609,Top Third Ventures Stove Programme CPA KE0003 – BURN Efficient Cookstoves for Kenya supported by Republic of Korea,GOLD,Gold Standard Certified Project,Household & Community,Cookstoves,Reduction,Sub-Saharan Africa,Kenya,ECOA Climate Capital,2021.0,42367.0,7.71,CCC,No,No
GS11610,Top Third Ventures Stove Programme CPA KE0004 – BURN Efficient Cookstoves for Kenya supported by Republic of Korea,GOLD,Gold Standard Certified Project,Household & Community,Cookstoves,Reduction,Sub-Saharan Africa,Kenya,ECOA Climate Capital,2021.0,45582.0,8.55,CCC,No,No
GS11611,Top Third Ventures Stove Programme CPA KE0005 – BURN Efficient Cookstoves for Kenya supported by Republic of Korea,GOLD,Gold Standard Certified Project,Household & Community,Cookstoves,Reduction,Sub-Saharan Africa,Kenya,ECOA Climate Capital,2021.0,68188.0,9.64,,No,No
GS11612,Top Third Ventures Stove Programme CPA KE0006 – BURN Efficient Cookstoves for Kenya supported by Republic of Korea,GOLD,Gold Standard Certified Project,Household & Community,Cookstoves,Reduction,Sub-Saharan Africa,Kenya,ECOA Climate Capital,2021.0,69203.0,10.66,CCC,No,No
GS11613,Top Third Ventures Stove Programme CPA KE0007 – BURN Efficient Cookstoves for Kenya supported by Republic of Korea,GOLD,Gold Standard Certified Project,Household & Community,Cookstoves,Reduction,Sub-Saharan Africa,Kenya,ECOA Climate Capital,2021.0,31266.0,8.51,,No,No
GS11614,Top Third Ventures Stove Programme CPA KE0008 – BURN Efficient Cookstoves for Kenya supported by Republic of Korea,GOLD,Gold Standard Certified Project,Household & Community,Cookstoves,Reduction,Sub-Saharan Africa,Kenya,ECOA Climate Capital,2021.0,242559.0,11.77,CCC,No,No
GS11617,MicroEnergy Credits – Microfinance for Clean Energy Product Lines - Mongolia –CPA No.001: XacBank LLC,GOLD,Gold Standard Certified Project,Household & Community,Bundled Energy Efficiency,Reduction,Eastern Asia,Mongolia,MicroEnergy Credits,2021.0,104499.0,5.13,A,No,No
GS11618,MicroEnergy Credits – Microfinance for Clean Energy Product Lines - Mongolia –CPA No.002: XacBank LLC,GOLD,Gold Standard Certified Project,Household & Community,Bundled Energy Efficiency,Reduction,Eastern Asia,Mongolia,MicroEnergy Credits,2021.0,90379.0,3.87,A,No,No
GS11619,MicroEnergy Credits – Microfinance for Clean Energy Product Lines - Mongolia –CPA No.003: XacBank LLC,GOLD,Gold Standard Certified Project,Household & Community,Bundled Energy Efficiency,Reduction,Eastern Asia,Mongolia,MicroEnergy Credits,2021.0,4048.0,5.44,,No,No
GS11624,GS1385 Man and Man Enterprise Improved Cooking Stoves Programme in Ghana - VPA003,GOLD,Gold Standard Certified Project,Household & Community,Cookstoves,Reduction,Sub-Saharan Africa,Ghana,Man and Man Enterprise,2021.0,413278.0,6.1,,No,No
GS11628,GS10818 - Dissemination of Improved Cookstoves in India by Greenway - Dissemination of Improved Cookstoves in Karnataka by Greenway - VPA009,GOLD,Gold Standard Certified Project,Household & Community,Cookstoves,Reduction,Southern Asia,India,Greenway Grameen Infra Private Limited,2021.0,50033.0,8.38,CCC,No,No
GS11629,GS10818 - Dissemination of Improved Cookstoves in India by Greenway - Dissemination of Improved Cookstoves in Karnataka by Greenway - VPA010,GOLD,Gold Standard Certified Project,Household & Community,Cookstoves,Reduction,Southern Asia,India,Greenway Grameen Infra Private Limited,2021.0,38323.0,6.06,B,No,No
GS11630,GS10818 - Dissemination of Improved Cookstoves in India by Greenway - Dissemination of Improved Cookstoves in Karnataka by Greenway - VPA011,GOLD,Gold Standard Certified Project,Household & Community,Cookstoves,Reduction,Southern Asia,India,Greenway Grameen Infra Private Limited,2021.0,49975.0,8.87,B,No,No
GS11631,GS10818 - Dissemination of Improved Cookstoves in India by Greenway - Dissemination of Improved Cookstoves in Karnataka by Greenway - VPA012,GOLD,Gold Standard Certified Project,Household & Community,Cookstoves,Reduction,Southern Asia,India,Greenway Grameen Infra Private Limited,2021.0,38248.0,11.71,B,No,No
GS11632,GS10818 - Dissemination of Improved Cookstoves in India by Greenway - Dissemination of Improved Cookstoves in Karnataka by Greenway - VPA013,GOLD,Gold Standard Certified Project,Household & Community,Cookstoves,Reduction,Southern Asia,India,Greenway Grameen Infra Private Limited,2021.0,54524.0,11.66,CCC,No,No
GS11633,GS10818 - Dissemination of Improved Cookstoves in India by Greenway - Dissemination of Improved Cookstoves in Karnataka by Greenway - VPA014,GOLD,Gold Standard Certified Project,Household & Community,Cookstoves,Reduction,Southern Asia,India,Greenway Grameen Infra Private Limited,2022.0,49652.0,5.81,,No,No
GS11634,GS10818 - Dissemination of Improved Cookstoves in India by Greenway - Dissemination of Improved Cookstoves in Karnataka by Greenway - VPA015,GOLD,Gold Standard Certified Project,Household & Community,Cookstoves,Reduction,Southern Asia,India,Greenway Grameen Infra Private Limited,2022.0,48292.0,9.79,CCC,No,No
GS11639,GS11638 VPA-1 SPOUTS Water Purifier Programme in Africa- WPS in Rwanda- VPA 1,GOLD,Gold Standard Certified Project,Household & Community,Clean Water,Reduction,Sub-Saharan Africa,Rwanda,AGS Carbon Advisory,2023.0,38702.0,9.43,BB,No,No
GS11640,GS11638 VPA-2 SPOUTS Water Purifier Programme in Africa- WPS in Uganda by TASC- VPA 2,GOLD,Gold Standard Certified Project,Household & Community,Clean Water,Reduction,Sub-Saharan Africa,Uganda,AGS Carbon Advisory,2022.0,40076.0,8.88,B,No,No
GS11644,Myanmar Stoves Campaign - Soneva in Myanmar - VPA No. 018,GOLD,Gold Standard Certified Project,Household & Community,Cookstoves,Reduction,South-Eastern Asia,Myanmar,Soneva Foundation,2021.0,9371.0,10.84,,No,No
GS11645,Myanmar Stoves Campaign - Soneva in Myanmar - VPA No. 019,GOLD,Gold Standard Certified Project,Household & Community,Cookstoves,Reduction,South-Eastern Asia,Myanmar,Soneva Foundation,2021.0,9278.0,11.68,,No,No
GS11646,Myanmar Stoves Campaign - Soneva in Myanmar - VPA No. 020,GOLD,Gold Standard Certified Project,Household & Community,Cookstoves,Reduction,South-Eastern Asia,Myanmar,Soneva Foundation,2021.0,7019.0,7.11,,No,No
GS11647,UpEnergy-Social and Climate Impact Programme- Cooking Devices VPA-15,GOLD,Gold Standard Certified Project,Household & Community,Cookstoves,Reduction,Sub-Saharan Africa,Uganda,UpEnergy Group,2022.0,7732.0,9.37,B,No,No
GS11655,Implementation of clean energy technology in rural areas of India-1,GOLD,Gold Standard Certified Project,Household & Community,Biodigesters,Reduction,Southern Asia,India,GRENEITY INFOCOM SERVICE PRIVATE LIMITED,2021.0,45329.0,8.78,B,No,No
GS11656,Implementation of clean energy technology in rural areas of India-2,GOLD,Gold Standard Certified Project,Household & Community,Biodigesters,Reduction,Southern Asia,India,GRENEITY INFOCOM SERVICE PRIVATE LIMITED,2021.0,79618.0,9.21,BB,No,No
GS11662,Gazisehir LFG Utilization Project,GOLD,Gold Standard Certified Project,Waste Management,Landfill Methane,Reduction,Western Asia,Türkiye,CEV Enerji retim Sanayi ve Ticaret Limited _irket,2022.0,538985.0,5.76,AA,No,No
GS11671,GS10789 GS11671 VPA61: Efficient and Clean  Cooking for households in Nigeria,GOLD,Gold Standard Certified Project,Household & Community,Cookstoves,Reduction,Sub-Saharan Africa,Nigeria,Global Cookstoves Ltd.,2021.0,1226565.0,7.2,CCC,No,No
GS11673,GS10789 VPA81: Efficient and Clean Cooking for households in Senegal,GOLD,Gold Standard Certified Project,Household & Community,Cookstoves,Reduction,Sub-Saharan Africa,Senegal,Global Cookstoves Ltd.,2021.0,57721.0,7.87,BB,No,No
GS11674,Dongrui Animal Manure Management System GHG Mitigation Project in Heyuan City,GOLD,Gold Standard Certified Project,Agriculture,Manure Methane Digester,Reduction,Eastern Asia,China,Profit Carbon Environmental Energy Technology (Shanghai) Co. Ltd.,2021.0,314729.0,7.99,,No,No
GS11682,Uganda Dairy Biogas Program,GOLD,Gold Standard Certified Project,Household & Community,Biodigesters,Reduction,Sub-Saharan Africa,Uganda,SISTEMA.BIO INC.,2024.0,6531.0,9.01,B,No,No
GS11691,CPA-KE-010-Kenya Samsung Mombasa Project,GOLD,Gold Standard Certified Project,Household & Community,Cookstoves,Reduction,Sub-Saharan Africa,Kenya,GREEN DEVELOPMENT AS,2021.0,92919.0,7.9,B,No,No
GS11692,CDM-KE-011 Kenya EcoEye Mombasa Project,GOLD,Gold Standard Certified Project,Household & Community,Cookstoves,Reduction,Sub-Saharan Africa,Kenya,GREEN DEVELOPMENT AS,2021.0,27037.0,9.29,,No,No
GS11693,CPA-KE-012-Kenya Samsung Project,GOLD,Gold Standard Certified Project,Household & Community,Cookstoves,Reduction,Sub-Saharan Africa,Kenya,GREEN DEVELOPMENT AS,2021.0,188273.0,12.84,,No,No
GS11694,Mubende Stoves Improved Cook Stoves Enterprise,GOLD,Gold Standard Certified Project,Household & Community,Cookstoves,Reduction,Sub-Saharan Africa,Uganda,Mubende Stoves Limited,2022.0,20176.0,8.64,CCC,No,No
GS11696,GS11695 VPA-1 Water Purifier Project in Maharashtra India,GOLD,Gold Standard Certified Project,Household & Community,Clean Water,Reduction,Southern Asia,India,AGS Carbon Advisory,2023.0,6281.0,5.67,BBB,No,No
GS11709,Methane Reduction from Rice Cultivation in Punjab Pakistan,GOLD,Gold Standard Certified Project,Agriculture,Rice Emission Reductions,Reduction,Southern Asia,Pakistan,NetZeroAg Ltd,2022.0,46714.0,9.6,A,No,No
GS11721,The OASIS Box Sustainable Project,GOLD,Gold Standard Certified Project,Household & Community,Clean Water,Reduction,Southern Asia,Pakistan,BONDH-E-SHAMS,2024.0,10449.0,7.75,B,No,No
GS11722,Promotion of clean cooking solutions in rural India by Infosys – VPA 2,GOLD,Gold Standard Certified Project,Household & Community,Biodigesters,Reduction,Southern Asia,India,Infosys,2021.0,87320.0,6.38,BB,No,No
GS11728,Manaus Landfill Gas Project,GOLD,Gold Standard Certified Project,Waste Management,Landfill Methane,Reduction,Latin America and the Caribbean,Brazil,CONESTOGA-ROVERS ENGENHARIA LTDA,2021.0,603867.0,4.42,AA,No,No
GS11729,Agasco Improved Cookstoves Nigeria,GOLD,Gold Standard Certified Project,Household & Community,Cookstoves,Reduction,Sub-Saharan Africa,Nigeria,AGASCO Limited,2023.0,38183.0,8.08,,No,No
GS11731,GS10789 GS 10790 RVPA 47: Efficient and Clean Cooking for households in Tanzania,GOLD,Gold Standard Certified Project,Household & Community,Cookstoves,Reduction,Sub-Saharan Africa,Tanzania,Global Cookstoves Ltd.,2022.0,65089.0,11.73,CCC,No,No
GS11732,GS10789 GS 10790 VPA42: Efficient and Clean  Cooking for households in Tanzania,GOLD,Gold Standard Certified Project,Household & Community,Cookstoves,Reduction,Sub-Saharan Africa,Tanzania,ECOA Climate Capital,2022.0,133002.0,9.58,CCC,No,No
GS11736,CTR São Gonçalo landfill gas project,GOLD,Gold Standard Certified Project,Waste Management,Landfill Methane,Reduction,Latin America and the Caribbean,Brazil,ORIZON VALORIZACAO DE RESIDUOS S.A,2021.0,177306.0,4.48,BBB,No,No
GS11741,GS10789 VPA66: Efficient and Clean Cooking for households in Nigeria,GOLD,Gold Standard Certified Project,Household & Community,Cookstoves,Reduction,Sub-Saharan Africa,Nigeria,Global Cookstoves Ltd.,2023.0,69900.0,7.77,B,No,No
GS11744,VPA 47 - GHG Emission Reduction through use of Bondhu Chula (Improved Cook Stoves) in Bangladesh,GOLD,Gold Standard Certified Project,Household & Community,Cookstoves,Reduction,Southern Asia,Bangladesh,Bangladesh Bondhu Foundation,2021.0,7968.0,7.23,BBB,No,No
GS11745,VPA 48 - GHG Emission Reduction through use of Bondhu Chula (Improved Cook Stoves) in Bangladesh,GOLD,Gold Standard Certified Project,Household & Community,Cookstoves,Reduction,Southern Asia,Bangladesh,Bangladesh Bondhu Foundation,2021.0,8462.0,10.13,A,No,No
GS11747,VPA 50 - GHG Emission Reduction through use of Bondhu Chula (Improved Cook Stoves) in Bangladesh,GOLD,Gold Standard Certified Project,Household & Community,Cookstoves,Reduction,Southern Asia,Bangladesh,Bangladesh Bondhu Foundation,2021.0,2134.0,9.76,A,No,No
GS11748,VPA 51 - GHG Emission Reduction through use of Bondhu Chula (Improved Cook Stoves) in Bangladesh,GOLD,Gold Standard Certified Project,Household & Community,Cookstoves,Reduction,Southern Asia,Bangladesh,Bangladesh Bondhu Foundation,2021.0,3532.0,7.29,BB,No,No
GS11753,VPA 56 - GHG Emission Reduction through use of Bondhu Chula (Improved Cook Stoves) in Bangladesh,GOLD,Gold Standard Certified Project,Household & Community,Cookstoves,Reduction,Southern Asia,Bangladesh,Bangladesh Bondhu Foundation,2021.0,1977.0,10.48,BB,No,No
GS11755,VPA 58- GHG Emission Reduction through use of Bondhu Chula (Improved Cook Stoves) in Bangladesh,GOLD,Gold Standard Certified Project,Household & Community,Cookstoves,Reduction,Southern Asia,Bangladesh,Bangladesh Bondhu Foundation,2022.0,4404.0,12.29,BB,No,No
GS11778,VPA 81 - GHG Emission Reduction through use of Bondhu Chula (Improved Cook Stoves) in Bangladesh,GOLD,Gold Standard Certified Project,Household & Community,Cookstoves,Reduction,Southern Asia,Bangladesh,Bangladesh Bondhu Foundation,2022.0,5180.0,10.45,B,No,No
GS11779,VPA 82 - GHG Emission Reduction through use of Bondhu Chula (Improved Cook Stoves) in Bangladesh,GOLD,Gold Standard Certified Project,Household & Community,Cookstoves,Reduction,Southern Asia,Bangladesh,Bangladesh Bondhu Foundation,2022.0,8440.0,9.8,BB,No,No
GS11780,VPA 83 - GHG Emission Reduction through use of Bondhu Chula (Improved Cook Stoves) in Bangladesh,GOLD,Gold Standard Certified Project,Household & Community,Cookstoves,Reduction,Southern Asia,Bangladesh,Bangladesh Bondhu Foundation,2022.0,8440.0,13.36,BB,No,No
GS11781,VPA 84 - GHG Emission Reduction through use of Bondhu Chula (Improved Cook Stoves) in Bangladesh,GOLD,Gold Standard Certified Project,Household & Community,Cookstoves,Reduction,Southern Asia,Bangladesh,Bangladesh Bondhu Foundation,2022.0,8440.0,10.83,BB,No,No
GS11782,VPA 85 - GHG Emission Reduction through use of Bondhu Chula (Improved Cook Stoves) in Bangladesh,GOLD,Gold Standard Certified Project,Household & Community,Cookstoves,Reduction,Southern Asia,Bangladesh,Bangladesh Bondhu Foundation,2022.0,8440.0,9.85,CCC,No,No
GS11783,VPA 86 - GHG Emission Reduction through use of Bondhu Chula (Improved Cook Stoves) in Bangladesh,GOLD,Gold Standard Certified Project,Household & Community,Cookstoves,Reduction,Southern Asia,Bangladesh,Bangladesh Bondhu Foundation,2022.0,8439.0,11.4,B,No,No
GS11784,VPA 87 - GHG Emission Reduction through use of Bondhu Chula (Improved Cook Stoves) in Bangladesh,GOLD,Gold Standard Certified Project,Household & Community,Cookstoves,Reduction,Southern Asia,Bangladesh,Bangladesh Bondhu Foundation,2022.0,8438.0,7.0,B,No,No
GS11785,Efficient Cooking Initiative for off-grid Communities,GOLD,Gold Standard Certified Project,Household & Community,Cookstoves,Reduction,Southern Asia,Nepal,Value Network Ventures Pte. Ltd.,2022.0,13325.0,13.85,BBB,No,No
GS11807,VPA 49 - GHG Emission Reduction through use of Bondhu Chula (Improved Cook Stoves) in Bangladesh,GOLD,Gold Standard Certified Project,Household & Community,Cookstoves,Reduction,Southern Asia,Bangladesh,Bangladesh Bondhu Foundation,2021.0,8462.0,10.27,BBB,No,No
GS11809,GS Microscale PoA : Integrated Domestic  Energy Systems (IDES) for rural communities  in India– RVPA 01,GOLD,Gold Standard Certified Project,Household & Community,Cookstoves,Reduction,Southern Asia,India,Value Network Ventures Pte. Ltd.,2021.0,8055.0,8.81,B,No,No
GS11810,GS Microscale PoA : Integrated Domestic  Energy Systems (IDES) for rural communities  in India– RVPA 02,GOLD,Gold Standard Certified Project,Household & Community,Cookstoves,Reduction,Southern Asia,India,Value Network Ventures Pte. Ltd.,2021.0,8055.0,10.49,BBB,No,No
GS11811,GS Microscale PoA : Integrated Domestic  Energy Systems (IDES) for rural communities  in India– RVPA 03,GOLD,Gold Standard Certified Project,Household & Community,Cookstoves,Reduction,Southern Asia,India,Value Network Ventures Pte. Ltd.,2021.0,7833.0,6.77,CCC,No,No
GS11812,GS Microscale PoA : Integrated Domestic  Energy Systems (IDES) for rural communities  in India– RVPA 04,GOLD,Gold Standard Certified Project,Household & Community,Cookstoves,Reduction,Southern Asia,India,Value Network Ventures Pte. Ltd.,2021.0,4620.0,7.73,CCC,No,No
GS11813,GS Microscale VPA : Integrated Domestic Energy Systems (IDES) for rural communities in India,GOLD,Gold Standard Certified Project,Household & Community,Cookstoves,Reduction,Southern Asia,India,Value Network Ventures Pte. Ltd.,2022.0,6624.0,10.26,B,No,No
GS11817,PoA GS11815- Electric Cooking Program by ATEC - Electric Cooking Program in Bangladesh by ATEC-VPA02,GOLD,Gold Standard Certified Project,Household & Community,Cookstoves,Reduction,Southern Asia,Bangladesh,ATEC Australia-International Pty Ltd,2022.0,3612.0,11.32,BB,No,No
GS11835,VPA 88  - GHG Emission Reduction through use of Bondhu Chula (Improved Cook Stoves) in Bangladesh,GOLD,Gold Standard Certified Project,Household & Community,Cookstoves,Reduction,Southern Asia,Bangladesh,Bangladesh Bondhu Foundation,2022.0,10024.0,7.03,CCC,No,No
GS11836,VPA 89 - GHG Emission Reduction through use of Bondhu Chula (Improved Cook Stoves) in Bangladesh,GOLD,Gold Standard Certified Project,Household & Community,Cookstoves,Reduction,Southern Asia,Bangladesh,Bangladesh Bondhu Foundation,2022.0,8440.0,9.66,B,No,No
GS11837,VPA 90  - GHG Emission Reduction through use of Bondhu Chula (Improved Cook Stoves) in Bangladesh,GOLD,Gold Standard Certified Project,Household & Community,Cookstoves,Reduction,Southern Asia,Bangladesh,Bangladesh Bondhu Foundation,2022.0,8440.0,7.8,CCC,No,No
GS11838,VPA 91  - GHG Emission Reduction through use of Bondhu Chula (Improved Cook Stoves) in Bangladesh,GOLD,Gold Standard Certified Project,Household & Community,Cookstoves,Reduction,Southern Asia,Bangladesh,Bangladesh Bondhu Foundation,2022.0,8440.0,8.95,B,No,No
GS11839,VPA  92  - GHG Emission Reduction through use of Bondhu Chula (Improved Cook Stoves) in Bangladesh,GOLD,Gold Standard Certified Project,Household & Community,Cookstoves,Reduction,Southern Asia,Bangladesh,Bangladesh Bondhu Foundation,2022.0,8439.0,7.65,,No,No
GS11840,VPA 93  - GHG Emission Reduction through use of Bondhu Chula (Improved Cook Stoves) in Bangladesh,GOLD,Gold Standard Certified Project,Household & Community,Cookstoves,Reduction,Southern Asia,Bangladesh,Bangladesh Bondhu Foundation,2022.0,8438.0,10.95,B,No,No
GS11841,VPA 94 - GHG Emission Reduction through use of Bondhu Chula (Improved Cook Stoves) in Bangladesh,GOLD,Gold Standard Certified Project,Household & Community,Cookstoves,Reduction,Southern Asia,Bangladesh,Bangladesh Bondhu Foundation,2022.0,8439.0,10.02,BB,No,No
GS11842,VPA 95- GHG Emission Reduction through use of Bondhu Chula (Improved Cook Stoves) in Bangladesh,GOLD,Gold Standard Certified Project,Household & Community,Cookstoves,Reduction,Southern Asia,Bangladesh,Bangladesh Bondhu Foundation,2022.0,8441.0,7.23,B,No,No
GS11843,VPA 96 - GHG Emission Reduction through use of Bondhu Chula (Improved Cook Stoves) in Bangladesh,GOLD,Gold Standard Certified Project,Household & Community,Cookstoves,Reduction,Southern Asia,Bangladesh,Bangladesh Bondhu Foundation,2022.0,8440.0,10.55,CCC,No,No
GS11844,VPA 97  - GHG Emission Reduction through use of Bondhu Chula (Improved Cook Stoves) in Bangladesh,GOLD,Gold Standard Certified Project,Household & Community,Cookstoves,Reduction,Southern Asia,Bangladesh,Bangladesh Bondhu Foundation,2022.0,8440.0,10.25,BB,No,No
GS11845,VPA 98 - GHG Emission Reduction through use of Bondhu Chula (Improved Cook Stoves) in Bangladesh,GOLD,Gold Standard Certified Project,Household & Community,Cookstoves,Reduction,Southern Asia,Bangladesh,Bangladesh Bondhu Foundation,2022.0,8439.0,9.52,B,No,No
GS11846,VPA 99  - GHG Emission Reduction through use of Bondhu Chula (Improved Cook Stoves) in Bangladesh,GOLD,Gold Standard Certified Project,Household & Community,Cookstoves,Reduction,Southern Asia,Bangladesh,Bangladesh Bondhu Foundation,2022.0,8440.0,7.19,BB,No,No
GS11847,VPA 100  - GHG Emission Reduction through use of Bondhu Chula (Improved Cook Stoves) in Bangladesh,GOLD,Gold Standard Certified Project,Household & Community,Cookstoves,Reduction,Southern Asia,Bangladesh,Bangladesh Bondhu Foundation,2022.0,8441.0,7.83,B,No,No
GS11855,Improved Woodstove Project 2 in Udaipur,GOLD,Gold Standard Certified Project,Household & Community,Cookstoves,Reduction,Southern Asia,India,Infosys,2022.0,40865.0,8.5,,No,No
GS11861,GS11638 GS11640 RVPA-1 SPOUTS Water Purifier Programme in Africa- WPS in Uganda by TASC- VPA 3,GOLD,Gold Standard Certified Project,Household & Community,Clean Water,Reduction,Sub-Saharan Africa,Uganda,AGS Carbon Advisory,2022.0,35933.0,6.27,BBB,No,No
GS11863,Bundled Renewable Power Project by Jai Bharat Gp,GOLD,Gold Standard Certified Project,Renewable Energy,Wind,Reduction,Southern Asia,India,EKI Energy Services Limited,2021.0,16839.0,2.58,,No,No
GS11877,GS11876 Improved Cookstove Distribution Across Rural Parts of India,GOLD,Gold Standard Certified Project,Household & Community,Cookstoves,Reduction,Southern Asia,India,Value Network Ventures Pte. Ltd.,2022.0,8092.0,10.26,BB,No,No
GS11878,GS11877 GS11876 Improved Cookstove Distribution Across Rural Parts of India- RVPA 01,GOLD,Gold Standard Certified Project,Household & Community,Cookstoves,Reduction,Southern Asia,India,Value Network Ventures Pte. Ltd.,2022.0,10464.0,10.36,BB,No,No
GS11879,CPA 056 - Charcoal Stoves in Kenya,GOLD,Gold Standard Certified Project,Household & Community,Cookstoves,Reduction,Sub-Saharan Africa,Kenya,BioLite Inc.,2022.0,49281.0,8.75,B,No,No
GS11880,CPA 057 - Charcoal Stoves in Kenya,GOLD,Gold Standard Certified Project,Household & Community,Cookstoves,Reduction,Sub-Saharan Africa,Kenya,BioLite Inc.,2022.0,46712.0,8.31,B,No,No
GS11881,CPA 058 – Charcoal Stoves in Kenya,GOLD,Gold Standard Certified Project,Household & Community,Cookstoves,Reduction,Sub-Saharan Africa,Kenya,BioLite Inc.,2022.0,46643.0,6.57,B,No,No
GS11882,CPA 059 – Charcoal Stoves in Kenya,GOLD,Gold Standard Certified Project,Household & Community,Cookstoves,Reduction,Sub-Saharan Africa,Kenya,BioLite Inc.,2022.0,34658.0,9.2,B,No,No
GS11883,CPA 060 – Charcoal Stoves in Kenya,GOLD,Gold Standard Certified Project,Household & Community,Cookstoves,Reduction,Sub-Saharan Africa,Kenya,BioLite Inc.,2023.0,18216.0,9.17,,No,No
GS11884,CPA 061 – Charcoal Stoves in Kenya,GOLD,Gold Standard Certified Project,Household & Community,Cookstoves,Reduction,Sub-Saharan Africa,Kenya,BioLite Inc.,2023.0,1214.0,8.48,,No,No
GS11891,Foundation Wind Energy-I Limited 50 MW Wind Farm Project,GOLD,Gold Standard Certified Project,Renewable Energy,Wind,Reduction,Southern Asia,Pakistan,Foundation Wind Energy-II (Private) Limited,2021.0,108503.0,2.74,,No,No
GS11892,Foundation Wind Energy-II (Private) Limited 50 MW Wind Farm Project,GOLD,Gold Standard Certified Project,Renewable Energy,Wind,Reduction,Southern Asia,Pakistan,Foundation Wind Energy-II (Private) Limited,2021.0,118925.0,1.78,,No,No
GS11894,GS11450 - MicroEnergy Credits – Microfinance for Clean Energy Product Lines – India - CPA 35 - GS11894,GOLD,Gold Standard Certified Project,Household & Community,Bundled Energy Efficiency,Reduction,Southern Asia,India,MicroEnergy Credits,2021.0,31821.0,5.05,AA,No,No
GS11895,GS11450 - MicroEnergy Credits – Microfinance for Clean Energy Product Lines – India - CPA 36 - GS11895,GOLD,Gold Standard Certified Project,Household & Community,Bundled Energy Efficiency,Reduction,Southern Asia,India,MicroEnergy Credits,2021.0,71264.0,3.46,A,No,No
GS11896,GS11450 - MicroEnergy Credits – Microfinance for Clean Energy Product Lines – India - CPA 37 - GS11896,GOLD,Gold Standard Certified Project,Household & Community,Bundled Energy Efficiency,Reduction,Southern Asia,India,MicroEnergy Credits,2021.0,59962.0,3.27,BBB,No,No
GS11897,GS11450 - MicroEnergy Credits – Microfinance for Clean Energy Product Lines – India - CPA 38 - GS11897,GOLD,Gold Standard Certified Project,Household & Community,Bundled Energy Efficiency,Reduction,Southern Asia,India,MicroEnergy Credits,2021.0,36890.0,3.54,,No,No
GS11898,GS11450 - MicroEnergy Credits – Microfinance for Clean Energy Product Lines – India - CPA 39 - GS11898,GOLD,Gold Standard Certified Project,Household & Community,Bundled Energy Efficiency,Reduction,Southern Asia,India,MicroEnergy Credits,2021.0,7483.0,3.28,B,No,No
GS11899,Panama Tropical Reforestation,GOLD,Gold Standard Certified Project,Forestry & Land Use,Afforestation/Reforestation,Impermanent Removal,Latin America and the Caribbean,Panama,Panama Reforestation Services S.A.,2020.0,98784.0,20.93,,Yes,No
GS11901,TASC Clean Cooking PoA - VPA 6 (Zambia),GOLD,Gold Standard Certified Project,Household & Community,Cookstoves,Reduction,Sub-Saharan Africa,Zambia,THE AFRICAN STOVE COMPANY LIMITED,2023.0,355037.0,14.4,B,No,No
GS11902,GS11677 Malawi Biomass Energy Conservation Programme CPA 2,GOLD,Gold Standard Certified Project,Household & Community,Cookstoves,Reduction,Sub-Saharan Africa,Malawi,Hestian Innovation,2021.0,5692.0,10.16,CCC,No,No
GS11903,GS11677 GS11902 Malawi Biomass Energy Conservation Programme CPA 3,GOLD,Gold Standard Certified Project,Household & Community,Cookstoves,Reduction,Sub-Saharan Africa,Malawi,Hestian Innovation,2021.0,15246.0,6.99,CCC,No,No
GS11905,GS11677 GS11902 Malawi Biomass Energy Conservation Programme CPA 5,GOLD,Gold Standard Certified Project,Household & Community,Cookstoves,Reduction,Sub-Saharan Africa,Malawi,Hestian Innovation,2021.0,14349.0,7.14,CCC,No,No
GS11906,GS11677 GS11902 Malawi Biomass Energy Conservation Programme CPA 6,GOLD,Gold Standard Certified Project,Household & Community,Cookstoves,Reduction,Sub-Saharan Africa,Malawi,Hestian Innovation,2021.0,41492.0,9.03,,No,No
GS11907,GS11677 GS11902 Malawi Biomass Energy Conservation Programme CPA 7,GOLD,Gold Standard Certified Project,Household & Community,Cookstoves,Reduction,Sub-Saharan Africa,Malawi,Hestian Innovation,2021.0,46612.0,9.19,CCC,No,No
GS11908,GS11677 GS11902 Malawi Biomass Energy Conservation Programme CPA 8,GOLD,Gold Standard Certified Project,Household & Community,Cookstoves,Reduction,Sub-Saharan Africa,Malawi,Hestian Innovation,2021.0,20108.0,6.58,B,No,No
GS11909,GS11677 GS11902 Malawi Biomass Energy Conservation Programme CPA 9,GOLD,Gold Standard Certified Project,Household & Community,Cookstoves,Reduction,Sub-Saharan Africa,Malawi,Hestian Innovation,2021.0,6534.0,8.97,B,No,No
GS11910,GS11677 GS11902 Malawi Biomass Energy Conservation Programme CPA 10,GOLD,Gold Standard Certified Project,Household & Community,Cookstoves,Reduction,Sub-Saharan Africa,Malawi,Hestian Innovation,2021.0,13183.0,7.67,CCC,No,No
GS11911,GS11677 GS11902 Malawi Biomass Energy Conservation Programme CPA 11,GOLD,Gold Standard Certified Project,Household & Community,Cookstoves,Reduction,Sub-Saharan Africa,Malawi,Hestian Innovation,2021.0,54887.0,10.63,CCC,No,No
GS11912,GS11677 GS11902 Malawi Biomass Energy Conservation Programme CPA 12,GOLD,Gold Standard Certified Project,Household & Community,Cookstoves,Reduction,Sub-Saharan Africa,Malawi,Hestian Innovation,2021.0,60643.0,13.79,,No,No
GS11913,GS11677 GS11902 Malawi Biomass Energy Conservation Programme CPA 13,GOLD,Gold Standard Certified Project,Household & Community,Cookstoves,Reduction,Sub-Saharan Africa,Malawi,Hestian Innovation,2021.0,63419.0,7.7,CCC,No,No
GS11914,GS11677 GS11902 Malawi Biomass Energy Conservation Programme CPA 14,GOLD,Gold Standard Certified Project,Household & Community,Cookstoves,Reduction,Sub-Saharan Africa,Malawi,Hestian Innovation,2021.0,52694.0,8.48,,No,No
GS11915,GS11677 GS11902 Malawi Biomass Energy Conservation Programme CPA 15,GOLD,Gold Standard Certified Project,Household & Community,Cookstoves,Reduction,Sub-Saharan Africa,Malawi,Hestian Innovation,2021.0,73270.0,7.86,CCC,No,No
GS11916,GS11677 GS11902 Malawi Biomass Energy Conservation Programme CPA 16,GOLD,Gold Standard Certified Project,Household & Community,Cookstoves,Reduction,Sub-Saharan Africa,Malawi,Hestian Innovation,2021.0,77389.0,7.9,CCC,No,No
GS11917,GS11677 GS11902 Malawi Biomass Energy Conservation Programme CPA 17,GOLD,Gold Standard Certified Project,Household & Community,Cookstoves,Reduction,Sub-Saharan Africa,Malawi,Hestian Innovation,2021.0,24412.0,7.08,B,No,No
GS11918,GS11677 GS11902 Malawi Biomass Energy Conservation Programme CPA 18,GOLD,Gold Standard Certified Project,Household & Community,Cookstoves,Reduction,Sub-Saharan Africa,Malawi,Hestian Innovation,2021.0,53317.0,7.35,B,No,No
GS11919,GS11677 GS11902 Malawi Biomass Energy Conservation Programme CPA 19,GOLD,Gold Standard Certified Project,Household & Community,Cookstoves,Reduction,Sub-Saharan Africa,Malawi,Hestian Innovation,2021.0,76990.0,8.56,CCC,No,No
GS11920,GS11677 GS11902 Malawi Biomass Energy Conservation Programme CPA 20,GOLD,Gold Standard Certified Project,Household & Community,Cookstoves,Reduction,Sub-Saharan Africa,Malawi,Hestian Innovation,2021.0,83288.0,6.39,CCC,No,No
GS11921,GS11677 GS11902 Malawi Biomass Energy Conservation Programme CPA 21,GOLD,Gold Standard Certified Project,Household & Community,Cookstoves,Reduction,Sub-Saharan Africa,Malawi,Hestian Innovation,2021.0,52476.0,8.32,,No,No
GS11922,GS11677 GS11902 Malawi Biomass Energy Conservation Programme CPA 22,GOLD,Gold Standard Certified Project,Household & Community,Cookstoves,Reduction,Sub-Saharan Africa,Malawi,Hestian Innovation,2021.0,83687.0,7.89,CCC,No,No
GS11923,GS11677 GS11902 Malawi Biomass Energy Conservation Programme CPA 23,GOLD,Gold Standard Certified Project,Household & Community,Cookstoves,Reduction,Sub-Saharan Africa,Malawi,Hestian Innovation,2021.0,89260.0,7.23,B,No,No
GS11924,GS11677 GS11902 Malawi Biomass Energy Conservation Programme CPA 24,GOLD,Gold Standard Certified Project,Household & Community,Cookstoves,Reduction,Sub-Saharan Africa,Malawi,Hestian Innovation,2021.0,97348.0,11.11,CCC,No,No
GS11925,GS11677 GS11902 Malawi Biomass Energy Conservation Programme CPA 25,GOLD,Gold Standard Certified Project,Household & Community,Cookstoves,Reduction,Sub-Saharan Africa,Malawi,Hestian Innovation,2021.0,7179.0,9.76,CCC,No,No
GS11926,GS11677 GS11902 Malawi Biomass Energy Conservation Programme CPA 26,GOLD,Gold Standard Certified Project,Household & Community,Cookstoves,Reduction,Sub-Saharan Africa,Malawi,Hestian Innovation,2021.0,98757.0,9.17,CCC,No,No
GS11927,GS11677 GS11902 Malawi Biomass Energy Conservation Programme CPA 27,GOLD,Gold Standard Certified Project,Household & Community,Cookstoves,Reduction,Sub-Saharan Africa,Malawi,Hestian Innovation,2021.0,63990.0,9.95,BB,No,No
GS11928,GS11677 GS11902 Malawi Biomass Energy Conservation Programme CPA 29,GOLD,Gold Standard Certified Project,Household & Community,Cookstoves,Reduction,Sub-Saharan Africa,Malawi,Hestian Innovation,2021.0,17539.0,7.23,,No,No
GS11929,GS11677 GS11902 Malawi Biomass Energy Conservation Programme CPA 31,GOLD,Gold Standard Certified Project,Household & Community,Cookstoves,Reduction,Sub-Saharan Africa,Malawi,Hestian Innovation,2021.0,44236.0,6.58,CCC,No,No
GS11930,GS11677 GS11902 Malawi Biomass Energy Conservation Programme CPA 33,GOLD,Gold Standard Certified Project,Household & Community,Cookstoves,Reduction,Sub-Saharan Africa,Malawi,Hestian Innovation,2021.0,103935.0,9.37,B,No,No
GS11931,GS11677 GS11902 Malawi Biomass Energy Conservation Programme CPA 35,GOLD,Gold Standard Certified Project,Household & Community,Cookstoves,Reduction,Sub-Saharan Africa,Malawi,Hestian Innovation,2021.0,103312.0,8.83,CCC,No,No
GS11932,GS11677 GS11902 Malawi Biomass Energy Conservation Programme CPA 37,GOLD,Gold Standard Certified Project,Household & Community,Cookstoves,Reduction,Sub-Saharan Africa,Malawi,Hestian Innovation,2021.0,97689.0,8.62,CCC,No,No
GS11933,TMS Tankers Ltd. Shipping Retrofit Project 1,GOLD,Gold Standard Certified Project,Transportation,Shipping,Reduction,International,International,TMS TANKERS LTD.,2021.0,64227.0,6.51,CCC,No,No
GS11935,GS11934 VPA-1 Promoting sustainable use of biomass energy resources in targeted communities,GOLD,Gold Standard Certified Project,Household & Community,Cookstoves,Reduction,Southern Asia,Nepal,Value Network Ventures Pte. Ltd.,2022.0,13600.0,8.98,CCC,No,No
GS11945,Samarth- Empowering lives through clean technology,GOLD,Gold Standard Certified Project,Household & Community,Cookstoves,Reduction,Southern Asia,India,Udaipur Urja Initiatives,2023.0,26043.0,9.74,A,No,No
GS11947,Cookstove Distribution by Infosys in Meghalaya,GOLD,Gold Standard Certified Project,Household & Community,Cookstoves,Reduction,Southern Asia,India,Infosys,2022.0,27696.0,7.13,CCC,No,No
GS11948,SUVIDHA's Decentralized Energy Interventions for Rural Communities in India VPA – 4 (Himachal Pradesh IndiGo),GOLD,Gold Standard Certified Project,Household & Community,Bundled Energy Efficiency,Reduction,Southern Asia,India,Society for the Upliftment of Villagers and Development of Himalayan Areas (SUVIDHA),2023.0,6888.0,3.54,BBB,No,No
GS11951,GS1340 - Efficient cookstoves in Burkina Faso - Solidagro F3PA cookstoves in Boulkiemdé - VPA-41,GOLD,Gold Standard Certified Project,Household & Community,Cookstoves,Reduction,Sub-Saharan Africa,Burkina Faso,CO2logic,2022.0,3397.0,11.89,B,No,No
GS11952,GS1340 - Efficient cookstoves in Burkina Faso - Solidagro F3PA cookstoves in Boulkiemdé - VPA-42,GOLD,Gold Standard Certified Project,Household & Community,Cookstoves,Reduction,Sub-Saharan Africa,Burkina Faso,CO2logic,2022.0,10000.0,9.14,,No,No
GS11953,GS1340 - Efficient cookstoves in Burkina Faso - Solidagro F3PA cookstoves in Boulkiemdé - VPA-43,GOLD,Gold Standard Certified Project,Household & Community,Cookstoves,Reduction,Sub-Saharan Africa,Burkina Faso,CO2logic,2023.0,9083.0,10.44,B,No,No
GS11968,VCC Benin Water Purifier Project,GOLD,Gold Standard Certified Project,Household & Community,Clean Water,Reduction,Sub-Saharan Africa,Benin,PRIM0CARB0N PTE. LTD.,2022.0,500903.0,5.92,CCC,No,No
GS11972,Togo household water purifier project,GOLD,Gold Standard Certified Project,Household & Community,Clean Water,Reduction,Sub-Saharan Africa,Togo,PRIM0CARB0N PTE. LTD.,2022.0,496009.0,5.29,B,No,No
GS11983,Hung Hai Gia Lai Wind Power Project,GOLD,Gold Standard Certified Project,Renewable Energy,Wind,Reduction,South-Eastern Asia,Viet Nam,South Pole Ltd SCV,2022.0,289009.0,3.08,CCC,No,No
GS11988,Smokeless living in rural areas of India,GOLD,Gold Standard Certified Project,Household & Community,Biodigesters,Reduction,Southern Asia,India,GRENEITY INFOCOM SERVICE PRIVATE LIMITED,2022.0,36187.0,9.37,,No,No
GS11989,GS1340 - Efficient cookstoves in Burkina Faso – tiipaalga F3PA cookstoves in Center-South Protected Areas - VPA-47,GOLD,Gold Standard Certified Project,Household & Community,Cookstoves,Reduction,Sub-Saharan Africa,Burkina Faso,Tiipaalga,2023.0,2199.0,13.54,BB,No,No
GS11994,GS11993 VPA1:  African Clean Energy for Cooking in Uganda,GOLD,Gold Standard Certified Project,Household & Community,Cookstoves,Reduction,Sub-Saharan Africa,Uganda,African Clean Energy B.V.,2022.0,5380.0,5.46,B,No,No
GS12004,Small-scale solar electrical programme South Africa – CPA-009,GOLD,Gold Standard Certified Project,Renewable Energy,Solar - Distributed,Reduction,Sub-Saharan Africa,South Africa,BLUE WORLD CARBON ASSET MANAGEMENT (PTY) LTD,2022.0,10000.0,3.27,CCC,No,No
GS12011,Solar cooking in Chad Touloum (VPA2),GOLD,Gold Standard Certified Project,Household & Community,Cookstoves,Reduction,Sub-Saharan Africa,Chad,FairClimateFund,2022.0,29142.0,10.14,B,No,No
GS12015,Safe Water in Uganda,GOLD,Gold Standard Certified Project,Household & Community,Community Boreholes,Reduction,Sub-Saharan Africa,Uganda,NET ZERO DANIŞMANLIK ANONİM ŞİRKETİ,2021.0,25210.0,5.67,B,No,No
GS12017,Smokeless Energy efficient cookstoves distribution in Rural India,GOLD,Gold Standard Certified Project,Household & Community,Cookstoves,Reduction,Southern Asia,India,GRENEITY INFOCOM SERVICE PRIVATE LIMITED,2022.0,20640.0,9.94,CCC,No,No
GS12018,Smokeless Energy efficient cookstoves distribution in Rural India-2,GOLD,Gold Standard Certified Project,Household & Community,Cookstoves,Reduction,Southern Asia,India,GRENEITY INFOCOM SERVICE PRIVATE LIMITED,2022.0,18284.0,8.61,BBB,No,No
GS12019,Smokeless Energy efficient cookstoves distribution in Rural India-3,GOLD,Gold Standard Certified Project,Household & Community,Cookstoves,Reduction,Southern Asia,India,GRENEITY INFOCOM SERVICE PRIVATE LIMITED,2022.0,18890.0,8.55,B,No,No
GS12020,Smokeless energy efficient cookstoves distribution in rural India-4,GOLD,Gold Standard Certified Project,Household & Community,Cookstoves,Reduction,Southern Asia,India,GRENEITY INFOCOM SERVICE PRIVATE LIMITED,2022.0,46539.0,12.72,CCC,No,No
GS12023,GS12022-VPA-1-Safe drinking water for households institutions and communities,GOLD,Gold Standard Certified Project,Household & Community,Clean Water,Reduction,Southern Asia,Nepal,Value Network Ventures Pte. Ltd.,2022.0,79839.0,5.84,,No,No
GS12031,GS 12030 VPA 1 Safe Water Project in Kigoma and Dodoma (Tanzania),GOLD,Gold Standard Certified Project,Household & Community,Clean Water,Reduction,Sub-Saharan Africa,Tanzania,WATER MISSIONS INTERNATIONAL,2022.0,72398.0,7.03,BB,No,No
GS12033,Hongera Energy Efficient Cookstoves Project,GOLD,Gold Standard Certified Project,Household & Community,Cookstoves,Reduction,Sub-Saharan Africa,Kenya,DutchGreen Project Management B.V.,2023.0,179504.0,8.64,,No,No
GS12045,Ecoparque João Pessoa Landfill Gas Project,GOLD,Gold Standard Certified Project,Waste Management,Landfill Methane,Reduction,Latin America and the Caribbean,Brazil,ORIZON VALORIZACAO DE RESIDUOS S.A,2021.0,476136.0,3.96,BBB,No,No
GS12047,Ecoparque Candeias Landfill Gas Project,GOLD,Gold Standard Certified Project,Waste Management,Landfill Methane,Reduction,Latin America and the Caribbean,Brazil,ORIZON VALORIZACAO DE RESIDUOS S.A,2021.0,1750331.0,5.67,BBB,No,No
GS12048,Jintai Animal Manure Management System GHG Mitigation Project,GOLD,Gold Standard Certified Project,Agriculture,Manure Methane Digester,Reduction,Eastern Asia,China,Henan Deneng Energy&Environmental Protection Technology Co.Ltd.,2022.0,10171.0,4.58,A,No,No
GS12050,GS11638 GS11640 RVPA-2 SPOUTS Water Purifier Programme in Africa- WPS in Uganda by AERA- VPA 4,GOLD,Gold Standard Certified Project,Household & Community,Clean Water,Reduction,Sub-Saharan Africa,Uganda,AGS Carbon Advisory,2022.0,112066.0,8.25,B,No,No
GS12052,GS11638 GS11640 RVPA-3 SPOUTS Water Purifier Programme in Africa- WPS in Uganda by AERA- VPA 5,GOLD,Gold Standard Certified Project,Household & Community,Clean Water,Reduction,Sub-Saharan Africa,Uganda,AGS Carbon Advisory,2023.0,76990.0,5.62,BBB,No,No
GS12062,CTL Landfill Gas Project,GOLD,Gold Standard Certified Project,Waste Management,Landfill Methane,Reduction,Latin America and the Caribbean,Brazil,ECOURBIS AMBIENTAL S.A.,2021.0,1868014.0,4.96,BBB,No,No
GS12064,HomeBiogas Programme in Kenya – VPA1,GOLD,Gold Standard Certified Project,Household & Community,Biodigesters,Reduction,Sub-Saharan Africa,Kenya,HOMEBIOGAS LTD,2022.0,72306.0,7.5,B,No,No
GS12065,Cabo Leones Wind Farm,GOLD,Gold Standard Certified Project,Renewable Energy,Wind,Reduction,Latin America and the Caribbean,Chile,KOCH COMMODITIES EUROPE LIMITED,2021.0,4973.0,3.44,BBB,No,No
GS12067,GS12066 - MicroEnergy Credits – Microfinance for Clean Cooking Product Lines - India - Clean Cooking Project - VPA01,GOLD,Gold Standard Certified Project,Household & Community,Cookstoves,Reduction,Southern Asia,India,MicroEnergy Credits,2022.0,82479.0,9.4,B,No,No
GS12073,Xinwufeng AMMS GHG Mitigation Project in Hunan Province,GOLD,Gold Standard Certified Project,Agriculture,Manure Methane Digester,Reduction,Eastern Asia,China,Profit Carbon Environmental Energy Technology (Shanghai) Co. Ltd.,2022.0,147585.0,7.83,BB,No,No
GS12082,Beyond Biomass: UpEnergy Electric Cooking-VPA 9,GOLD,Gold Standard Certified Project,Household & Community,Cookstoves,Reduction,Sub-Saharan Africa,Tanzania,UpEnergy Group,2023.0,1401.0,6.01,CCC,No,No
GS12084,Nabq Solar PV project 20 MW,GOLD,Gold Standard Certified Project,Renewable Energy,Solar - Centralized,Reduction,Northern Africa,Egypt,First Climate (Switzerland) AG,2022.0,24535.0,2.08,CCC,No,No
GS12111,Household water purifier project in Laos,GOLD,Gold Standard Certified Project,Household & Community,Clean Water,Reduction,South-Eastern Asia,Laos,Lift Solution Limited,2022.0,99757.0,6.66,,No,No
GS12112,Liki Pinangawan Muaralaboh Geothermal Power Plant,GOLD,Gold Standard Certified Project,Renewable Energy,Geothermal,Reduction,South-Eastern Asia,Indonesia,PT. SUPREME ENERGY MUARA LABOH,2020.0,1884645.0,4.2,BBB,No,No
GS12114,Clean Cooking Project for Refugees  Host Communities and Other Marginalised Communities in Bangladesh,GOLD,Gold Standard Certified Project,Household & Community,Cookstoves,Reduction,Southern Asia,Bangladesh,Value Network Ventures Pte. Ltd.,2022.0,501430.0,8.25,BBB,No,No
GS12119,Community Carbon Efficient Cooking Programme-VPA 16,GOLD,Gold Standard Certified Project,Household & Community,Cookstoves,Reduction,Sub-Saharan Africa,Uganda,Community Carbon,2022.0,1351946.0,11.74,CCC,No,No
GS12120,Community Carbon Efficient Cooking Programme-VPA 17,GOLD,Gold Standard Certified Project,Household & Community,Cookstoves,Reduction,Sub-Saharan Africa,Uganda,Community Carbon,2023.0,178795.0,11.81,BB,No,No
GS12123,GS10818 - Dissemination of Improved Cookstoves in India by Greenway - Dissemination of Improved Cookstoves in Karnataka by Greenway - VPA016,GOLD,Gold Standard Certified Project,Household & Community,Cookstoves,Reduction,Southern Asia,India,Greenway Grameen Infra Private Limited,2022.0,43766.0,11.11,B,No,No
GS12124,GS10818 - Dissemination of Improved Cookstoves in India by Greenway - Dissemination of Improved Cookstoves in Karnataka by Greenway - VPA017,GOLD,Gold Standard Certified Project,Household & Community,Cookstoves,Reduction,Southern Asia,India,Greenway Grameen Infra Private Limited,2022.0,52241.0,7.54,CCC,No,No
GS12125,GS10818 - Dissemination of Improved Cookstoves in India by Greenway - Dissemination of Improved Cookstoves in Karnataka by Greenway - VPA018,GOLD,Gold Standard Certified Project,Household & Community,Cookstoves,Reduction,Southern Asia,India,Greenway Grameen Infra Private Limited,2022.0,49162.0,8.4,CCC,No,No
GS12126,GS10818 - Dissemination of Improved Cookstoves in India by Greenway - Dissemination of Improved Cookstoves in Karnataka by Greenway - VPA019,GOLD,Gold Standard Certified Project,Household & Community,Cookstoves,Reduction,Southern Asia,India,Greenway Grameen Infra Private Limited,2022.0,49162.0,9.66,B,No,No
GS12127,GS10818 - Dissemination of Improved Cookstoves in India by Greenway - Dissemination of Improved Cookstoves in Karnataka by Greenway - VPA020,GOLD,Gold Standard Certified Project,Household & Community,Cookstoves,Reduction,Southern Asia,India,Greenway Grameen Infra Private Limited,2022.0,53169.0,10.85,B,No,No
GS12128,GS10818 - Dissemination of Improved Cookstoves in India by Greenway - Dissemination of Improved Cookstoves in Karnataka by Greenway - VPA021,GOLD,Gold Standard Certified Project,Household & Community,Cookstoves,Reduction,Southern Asia,India,Greenway Grameen Infra Private Limited,2022.0,49162.0,13.39,,No,No
GS12129,GS10818 - Dissemination of Improved Cookstoves in India by Greenway - Dissemination of Improved Cookstoves in Karnataka by Greenway - VPA022,GOLD,Gold Standard Certified Project,Household & Community,Cookstoves,Reduction,Southern Asia,India,Greenway Grameen Infra Private Limited,2022.0,49162.0,8.53,CCC,No,No
GS12130,GS10818 - Dissemination of Improved Cookstoves in India by Greenway - Dissemination of Improved Cookstoves in Karnataka by Greenway - VPA023,GOLD,Gold Standard Certified Project,Household & Community,Cookstoves,Reduction,Southern Asia,India,Greenway Grameen Infra Private Limited,2022.0,49162.0,8.49,CCC,No,No
GS12131,GS10818 - Dissemination of Improved Cookstoves in India by Greenway - Dissemination of Improved Cookstoves in Karnataka by Greenway - VPA024,GOLD,Gold Standard Certified Project,Household & Community,Cookstoves,Reduction,Southern Asia,India,Greenway Grameen Infra Private Limited,2022.0,50349.0,8.01,B,No,No
GS12132,GS10818 - Dissemination of Improved Cookstoves in India by Greenway - Dissemination of Improved Cookstoves in Karnataka by Greenway - VPA025,GOLD,Gold Standard Certified Project,Household & Community,Cookstoves,Reduction,Southern Asia,India,Greenway Grameen Infra Private Limited,2022.0,54617.0,11.7,,No,No
GS12137,15 MW solar plants to power COP27,GOLD,Gold Standard Certified Project,Renewable Energy,Solar - Centralized,Reduction,Northern Africa,Egypt,First Climate (Switzerland) AG,2022.0,28674.0,1.63,CCC,No,No
GS12141,GS10818 - Dissemination of Improved Cookstoves in India by Greenway - Dissemination of Improved Cookstoves in Karnataka by Greenway - VPA026,GOLD,Gold Standard Certified Project,Household & Community,Cookstoves,Reduction,Southern Asia,India,Greenway Grameen Infra Private Limited,2023.0,14740.0,7.43,CCC,No,No
GS12143,Household water purifier programme in Guinea,GOLD,Gold Standard Certified Project,Household & Community,Clean Water,Reduction,Sub-Saharan Africa,Guinea,Lift Solution Limited,2023.0,55000.0,9.36,,No,No
GS12144,GS12144 - TASC Clean Cooking PoA - VPA 7 Cicada Carbon (Zimbabwe),GOLD,Gold Standard Certified Project,Household & Community,Cookstoves,Reduction,Sub-Saharan Africa,Zimbabwe,THE AFRICAN STOVE COMPANY LIMITED,2023.0,267972.0,8.06,CCC,No,No
GS12147,Mare Chicose Landfill Gas Project,GOLD,Gold Standard Certified Project,Waste Management,Landfill Methane,Reduction,Sub-Saharan Africa,Mauritius,Climate Secure India Pvt. Ltd,2021.0,49903.0,6.88,BB,No,No
GS12155,Improving lives through efficient household devices by ClimatePartner Impact - VPA 1,GOLD,Gold Standard Certified Project,Household & Community,Cookstoves,Reduction,Southern Asia,India,ClimatePartner Impact GmbH,2023.0,11781.0,9.7,BB,No,No
GS12156,Improving lives through efficient household devices by ClimatePartner Impact - VPA 2,GOLD,Gold Standard Certified Project,Household & Community,Cookstoves,Reduction,Southern Asia,India,ClimatePartner Impact GmbH,2023.0,12349.0,6.14,BBB,No,No
GS12157,Improving lives through efficient household devices by ClimatePartner Impact - VPA 3,GOLD,Gold Standard Certified Project,Household & Community,Cookstoves,Reduction,Southern Asia,India,ClimatePartner Impact GmbH,2023.0,14289.0,8.97,BBB,No,No
GS12158,Improving lives through efficient household devices by ClimatePartner Impact - VPA 4,GOLD,Gold Standard Certified Project,Household & Community,Cookstoves,Reduction,Southern Asia,India,ClimatePartner Impact GmbH,2023.0,12814.0,6.94,BB,No,No
GS12160,Improving lives through efficient household devices by ClimatePartner Impact - VPA 5,GOLD,Gold Standard Certified Project,Household & Community,Cookstoves,Reduction,Southern Asia,India,ClimatePartner Impact GmbH,2023.0,11912.0,9.59,CCC,No,No
GS12193,Emission reduction from plastic recycling Chile.,GOLD,Gold Standard Certified Project,Waste Management,Waste Recycling,Reduction,Latin America and the Caribbean,Chile,REVALORA SpA,2023.0,1016.0,5.28,AA,No,No
GS12197,d'Amico Società di Navigazione SpA Shipping Retrofit Project 1,GOLD,Gold Standard Certified Project,Transportation,Shipping,Reduction,International,International,D'Amico Società di Navigazione SpA,2022.0,5212.0,6.03,B,No,No
GS12199,Ecoparque Maceió Landfill Gas Project,GOLD,Gold Standard Certified Project,Waste Management,Landfill Methane,Reduction,Latin America and the Caribbean,Brazil,ORIZON VALORIZACAO DE RESIDUOS S.A,2023.0,263040.0,3.82,A,No,No
GS12205,Ecoparque Sergipe Landfill Gas Project,GOLD,Gold Standard Certified Project,Waste Management,Landfill Methane,Reduction,Latin America and the Caribbean,Brazil,ORIZON VALORIZACAO DE RESIDUOS S.A,2023.0,490294.0,5.79,BB,No,No
GS12212,Planta Solar Fotovoltaica Cumayasa 1 y 2,GOLD,Gold Standard Certified Project,Renewable Energy,Solar - Centralized,Reduction,Latin America and the Caribbean,Dominican Republic,EFD ECOENER FOTOVOLTAICA DOMINICANA SRL,2023.0,65871.0,1.68,B,No,No
GS12216,GS12215 VPA-1 Improved cookstoves and healthy lives in Nepal,GOLD,Gold Standard Certified Project,Household & Community,Cookstoves,Reduction,Southern Asia,Nepal,ClimatePartner Foundation GmbH,2023.0,8003.0,15.19,B,No,No
GS12217,GS12215 GS12216 RVPA-1 Improved cookstoves and healthy lives in Nepal – VPA 2,GOLD,Gold Standard Certified Project,Household & Community,Cookstoves,Reduction,Southern Asia,Nepal,ClimatePartner Foundation GmbH,2023.0,8607.0,13.37,B,No,No
GS12220,GS12219  VPA- 1 Water filter project in Dindori Madhya Pradesh India,GOLD,Gold Standard Certified Project,Household & Community,Clean Water,Reduction,Southern Asia,India,EKI Energy Services Limited,2023.0,1579.0,5.82,BBB,No,No
GS12227,GS7591 VPA 53 Improved Cookstove Distribution in Kayonza Bugesera and Nyamasheke Districts of Rwanda (GS12227),GOLD,Gold Standard Certified Project,Household & Community,Cookstoves,Reduction,Sub-Saharan Africa,Rwanda,CO2balance UK ltd,2022.0,98389.0,10.94,,No,No
GS12228,GS7591 VPA 54 Improved Cookstove Distribution in Kayonza Bugesera and Nyamasheke Districts of Rwanda (GS12228),GOLD,Gold Standard Certified Project,Household & Community,Cookstoves,Reduction,Sub-Saharan Africa,Rwanda,CO2balance UK ltd,2023.0,81618.0,10.0,BBB,No,No
GS12233,GS1385 Man and Man Enterprise Improved Cooking Stoves Programme in Ghana - VPA004 (Central region),GOLD,Gold Standard Certified Project,Household & Community,Cookstoves,Reduction,Sub-Saharan Africa,Ghana,Man and Man Enterprise,2023.0,229019.0,12.41,A,No,No
GS12240,GS 12239 VPA-1 Amazi Meza Rwanda Water Supply Project For Schools,GOLD,Gold Standard Certified Project,Household & Community,Clean Water,Reduction,Sub-Saharan Africa,Rwanda,SweetSense Inc.,2023.0,23818.0,7.86,B,No,No
GS12241,Borey Energo,GOLD,Gold Standard Certified Project,Renewable Energy,Wind,Reduction,Central Asia,Kazakhstan,EKI Energy Services Limited,2022.0,238925.0,3.12,BBB,No,No
GS12242,Energo Trust,GOLD,Gold Standard Certified Project,Renewable Energy,Wind,Reduction,Central Asia,Kazakhstan,EKI Energy Services Limited,2022.0,43141.0,2.32,BBB,No,No
GS12243,Golden Union Shipping Retrofit Project 1,GOLD,Gold Standard Certified Project,Transportation,Shipping,Reduction,International,International,Barry Rogliano Salles (Genève) SA.,2020.0,57035.0,4.49,BB,No,No
GS12247,GS12102 VPA-4 Improved cooking experience to reduce charcoal consumption in Tete Mozambique,GOLD,Gold Standard Certified Project,Household & Community,Cookstoves,Reduction,Sub-Saharan Africa,Mozambique,Carbonsink (Carbonsink Group S.r.l.),2023.0,3723.0,6.47,A,No,No
GS12251,Safe Water Programme – Kenya - VPA 49,GOLD,Gold Standard Certified Project,Household & Community,Clean Water,Reduction,Sub-Saharan Africa,Kenya,Impact Carbon,2023.0,41919.0,9.18,BB,No,No
GS12252,Safe Water Programme – Kenya - VPA 50,GOLD,Gold Standard Certified Project,Household & Community,Clean Water,Reduction,Sub-Saharan Africa,Kenya,Impact Carbon,2023.0,67257.0,8.3,BBB,No,No
GS12253,Safe Water Programme – Kenya - VPA 51,GOLD,Gold Standard Certified Project,Household & Community,Clean Water,Reduction,Sub-Saharan Africa,Kenya,Impact Carbon,2023.0,51151.0,8.6,BB,No,No
GS12254,Safe Water Programme – Kenya - VPA 52,GOLD,Gold Standard Certified Project,Household & Community,Clean Water,Reduction,Sub-Saharan Africa,Kenya,Impact Carbon,2023.0,49795.0,7.31,BB,No,No
GS12255,Safe Water Programme – Kenya - VPA 53,GOLD,Gold Standard Certified Project,Household & Community,Clean Water,Reduction,Sub-Saharan Africa,Kenya,Impact Carbon,2023.0,51515.0,7.88,B,No,No
GS12256,Safe Water Programme – Kenya - VPA 54,GOLD,Gold Standard Certified Project,Household & Community,Clean Water,Reduction,Sub-Saharan Africa,Kenya,Impact Carbon,2023.0,58348.0,6.53,BBB,No,No
GS12257,Safe Water Programme – Kenya - VPA 55,GOLD,Gold Standard Certified Project,Household & Community,Clean Water,Reduction,Sub-Saharan Africa,Kenya,Impact Carbon,2023.0,73448.0,7.99,CCC,No,No
GS12258,Safe Water Programme – Kenya - VPA 56,GOLD,Gold Standard Certified Project,Household & Community,Clean Water,Reduction,Sub-Saharan Africa,Kenya,Impact Carbon,2023.0,40786.0,5.73,CCC,No,No
GS12259,Safe Water Programme – Kenya - VPA 57,GOLD,Gold Standard Certified Project,Household & Community,Clean Water,Reduction,Sub-Saharan Africa,Kenya,Impact Carbon,2023.0,57524.0,7.31,A,No,No
GS12260,Safe Water Programme – Kenya - VPA 58,GOLD,Gold Standard Certified Project,Household & Community,Clean Water,Reduction,Sub-Saharan Africa,Kenya,Impact Carbon,2023.0,47685.0,7.15,B,No,No
GS12261,Safe Water Programme – Kenya - VPA 59,GOLD,Gold Standard Certified Project,Household & Community,Clean Water,Reduction,Sub-Saharan Africa,Kenya,Impact Carbon,2023.0,43273.0,6.97,CCC,No,No
GS12262,Safe Water Programme – Kenya - VPA 60,GOLD,Gold Standard Certified Project,Household & Community,Clean Water,Reduction,Sub-Saharan Africa,Kenya,Impact Carbon,2023.0,54549.0,6.12,B,No,No
GS12263,Safe Water Programme – Kenya - VPA 61,GOLD,Gold Standard Certified Project,Household & Community,Clean Water,Reduction,Sub-Saharan Africa,Kenya,Impact Carbon,2023.0,33517.0,8.3,A,No,No
GS12276,Bitola SPP,GOLD,Gold Standard Certified Project,Renewable Energy,Solar - Centralized,Reduction,Europe,North Macedonia,Life Iklim ve Enerji Ltd. Sti.,2023.0,58661.0,2.16,B,No,No
GS12277,GS Microscale PoA: Integrated Domestic Energy Systems (IDES) for rural communities in India– RVPA 05,GOLD,Gold Standard Certified Project,Household & Community,Cookstoves,Reduction,Southern Asia,India,Value Network Ventures Pte. Ltd.,2022.0,6671.0,8.87,CCC,No,No
GS12278,GS Microscale PoA : Integrated Domestic Energy Systems (IDES) for rural communities in India–RVPA 06,GOLD,Gold Standard Certified Project,Household & Community,Cookstoves,Reduction,Southern Asia,India,Value Network Ventures Pte. Ltd.,2022.0,6049.0,9.46,CCC,No,No
GS12279,GS Microscale PoA: Integrated Domestic Energy Systems (IDES) for rural communities in India– RVPA 07,GOLD,Gold Standard Certified Project,Household & Community,Cookstoves,Reduction,Southern Asia,India,Value Network Ventures Pte. Ltd.,2022.0,7547.0,9.4,B,No,No
GS12282,GS10789 GS11673 RVPA-63: Efficient and  Clean Cooking for households in Nigeria,GOLD,Gold Standard Certified Project,Household & Community,Cookstoves,Reduction,Sub-Saharan Africa,Nigeria,Save Forest 2 Limited,2024.0,119441.0,9.64,BB,No,No
GS12285,GS10789 GS10790 RVPA-52 Efficient and Clean  cooking for Households in Somalia,GOLD,Gold Standard Certified Project,Household & Community,Cookstoves,Reduction,Sub-Saharan Africa,Somalia,Global Cookstoves Ltd.,2022.0,9588.0,5.87,CCC,No,No
GS12287,GS12201 VPA -1 Improved Cookstoves for Sustainable Rural Development in India,GOLD,Gold Standard Certified Project,Household & Community,Cookstoves,Reduction,Southern Asia,India,Infinite Environmental Solutions Limited,2022.0,1118.0,10.3,,No,No
GS12289,Kranti Clean Cooking in Rural Madhya Pradesh India,GOLD,Gold Standard Certified Project,Household & Community,Cookstoves,Reduction,Southern Asia,India,First Climate (Switzerland) AG,2023.0,76854.0,5.73,CCC,No,No
GS12293,Renew Sakhi Improved Cookstove - 2,GOLD,Gold Standard Certified Project,Household & Community,Cookstoves,Reduction,Southern Asia,India,Renew Power Synergy Private Limited,2023.0,34933.0,9.78,CCC,No,No
GS12295,GS10789 GS11673 RVPA-67: Efficient and  Clean Cooking for households in Nigeria,GOLD,Gold Standard Certified Project,Household & Community,Cookstoves,Reduction,Sub-Saharan Africa,Nigeria,Save Forest 2 Limited,2024.0,111159.0,11.38,BB,No,No
GS12299,GS10789 GS10790 RVPA-11: Efficient and Clean Cooking for households in Mozambique,GOLD,Gold Standard Certified Project,Household & Community,Cookstoves,Reduction,Sub-Saharan Africa,Mozambique,Save Forest 2 Limited,2024.0,14302.0,8.66,,No,No
GS12302,Clean Cooking Program in Rural India,GOLD,Gold Standard Certified Project,Household & Community,Cookstoves,Reduction,Southern Asia,India,EKI Energy Services Limited,2022.0,114404.0,8.52,BBB,No,No
GS12307,Empowering Kenya through Positive Impact Cooking by d.light,GOLD,Gold Standard Certified Project,Household & Community,Cookstoves,Reduction,Sub-Saharan Africa,Kenya,Climate Secure India Pvt. Ltd,2022.0,90302.0,7.58,CCC,No,No
GS12311,Urfa - Yenice LFG to Energy Project,GOLD,Gold Standard Certified Project,Waste Management,Landfill Methane,Reduction,Western Asia,Türkiye,Alagoz Holding Anonim Sirketi,2023.0,102052.0,6.49,,No,No
GS12317,Happy and Healthy Kitchens for Rural India VPA 1,GOLD,Gold Standard Certified Project,Household & Community,Cookstoves,Reduction,Southern Asia,India,SDG 13 Ventures,2022.0,26943.0,10.02,B,No,No
GS12339,Girasol Solar Power Plant,GOLD,Gold Standard Certified Project,Renewable Energy,Solar - Centralized,Reduction,Latin America and the Caribbean,Dominican Republic,Empresa Generadora de Electricidad Haina S.A. (EGE Haina S.A.),2022.0,204060.0,2.96,B,No,No
GS12342,COMMUNITY CARBON SAFE WATER DRINKING PROGRAMME-VPA 20,GOLD,Gold Standard Certified Project,Household & Community,Clean Water,Reduction,Sub-Saharan Africa,Uganda,Community Carbon,2024.0,2054.0,9.15,B,No,No
GS12347,SMG Clean Cooking Program VPA01,GOLD,Gold Standard Certified Project,Household & Community,Cookstoves,Reduction,Southern Asia,India,SHRI MAA MARKETING PRIVATE LIMITED,2023.0,13793.0,8.56,BBB,No,No
GS12350,GS10789 GS10791 RVPA-22: Efficient and  Clean Cooking for households in Kenya,GOLD,Gold Standard Certified Project,Household & Community,Cookstoves,Reduction,Sub-Saharan Africa,Kenya,Global Cookstoves Ltd.,2023.0,141665.0,7.06,CCC,No,No
GS12357,UpEnergy-Social and Climate Impact Programme- Cooking Devices VPA-23,GOLD,Gold Standard Certified Project,Household & Community,Cookstoves,Reduction,Sub-Saharan Africa,Malawi,UpEnergy Group,2023.0,70935.0,14.13,CCC,No,No
GS12358,UpEnergy-Social and Climate Impact Programme- Cooking Devices VPA-24,GOLD,Gold Standard Certified Project,Household & Community,Cookstoves,Reduction,Sub-Saharan Africa,Malawi,UpEnergy Group,2023.0,87491.0,13.36,,No,No
GS12360,GS10655 GS10710: Promotion of clean cooking solutions in rural India by Infosys – VPA 3,GOLD,Gold Standard Certified Project,Household & Community,Biodigesters,Reduction,Southern Asia,India,Infosys,2022.0,50766.0,9.97,BB,No,No
GS12364,GS10818 - Dissemination of Improved Cookstoves in India by Greenway - Dissemination of Improved Cookstoves in Karnataka by Greenway - VPA027,GOLD,Gold Standard Certified Project,Household & Community,Cookstoves,Reduction,Southern Asia,India,Greenway Grameen Infra Private Limited,2023.0,14622.0,13.23,,No,No
GS12365,GS10818 - Dissemination of Improved Cookstoves in India by Greenway - Dissemination of Improved Cookstoves in Karnataka by Greenway - VPA028,GOLD,Gold Standard Certified Project,Household & Community,Cookstoves,Reduction,Southern Asia,India,Greenway Grameen Infra Private Limited,2023.0,14557.0,7.68,BBB,No,No
GS12366,GS10818 - Dissemination of Improved Cookstoves in India by Greenway - Dissemination of Improved Cookstoves in Karnataka by Greenway - VPA029,GOLD,Gold Standard Certified Project,Household & Community,Cookstoves,Reduction,Southern Asia,India,Greenway Grameen Infra Private Limited,2023.0,14513.0,14.02,,No,No
GS12367,GS10818 - Dissemination of Improved Cookstoves in India by Greenway - Dissemination of Improved Cookstoves in Karnataka by Greenway - VPA030,GOLD,Gold Standard Certified Project,Household & Community,Cookstoves,Reduction,Southern Asia,India,Greenway Grameen Infra Private Limited,2023.0,14464.0,9.96,B,No,No
GS12368,GS10818 - Dissemination of Improved Cookstoves in India by Greenway - Dissemination of Improved Cookstoves in Karnataka by Greenway - VPA031,GOLD,Gold Standard Certified Project,Household & Community,Cookstoves,Reduction,Southern Asia,India,Greenway Grameen Infra Private Limited,2023.0,14417.0,10.75,BB,No,No
GS12369,GS10818 - Dissemination of Improved Cookstoves in India by Greenway - Dissemination of Improved Cookstoves in Karnataka by Greenway - VPA032,GOLD,Gold Standard Certified Project,Household & Community,Cookstoves,Reduction,Southern Asia,India,Greenway Grameen Infra Private Limited,2023.0,21043.0,8.86,B,No,No
GS12370,GS10818 - Dissemination of Improved Cookstoves in India by Greenway - Dissemination of Improved Cookstoves in Karnataka by Greenway - VPA033,GOLD,Gold Standard Certified Project,Household & Community,Cookstoves,Reduction,Southern Asia,India,Greenway Grameen Infra Private Limited,2023.0,17417.0,6.81,BB,No,No
GS12371,GS10818 - Dissemination of Improved Cookstoves in India by Greenway - Dissemination of Improved Cookstoves in Karnataka by Greenway - VPA034,GOLD,Gold Standard Certified Project,Household & Community,Cookstoves,Reduction,Southern Asia,India,Greenway Grameen Infra Private Limited,2023.0,5793.0,10.52,B,No,No
GS12377,UpEnergy – Social and Climate Impact Programme-Cooking Devices VPA-25,GOLD,Gold Standard Certified Project,Household & Community,Cookstoves,Reduction,Sub-Saharan Africa,Zambia,UpEnergy Group,2023.0,87286.0,15.24,CCC,No,No
GS12383,GS12382 VPA 01 Improved agricultural practices for rice cultivation in India,GOLD,Gold Standard Certified Project,Agriculture,Rice Emission Reductions,Reduction,Southern Asia,India,Kosher Climate India Pvt Ltd.,2023.0,18051.0,10.02,BB,No,No
GS12390,Safe Water Programme – Nigeria - VPA 74,GOLD,Gold Standard Certified Project,Household & Community,Clean Water,Reduction,Sub-Saharan Africa,Nigeria,Impact Carbon,2024.0,47160.0,6.82,BBB,No,No
GS12391,Safe Water Programme – Nigeria - VPA 75,GOLD,Gold Standard Certified Project,Household & Community,Clean Water,Reduction,Sub-Saharan Africa,Nigeria,Impact Carbon,2024.0,45152.0,7.52,BB,No,No
GS12392,Safe Water Programme – Nigeria - VPA 76,GOLD,Gold Standard Certified Project,Household & Community,Clean Water,Reduction,Sub-Saharan Africa,Nigeria,Impact Carbon,2024.0,42976.0,7.99,CCC,No,No
GS12393,Safe Water Programme – Nigeria - VPA 77,GOLD,Gold Standard Certified Project,Household & Community,Clean Water,Reduction,Sub-Saharan Africa,Nigeria,Impact Carbon,2024.0,43372.0,6.49,,No,No
GS12394,Safe Water Programme – Nigeria - VPA 78,GOLD,Gold Standard Certified Project,Household & Community,Clean Water,Reduction,Sub-Saharan Africa,Nigeria,Impact Carbon,2024.0,41290.0,9.22,BB,No,No
GS12395,Safe Water Programme – Nigeria - VPA 79,GOLD,Gold Standard Certified Project,Household & Community,Clean Water,Reduction,Sub-Saharan Africa,Nigeria,Impact Carbon,2024.0,35403.0,7.1,BBB,No,No
GS12396,Safe Water Programme – Nigeria - VPA 80,GOLD,Gold Standard Certified Project,Household & Community,Clean Water,Reduction,Sub-Saharan Africa,Nigeria,Impact Carbon,2024.0,35834.0,10.49,BB,No,No
GS12397,Safe Water Programme – Nigeria - VPA 81,GOLD,Gold Standard Certified Project,Household & Community,Clean Water,Reduction,Sub-Saharan Africa,Nigeria,Impact Carbon,2024.0,31326.0,5.7,B,No,No
GS12398,Safe Water Programme – Nigeria - VPA 82,GOLD,Gold Standard Certified Project,Household & Community,Clean Water,Reduction,Sub-Saharan Africa,Nigeria,Impact Carbon,2024.0,28707.0,9.85,BB,No,No
GS12399,Safe Water Programme – Nigeria - VPA 83,GOLD,Gold Standard Certified Project,Household & Community,Clean Water,Reduction,Sub-Saharan Africa,Nigeria,Impact Carbon,2024.0,27916.0,6.7,B,No,No
GS12400,Safe Water Programme – Nigeria - VPA 84,GOLD,Gold Standard Certified Project,Household & Community,Clean Water,Reduction,Sub-Saharan Africa,Nigeria,Impact Carbon,2024.0,27657.0,8.08,B,No,No
GS12401,Safe Water Programme – Nigeria - VPA 85,GOLD,Gold Standard Certified Project,Household & Community,Clean Water,Reduction,Sub-Saharan Africa,Nigeria,Impact Carbon,2024.0,28913.0,8.58,B,No,No
GS12402,Safe Water Programme – Nigeria - VPA 86,GOLD,Gold Standard Certified Project,Household & Community,Clean Water,Reduction,Sub-Saharan Africa,Nigeria,Impact Carbon,2024.0,27601.0,7.87,A,No,No
GS12403,Safe Water Programme – Nigeria - VPA 87,GOLD,Gold Standard Certified Project,Household & Community,Clean Water,Reduction,Sub-Saharan Africa,Nigeria,Impact Carbon,2024.0,26783.0,6.96,CCC,No,No
GS12404,Safe Water Programme – Nigeria - VPA 88,GOLD,Gold Standard Certified Project,Household & Community,Clean Water,Reduction,Sub-Saharan Africa,Nigeria,Impact Carbon,2024.0,28210.0,10.65,BB,No,No
GS12405,Safe Water Programme – Nigeria - VPA 89,GOLD,Gold Standard Certified Project,Household & Community,Clean Water,Reduction,Sub-Saharan Africa,Nigeria,Impact Carbon,2024.0,28304.0,6.6,BB,No,No
GS12406,Safe Water Programme – Nigeria - VPA 90,GOLD,Gold Standard Certified Project,Household & Community,Clean Water,Reduction,Sub-Saharan Africa,Nigeria,Impact Carbon,2024.0,25904.0,9.88,,No,No
GS12407,Safe Water Programme – Nigeria - VPA 91,GOLD,Gold Standard Certified Project,Household & Community,Clean Water,Reduction,Sub-Saharan Africa,Nigeria,Impact Carbon,2024.0,25706.0,4.94,,No,No
GS12408,Safe Water Programme – Nigeria - VPA 92,GOLD,Gold Standard Certified Project,Household & Community,Clean Water,Reduction,Sub-Saharan Africa,Nigeria,Impact Carbon,2024.0,23338.0,7.98,BB,No,No
GS12409,Safe Water Programme – Nigeria - VPA 93,GOLD,Gold Standard Certified Project,Household & Community,Clean Water,Reduction,Sub-Saharan Africa,Nigeria,Impact Carbon,2024.0,2519.0,5.88,B,No,No
GS12410,Safe Water Programme – Nigeria - VPA 94,GOLD,Gold Standard Certified Project,Household & Community,Clean Water,Reduction,Sub-Saharan Africa,Nigeria,Impact Carbon,2024.0,18535.0,8.11,AA,No,No
GS12411,Safe Water Programme – Nigeria - VPA 95,GOLD,Gold Standard Certified Project,Household & Community,Clean Water,Reduction,Sub-Saharan Africa,Nigeria,Impact Carbon,2024.0,19228.0,5.82,B,No,No
GS12412,Safe Water Programme – Nigeria - VPA 96,GOLD,Gold Standard Certified Project,Household & Community,Clean Water,Reduction,Sub-Saharan Africa,Nigeria,Impact Carbon,2024.0,18398.0,6.22,BB,No,No
GS12413,Safe Water Programme – Nigeria - VPA 97,GOLD,Gold Standard Certified Project,Household & Community,Clean Water,Reduction,Sub-Saharan Africa,Nigeria,Impact Carbon,2024.0,18648.0,6.58,BBB,No,No
GS12414,Safe Water Programme – Nigeria - VPA 98,GOLD,Gold Standard Certified Project,Household & Community,Clean Water,Reduction,Sub-Saharan Africa,Nigeria,Impact Carbon,2024.0,17080.0,7.02,A,No,No
GS12415,Safe Water Programme – Nigeria - VPA 99,GOLD,Gold Standard Certified Project,Household & Community,Clean Water,Reduction,Sub-Saharan Africa,Nigeria,Impact Carbon,2024.0,15330.0,5.17,BBB,No,No
GS12416,Safe Water Programme – Nigeria - VPA 100,GOLD,Gold Standard Certified Project,Household & Community,Clean Water,Reduction,Sub-Saharan Africa,Nigeria,Impact Carbon,2024.0,15180.0,8.56,AA,No,No
GS12417,Safe Water Programme – Nigeria - VPA 101,GOLD,Gold Standard Certified Project,Household & Community,Clean Water,Reduction,Sub-Saharan Africa,Nigeria,Impact Carbon,2024.0,14750.0,7.33,B,No,No
GS12418,Safe Water Programme – Nigeria - VPA 102,GOLD,Gold Standard Certified Project,Household & Community,Clean Water,Reduction,Sub-Saharan Africa,Nigeria,Impact Carbon,2024.0,10451.0,7.14,B,No,No
GS12441,Mali Safe Drinking Water Program,GOLD,Gold Standard Certified Project,Household & Community,Clean Water,Reduction,Sub-Saharan Africa,Mali,Lift Solution Limited,2023.0,248876.0,7.96,BBB,No,No
GS12448,Improved Woodstove Project 3  in Udaipur,GOLD,Gold Standard Certified Project,Household & Community,Cookstoves,Reduction,Southern Asia,India,Infosys,2024.0,23451.0,7.43,BB,No,No
GS12462,GS1385 Man and Man Enterprise Improved Cooking Stoves Programme in Ghana - VPA005 (Volta region),GOLD,Gold Standard Certified Project,Household & Community,Cookstoves,Reduction,Sub-Saharan Africa,Ghana,Man and Man Enterprise,2023.0,101335.0,9.34,CCC,No,No
GS12470,Uplifting communities through clean energy in the DRC - VPA 1,GOLD,Gold Standard Certified Project,Renewable Energy,Solar Lighting,Reduction,Sub-Saharan Africa,DRC,EcoNetix GmbH,2023.0,70229.0,7.17,,No,No
GS12474,UpEnergy-Social and Climate Impact Programme- Cooking Devices VPA-26,GOLD,Gold Standard Certified Project,Household & Community,Cookstoves,Reduction,Sub-Saharan Africa,Malawi,UpEnergy Group,2024.0,46185.0,12.39,B,No,No
GS12476,Vita Green Impact Programme – Ethiopia Stove Project,GOLD,Gold Standard Certified Project,Household & Community,Cookstoves,Reduction,Sub-Saharan Africa,Ethiopia,VITA GREEN IMPACT PROGRAMME DESIGNATED ACTIVITY COMPANY,2023.0,40199.0,10.0,,No,No
GS12482,CTR Rosario Landfill Gas Project,GOLD,Gold Standard Certified Project,Waste Management,Landfill Methane,Reduction,Latin America and the Caribbean,Brazil,VITAL ENGENHARIA AMBIENTAL S/A,2021.0,188595.0,4.86,BB,No,No
GS12486,Boundiali solar power plant,GOLD,Gold Standard Certified Project,Renewable Energy,Solar - Centralized,Reduction,Sub-Saharan Africa,Côte d'Ivoire,AERA Group,2023.0,43395.0,2.38,B,No,No
GS12495,GS12494 VPA-1 Distribution of Improved Cookstove by Alphabet Greens,GOLD,Gold Standard Certified Project,Household & Community,Cookstoves,Reduction,Southern Asia,India,ALPHABET GREENS PRIVATE LIMITED,2023.0,13707.0,9.81,,No,No
GS12533,EFFICIENT KITCHENS IN GUJARAT UTTAR PRADESH AND MADHYA PRADESH -VPA02,GOLD,Gold Standard Certified Project,Household & Community,Cookstoves,Reduction,Southern Asia,India,Climate Impact Partners Limited,2023.0,59093.0,7.21,CCC,No,No
GS12570,Building a Sustainable World: Cookstove Distribution Program,GOLD,Gold Standard Certified Project,Household & Community,Cookstoves,Reduction,Southern Asia,India,Infinite Environmental Solutions Limited,2023.0,21253.0,5.6,CCC,No,No
GS12615,Saaf Paani Clean Drinking Water Project in India by Removall,GOLD,Gold Standard Certified Project,Household & Community,Clean Water,Reduction,Southern Asia,India,Removall,2023.0,1191.0,4.94,CCC,No,No
GS12616,GS7591 VPA 59 Improved Cookstove Distribution in Kayonza Bugesera and Nyamasheke Districts of Rwanda (GS12616),GOLD,Gold Standard Certified Project,Household & Community,Cookstoves,Reduction,Sub-Saharan Africa,Rwanda,CO2balance UK ltd,2023.0,62567.0,10.75,B,No,No
GS12617,GS7591 VPA 60 Improved Cookstove Distribution in Kayonza Bugesera and Nyamasheke Districts of Rwanda (GS12617),GOLD,Gold Standard Certified Project,Household & Community,Cookstoves,Reduction,Sub-Saharan Africa,Rwanda,CO2balance UK ltd,2023.0,44062.0,9.13,BB,No,No
GS12618,GS7591 VPA 61 Improved Cookstove Distribution in Kayonza Bugesera and Nyamasheke Districts of Rwanda (GS12618),GOLD,Gold Standard Certified Project,Household & Community,Cookstoves,Reduction,Sub-Saharan Africa,Rwanda,CO2balance UK ltd,2023.0,5756.0,9.06,BB,No,No
GS12624,Azerenerji OJSC Hydro Bundle-3,GOLD,Gold Standard Certified Project,Renewable Energy,Hydropower,Reduction,Western Asia,Azerbaijan,SOCAR Trading SA,2024.0,10745.0,2.22,CCC,No,No
GS12626,OYU - Building Sustainable Ugandan Communities VPA10,GOLD,Gold Standard Certified Project,Household & Community,Cookstoves,Reduction,Sub-Saharan Africa,Uganda,SHRI MAA MARKETING PRIVATE LIMITED,2023.0,237000.0,8.63,,No,No
GS12627,OYU - Building Sustainable Ugandan Communities VPA12,GOLD,Gold Standard Certified Project,Household & Community,Cookstoves,Reduction,Sub-Saharan Africa,Uganda,SHRI MAA MARKETING PRIVATE LIMITED,2023.0,222911.0,11.21,AA,No,No
GS12668,GS11695 GS11696 RVPA-1 Water Purifier Project in Maharashtra India by Seniority Pvt. Ltd. - VPA-2,GOLD,Gold Standard Certified Project,Household & Community,Clean Water,Reduction,Southern Asia,India,ASVATA CLIMATE SOLUTIONS PRIVATE LIMITED,2024.0,1935.0,9.26,B,No,No
GS12670,MACAÚBAS LANDFILL GAS PROJECT,GOLD,Gold Standard Certified Project,Waste Management,Landfill Methane,Reduction,Latin America and the Caribbean,Brazil,VITAL ENGENHARIA AMBIENTAL S/A,2022.0,1299593.0,5.97,A,No,No
GS12701,GS11935 GS11934 RVPA-02 Promoting sustainable use of biomass energy resources in targeted communities,GOLD,Gold Standard Certified Project,Household & Community,Cookstoves,Reduction,Southern Asia,Nepal,Value Network Ventures Pte. Ltd.,2022.0,12012.0,11.68,B,No,No
GS12702,GS11935 GS11934 RVPA-03 Promoting sustainable use of biomass energy resources in targeted communities,GOLD,Gold Standard Certified Project,Household & Community,Cookstoves,Reduction,Southern Asia,Nepal,Value Network Ventures Pte. Ltd.,2022.0,11936.0,7.19,CCC,No,No
GS12703,GS11935 GS11934 RVPA-04 Promoting sustainable use of biomass energy resources in targeted communities,GOLD,Gold Standard Certified Project,Household & Community,Cookstoves,Reduction,Southern Asia,Nepal,Value Network Ventures Pte. Ltd.,2022.0,11809.0,14.51,CCC,No,No
GS12704,GS11935 GS11934 RVPA-05 Promoting sustainable use of biomass energy resources in targeted communities,GOLD,Gold Standard Certified Project,Household & Community,Cookstoves,Reduction,Southern Asia,Nepal,Value Network Ventures Pte. Ltd.,2023.0,11605.0,11.52,A,No,No
GS12705,GS11935 GS11934 RVPA-06 Promoting sustainable use of biomass energy resources in targeted communities,GOLD,Gold Standard Certified Project,Household & Community,Cookstoves,Reduction,Southern Asia,Nepal,Value Network Ventures Pte. Ltd.,2023.0,11530.0,7.56,BB,No,No
GS12706,GS11935 GS11934 RVPA-07 Promoting sustainable use of biomass energy resources in targeted communities,GOLD,Gold Standard Certified Project,Household & Community,Cookstoves,Reduction,Southern Asia,Nepal,Value Network Ventures Pte. Ltd.,2023.0,11402.0,9.11,BB,No,No
GS12707,GS11935 GS11934 RVPA-08 Promoting sustainable use of biomass energy resources in targeted communities,GOLD,Gold Standard Certified Project,Household & Community,Cookstoves,Reduction,Southern Asia,Nepal,Value Network Ventures Pte. Ltd.,2023.0,10738.0,11.98,BB,No,No
GS12708,GS11935 GS11934 RVPA-09 Promoting sustainable use of biomass energy resources in targeted communities,GOLD,Gold Standard Certified Project,Household & Community,Cookstoves,Reduction,Southern Asia,Nepal,Value Network Ventures Pte. Ltd.,2023.0,10207.0,8.75,BB,No,No
GS12709,GS11935 GS11934 RVPA-10 Promoting sustainable use of biomass energy resources in targeted communities,GOLD,Gold Standard Certified Project,Household & Community,Cookstoves,Reduction,Southern Asia,Nepal,Value Network Ventures Pte. Ltd.,2023.0,9615.0,7.83,,No,No
GS12710,GS11935 GS11934 RVPA-11 Promoting sustainable use of biomass energy resources in targeted communities,GOLD,Gold Standard Certified Project,Household & Community,Cookstoves,Reduction,Southern Asia,Nepal,Value Network Ventures Pte. Ltd.,2023.0,9344.0,7.48,BB,No,No
GS12711,GS11935 GS11934 RVPA-12 Promoting sustainable use of biomass energy resources in targeted communities,GOLD,Gold Standard Certified Project,Household & Community,Cookstoves,Reduction,Southern Asia,Nepal,Value Network Ventures Pte. Ltd.,2023.0,9425.0,9.2,B,No,No
GS12712,GS11935 GS11934 RVPA-13 Promoting sustainable use of biomass energy resources in targeted communities,GOLD,Gold Standard Certified Project,Household & Community,Cookstoves,Reduction,Southern Asia,Nepal,Value Network Ventures Pte. Ltd.,2023.0,9186.0,13.47,A,No,No
GS12713,GS11935 GS11934 RVPA-14 Promoting sustainable use of biomass energy resources in targeted communities,GOLD,Gold Standard Certified Project,Household & Community,Cookstoves,Reduction,Southern Asia,Nepal,Value Network Ventures Pte. Ltd.,2023.0,8854.0,9.5,BBB,No,No
GS12714,GS11935 GS11934 RVPA-15 Promoting sustainable use of biomass energy resources in targeted communities,GOLD,Gold Standard Certified Project,Household & Community,Cookstoves,Reduction,Southern Asia,Nepal,Value Network Ventures Pte. Ltd.,2023.0,8725.0,9.19,BB,No,No
GS12715,GS11935 GS11934 RVPA-16 Promoting sustainable use of biomass energy resources in targeted communities,GOLD,Gold Standard Certified Project,Household & Community,Cookstoves,Reduction,Southern Asia,Nepal,Value Network Ventures Pte. Ltd.,2023.0,8513.0,12.44,B,No,No
GS12716,GS11935 GS11934 RVPA-17 Promoting sustainable use of biomass energy resources in targeted communities,GOLD,Gold Standard Certified Project,Household & Community,Cookstoves,Reduction,Southern Asia,Nepal,Value Network Ventures Pte. Ltd.,2023.0,8404.0,9.28,,No,No
GS12717,GS11935 GS11934 RVPA-18 Promoting sustainable use of biomass energy resources in targeted communities,GOLD,Gold Standard Certified Project,Household & Community,Cookstoves,Reduction,Southern Asia,Nepal,Value Network Ventures Pte. Ltd.,2023.0,7951.0,10.29,BB,No,No
GS12718,GS11935 GS11934 RVPA-19 Promoting sustainable use of biomass energy resources in targeted communities,GOLD,Gold Standard Certified Project,Household & Community,Cookstoves,Reduction,Southern Asia,Nepal,Value Network Ventures Pte. Ltd.,2023.0,7924.0,8.81,,No,No
GS12719,GS11935 GS11934 RVPA-20 Promoting sustainable use of biomass energy resources in targeted communities,GOLD,Gold Standard Certified Project,Household & Community,Cookstoves,Reduction,Southern Asia,Nepal,Value Network Ventures Pte. Ltd.,2023.0,7153.0,6.64,BB,No,No
GS12721,GS11935 GS11934 RVPA-21 Promoting sustainable use of biomass energy resources in targeted communities,GOLD,Gold Standard Certified Project,Household & Community,Cookstoves,Reduction,Southern Asia,Nepal,Value Network Ventures Pte. Ltd.,2023.0,7471.0,10.44,B,No,No
GS12722,GS11935 GS11934 RVPA-22 Promoting sustainable use of biomass energy resources in targeted communities,GOLD,Gold Standard Certified Project,Household & Community,Cookstoves,Reduction,Southern Asia,Nepal,Value Network Ventures Pte. Ltd.,2023.0,7608.0,7.75,CCC,No,No
GS12723,GS11935 GS11934 RVPA-23 Promoting sustainable use of biomass energy resources in targeted communities,GOLD,Gold Standard Certified Project,Household & Community,Cookstoves,Reduction,Southern Asia,Nepal,Value Network Ventures Pte. Ltd.,2023.0,7479.0,12.81,BB,No,No
GS12724,GS11935 GS11934 RVPA-24 Promoting sustainable use of biomass energy resources in targeted communities,GOLD,Gold Standard Certified Project,Household & Community,Cookstoves,Reduction,Southern Asia,Nepal,Value Network Ventures Pte. Ltd.,2023.0,7394.0,7.49,BB,No,No
GS12725,GS11935 GS11934 RVPA-25 Promoting sustainable use of biomass energy resources in targeted communities,GOLD,Gold Standard Certified Project,Household & Community,Cookstoves,Reduction,Southern Asia,Nepal,Value Network Ventures Pte. Ltd.,2023.0,7144.0,7.24,BB,No,No
GS12726,GS11935 GS11934 RVPA-26 Promoting sustainable use of biomass energy resources in targeted communities,GOLD,Gold Standard Certified Project,Household & Community,Cookstoves,Reduction,Southern Asia,Nepal,Value Network Ventures Pte. Ltd.,2023.0,7041.0,12.48,BB,No,No
GS12727,GS11935 GS11934 RVPA-27 Promoting sustainable use of biomass energy resources in targeted communities,GOLD,Gold Standard Certified Project,Household & Community,Cookstoves,Reduction,Southern Asia,Nepal,Value Network Ventures Pte. Ltd.,2023.0,7011.0,11.52,,No,No
GS12728,GS11935 GS11934 RVPA-28 Promoting sustainable use of biomass energy resources in targeted communities,GOLD,Gold Standard Certified Project,Household & Community,Cookstoves,Reduction,Southern Asia,Nepal,Value Network Ventures Pte. Ltd.,2023.0,6808.0,8.91,A,No,No
GS12729,GS11935 GS11934 RVPA-29 Promoting sustainable use of biomass energy resources in targeted communities,GOLD,Gold Standard Certified Project,Household & Community,Cookstoves,Reduction,Southern Asia,Nepal,Value Network Ventures Pte. Ltd.,2023.0,6499.0,8.37,B,No,No
GS12730,GS11935 GS11934 RVPA-30 Promoting sustainable use of biomass energy resources in targeted communities,GOLD,Gold Standard Certified Project,Household & Community,Cookstoves,Reduction,Southern Asia,Nepal,Value Network Ventures Pte. Ltd.,2023.0,6250.0,8.08,CCC,No,No
GS12731,GS11935 GS11934 RVPA-31 Promoting sustainable use of biomass energy resources in targeted communities,GOLD,Gold Standard Certified Project,Household & Community,Cookstoves,Reduction,Southern Asia,Nepal,Value Network Ventures Pte. Ltd.,2023.0,5988.0,11.24,,No,No
GS12732,GS11935 GS11934 RVPA-32 Promoting sustainable use of biomass energy resources in targeted communities,GOLD,Gold Standard Certified Project,Household & Community,Cookstoves,Reduction,Southern Asia,Nepal,Value Network Ventures Pte. Ltd.,2023.0,5788.0,10.84,B,No,No
GS12733,GS11935 GS11934 RVPA-33 Promoting sustainable use of biomass energy resources in targeted communities,GOLD,Gold Standard Certified Project,Household & Community,Cookstoves,Reduction,Southern Asia,Nepal,Value Network Ventures Pte. Ltd.,2023.0,5737.0,12.36,B,No,No
GS12734,GS11935 GS11934 RVPA-34 Promoting sustainable use of biomass energy resources in targeted communities,GOLD,Gold Standard Certified Project,Household & Community,Cookstoves,Reduction,Southern Asia,Nepal,Value Network Ventures Pte. Ltd.,2023.0,5421.0,9.71,BB,No,No
GS12735,GS11935 GS11934 RVPA-35 Promoting sustainable use of biomass energy resources in targeted communities,GOLD,Gold Standard Certified Project,Household & Community,Cookstoves,Reduction,Southern Asia,Nepal,Value Network Ventures Pte. Ltd.,2023.0,5383.0,9.09,BB,No,No
GS12736,GS11935 GS11934 RVPA-36 Promoting sustainable use of biomass energy resources in targeted communities,GOLD,Gold Standard Certified Project,Household & Community,Cookstoves,Reduction,Southern Asia,Nepal,Value Network Ventures Pte. Ltd.,2023.0,5370.0,8.31,BB,No,No
GS12737,GS11935 GS11934 RVPA-37 Promoting sustainable use of biomass energy resources in targeted communities,GOLD,Gold Standard Certified Project,Household & Community,Cookstoves,Reduction,Southern Asia,Nepal,Value Network Ventures Pte. Ltd.,2023.0,5096.0,8.43,BB,No,No
GS12738,GS11935 GS11934 RVPA-38 Promoting sustainable use of biomass energy resources in targeted communities,GOLD,Gold Standard Certified Project,Household & Community,Cookstoves,Reduction,Southern Asia,Nepal,Value Network Ventures Pte. Ltd.,2023.0,4994.0,10.75,BB,No,No
GS12739,GS11935 GS11934 RVPA-39 Promoting sustainable use of biomass energy resources in targeted communities,GOLD,Gold Standard Certified Project,Household & Community,Cookstoves,Reduction,Southern Asia,Nepal,Value Network Ventures Pte. Ltd.,2023.0,4755.0,8.2,BBB,No,No
GS12740,GS11935 GS11934 RVPA-40 Promoting sustainable use of biomass energy resources in targeted communities,GOLD,Gold Standard Certified Project,Household & Community,Cookstoves,Reduction,Southern Asia,Nepal,Value Network Ventures Pte. Ltd.,2023.0,4826.0,7.59,B,No,No
GS12741,GS11935 GS11934 RVPA-41 Promoting sustainable use of biomass energy resources in targeted communities,GOLD,Gold Standard Certified Project,Household & Community,Cookstoves,Reduction,Southern Asia,Nepal,Value Network Ventures Pte. Ltd.,2023.0,4742.0,9.79,B,No,No
GS12742,GS11935 GS11934 RVPA-42 Promoting sustainable use of biomass energy resources in targeted communities,GOLD,Gold Standard Certified Project,Household & Community,Cookstoves,Reduction,Southern Asia,Nepal,Value Network Ventures Pte. Ltd.,2023.0,4672.0,9.48,BB,No,No
GS12743,GS11935 GS11934 RVPA-43 Promoting sustainable use of biomass energy resources in targeted communities,GOLD,Gold Standard Certified Project,Household & Community,Cookstoves,Reduction,Southern Asia,Nepal,Value Network Ventures Pte. Ltd.,2023.0,4621.0,9.72,A,No,No
GS12744,GS11935 GS11934 RVPA-44 Promoting sustainable use of biomass energy resources in targeted communities,GOLD,Gold Standard Certified Project,Household & Community,Cookstoves,Reduction,Southern Asia,Nepal,Value Network Ventures Pte. Ltd.,2023.0,4596.0,8.31,CCC,No,No
GS12745,GS11935 GS11934 RVPA-45 Promoting sustainable use of biomass energy resources in targeted communities,GOLD,Gold Standard Certified Project,Household & Community,Cookstoves,Reduction,Southern Asia,Nepal,Value Network Ventures Pte. Ltd.,2023.0,4519.0,7.98,CCC,No,No
GS12746,GS11935 GS11934 RVPA-46 Promoting sustainable use of biomass energy resources in targeted communities,GOLD,Gold Standard Certified Project,Household & Community,Cookstoves,Reduction,Southern Asia,Nepal,Value Network Ventures Pte. Ltd.,2023.0,4467.0,8.14,CCC,No,No
GS12747,GS11935 GS11934 RVPA-47 Promoting sustainable use of biomass energy resources in targeted communities,GOLD,Gold Standard Certified Project,Household & Community,Cookstoves,Reduction,Southern Asia,Nepal,Value Network Ventures Pte. Ltd.,2023.0,4442.0,8.46,CCC,No,No
GS12748,GS11935 GS11934 RVPA-48 Promoting sustainable use of biomass energy resources in targeted communities,GOLD,Gold Standard Certified Project,Household & Community,Cookstoves,Reduction,Southern Asia,Nepal,Value Network Ventures Pte. Ltd.,2023.0,4340.0,12.54,BB,No,No
GS12749,GS11935 GS11934 RVPA-49 Promoting sustainable use of biomass energy resources in targeted communities,GOLD,Gold Standard Certified Project,Household & Community,Cookstoves,Reduction,Southern Asia,Nepal,Value Network Ventures Pte. Ltd.,2023.0,4212.0,11.32,BB,No,No
GS12750,GS11935 GS11934 RVPA-50 Promoting sustainable use of biomass energy resources in targeted communities,GOLD,Gold Standard Certified Project,Household & Community,Cookstoves,Reduction,Southern Asia,Nepal,Value Network Ventures Pte. Ltd.,2023.0,4134.0,8.13,B,No,No
GS12751,GS11935 GS11934 RVPA-51 Promoting sustainable use of biomass energy resources in targeted communities,GOLD,Gold Standard Certified Project,Household & Community,Cookstoves,Reduction,Southern Asia,Nepal,Value Network Ventures Pte. Ltd.,2023.0,3478.0,8.33,B,No,No
GS12752,GS11935 GS11934 RVPA-52 Promoting sustainable use of biomass energy resources in targeted communities,GOLD,Gold Standard Certified Project,Household & Community,Cookstoves,Reduction,Southern Asia,Nepal,Value Network Ventures Pte. Ltd.,2023.0,3375.0,9.71,BB,No,No
GS12753,GS11935 GS11934 RVPA-53 Promoting sustainable use of biomass energy resources in targeted communities,GOLD,Gold Standard Certified Project,Household & Community,Cookstoves,Reduction,Southern Asia,Nepal,Value Network Ventures Pte. Ltd.,2023.0,3341.0,9.38,CCC,No,No
GS12754,GS11935 GS11934 RVPA-54 Promoting sustainable use of biomass energy resources in targeted communities,GOLD,Gold Standard Certified Project,Household & Community,Cookstoves,Reduction,Southern Asia,Nepal,Value Network Ventures Pte. Ltd.,2023.0,3092.0,13.29,,No,No
GS12755,GS11935 GS11934 RVPA-55 Promoting sustainable use of biomass energy resources in targeted communities,GOLD,Gold Standard Certified Project,Household & Community,Cookstoves,Reduction,Southern Asia,Nepal,Value Network Ventures Pte. Ltd.,2023.0,3040.0,7.35,CCC,No,No
GS12756,GS11935 GS11934 RVPA-56 Promoting sustainable use of biomass energy resources in targeted communities,GOLD,Gold Standard Certified Project,Household & Community,Cookstoves,Reduction,Southern Asia,Nepal,Value Network Ventures Pte. Ltd.,2023.0,2860.0,11.05,BBB,No,No
GS12757,GS11935 GS11934 RVPA-57 Promoting sustainable use of biomass energy resources in targeted communities,GOLD,Gold Standard Certified Project,Household & Community,Cookstoves,Reduction,Southern Asia,Nepal,Value Network Ventures Pte. Ltd.,2023.0,2637.0,7.27,CCC,No,No
GS12758,GS11935 GS11934 RVPA-58 Promoting sustainable use of biomass energy resources in targeted communities,GOLD,Gold Standard Certified Project,Household & Community,Cookstoves,Reduction,Southern Asia,Nepal,Value Network Ventures Pte. Ltd.,2023.0,2645.0,11.78,BB,No,No
GS12759,GS11935 GS11934 RVPA-59 Promoting sustainable use of biomass energy resources in targeted communities,GOLD,Gold Standard Certified Project,Household & Community,Cookstoves,Reduction,Southern Asia,Nepal,Value Network Ventures Pte. Ltd.,2023.0,2395.0,9.9,B,No,No
GS12779,Enhancing Rural Living through Bio-Digester Project for Punjab's Household - India,GOLD,Gold Standard Certified Project,Household & Community,Biodigesters,Reduction,Southern Asia,India,Radheshyam Cottex,2023.0,42077.0,13.06,,No,No
GS12786,CTR Agreste Landfill Gas,GOLD,Gold Standard Certified Project,Waste Management,Landfill Methane,Reduction,Latin America and the Caribbean,Brazil,CGB ALAGOAS ENERGIA LTDA,2023.0,1333.0,5.48,A,No,No
GS12798,Proyecto Mirador Enhanced Distribution of Improved Cookstove in Latin America – Fourth VPA for Distribution of Dos por Tres Cookstove in Honduras,GOLD,Gold Standard Certified Project,Household & Community,Cookstoves,Reduction,Latin America and the Caribbean,Honduras,Proyecto Mirador,2024.0,5751.0,10.47,CCC,No,No
GS12801,GS11638 GS11640 RVPA-4 SPOUTS Water Purifier Programme in Africa- WPS in Uganda by AERA- VPA 14,GOLD,Gold Standard Certified Project,Household & Community,Clean Water,Reduction,Sub-Saharan Africa,Uganda,AGS Carbon Advisory,2024.0,30472.0,8.05,CCC,No,No
GS12829,GS12023 GS12022-RVPA-01-Safe drinking water for households institutions and communities,GOLD,Gold Standard Certified Project,Household & Community,Clean Water,Reduction,Southern Asia,Nepal,Value Network Ventures Pte. Ltd.,2023.0,55762.0,7.56,CCC,No,No
GS12830,GS12023 GS12022-RVPA-02-Safe drinking water for households institutions and communities,GOLD,Gold Standard Certified Project,Household & Community,Clean Water,Reduction,Southern Asia,Nepal,Value Network Ventures Pte. Ltd.,2023.0,31363.0,10.13,BB,No,No
GS12871,VPA1 - Improved Charcoal Cookstove in Ashanti and Central Regions of Ghana by Ecolinks,GOLD,Gold Standard Certified Project,Household & Community,Cookstoves,Reduction,Sub-Saharan Africa,Ghana,EcoLinks Co. Ltd,2025.0,1735.0,13.57,BB,No,No
GS13020,UpEnergy-Social and Climate Impact Programme- Cooking Devices VPA-40,GOLD,Gold Standard Certified Project,Household & Community,Cookstoves,Reduction,Sub-Saharan Africa,Malawi,UpEnergy Group,2024.0,16639.0,12.65,BB,No,No
GS13021,UpEnergy-Social and Climate Impact Programme- Cooking Devices VPA-41,GOLD,Gold Standard Certified Project,Household & Community,Cookstoves,Reduction,Sub-Saharan Africa,Malawi,UpEnergy Group,2024.0,14729.0,10.72,CCC,No,No
GS13045,GS13044 VPA-1 Kenya LifeStraw Give Back Program,GOLD,Gold Standard Certified Project,Household & Community,Clean Water,Reduction,Sub-Saharan Africa,Kenya,SweetSense Inc.,2024.0,12384.0,7.32,,No,No
GS13107,GS23149 Uganda Cook Bright  Initiative - VPA01,GOLD,Gold Standard Certified Project,Household & Community,Cookstoves,Reduction,Sub-Saharan Africa,Uganda,Impact Carbon,2024.0,65746.0,8.84,B,No,No
GS13108,GS 10963 GS 11007 RVPA 6 UpEnergy – Social and Climate Impact Programme – Cooking Devices VPA 46,GOLD,Gold Standard Certified Project,Household & Community,Cookstoves,Reduction,Sub-Saharan Africa,Zambia,UpEnergy Group,2024.0,15507.0,8.84,B,No,No
GS13110,GS23155 VPA-1 Changing  Lives by Improved Cooking in  Bangladesh,GOLD,Gold Standard Certified Project,Household & Community,Cookstoves,Reduction,Southern Asia,Bangladesh,Climate Secure India Pvt. Ltd,2024.0,148388.0,7.92,,No,No
GS13120,GS11638 GS11640 RVPA-5 SPOUTS Water Purifier Programme in Africa- WPS in Uganda by AERA- VPA 15,GOLD,Gold Standard Certified Project,Household & Community,Clean Water,Reduction,Sub-Saharan Africa,Uganda,AGS Carbon Advisory,2024.0,40562.0,6.92,A,No,No
GS13130,GS12792 VPA-1 Hygiene and Environmental Care for Tanks and Overhead Reservoirs (HECTOR),GOLD,Gold Standard Certified Project,Household & Community,Clean Water,Reduction,Southern Asia,India,Expert365 Pty Ltd.,2024.0,29427.0,8.82,AA,No,No
GS23170,Promotion of Improved and Efficient Cooking Practices in the host country of Uganda,GOLD,Gold Standard Certified Project,Household & Community,Cookstoves,Reduction,Sub-Saharan Africa,Uganda,PERSISTENTCLIMATE INDIA PRIVATE LIMITED,2024.0,10714.0,9.71,CCC,No,No
GS23187,GS12239 GS12240 RVPA-1 Amazi Meza Rwanda Water Supply Project For Schools,GOLD,Gold Standard Certified Project,Household & Community,Clean Water,Reduction,Sub-Saharan Africa,Rwanda,SweetSense Inc.,2024.0,17758.0,8.44,BB,No,No
GS23254,Brújula Verde,GOLD,Gold Standard Certified Project,Forestry & Land Use,Afforestation/Reforestation,Impermanent Removal,Latin America and the Caribbean,Colombia,Inverbosques S.A,2023.0,292766.0,26.33,B,No,No
GS23271,GS23264 VPA-1 Recovery of metals and minerals from incinerator  bottom ash in Switzerland,GOLD,Listed,Waste Management,Waste Recycling,Reduction,Europe,Switzerland,South Pole Ltd,2024.0,13342.0,7.73,BBB,No,No
ISOprj_1H502CZZH1S0VMYW,Nova Scotia Mineral OAE Project,ISO,Validated,Engineered Removal,Ocean Alkalinity Enhancement,Long-Duration Removal,North America,Canada,Planetary,2025.0,2697.0,389.9,A,Yes,No
ISOprj_1HHYZFVGW1S044ZY,Great Plains Organic Waste Sequestration,ISO,Validated,Engineered Removal,Biomass Carbon Removal & Storage,Long-Duration Removal,North America,United States,Vaulted Deep,2023.0,49051.0,277.66,AA,Yes,No
ISOprj_1HZSSWBQM1S08H83,Charm Bio-oil Geologic Storage,ISO,Validated,Engineered Removal,Biomass Carbon Removal & Storage,Long-Duration Removal,North America,United States,Charm Industrial,2024.0,2229.0,439.3,AAA,Yes,No
ISOprj_1J4P33N6W1S0RKE2,Loblolly Project,ISO,Validated,Engineered Removal,Biomass Carbon Removal & Storage,Long-Duration Removal,North America,United States,Graphyte,2024.0,3157.0,457.45,AAA,Yes,No
ISOprj_1JXCRW5ST1S0EEKH,Humboldt Sawmill Company (HSC),ISO,Validated,Waste Management,Biochar,Impermanent Removal,North America,United States,Pacific Biochar,2025.0,4007.0,173.9,AA,Yes,No
ISOprj_1JY1YXDBS1S01Y05,US Southeast Enhanced Weathering Project,ISO,Validated,Agriculture,Enhanced Rock Weathering,Long-Duration Removal,North America,United States,Lithos,2024.0,1370.0,25.32,AA,Yes,No
ISOprj_1JYCV03BW1S0RTE5,Darjeeling Revival: Alt x MOL,ISO,Validated,Agriculture,Enhanced Rock Weathering,Long-Duration Removal,Southern Asia,India,Alt Carbon,2025.0,2926.0,11.01,A,Yes,No
ISOprj_1JZJY8NY61S0RH07,Darjeeling Revival: Monsoon Harvest,ISO,Validated,Agriculture,Enhanced Rock Weathering,Long-Duration Removal,Southern Asia,India,Alt Carbon,2025.0,6008.0,12.5,,Yes,No
VCS4,AWMS METHANE RECOVERY PROJECT BR06-S-19,VCS,Late to verify,Agriculture,Manure Methane Digester,Reduction,Latin America and the Caribbean,Brazil,Agcert do Brasil Solucoes Ambientais Ltda.,2007.0,6609.0,5.42,AAA,No,No
VCS5,Greater Lebanon Refuse Authority Landfill Gas Collection and Combustion Project,VCS,Registered,Waste Management,Landfill Methane,Reduction,North America,United States,Greater Lebanon Refuse Authority,2008.0,33061.0,4.11,A,No,No
VCS10,BAESA Project,VCS,Registered,Renewable Energy,Hydropower,Reduction,Latin America and the Caribbean,Brazil,Multiple Proponents,2006.0,980166.0,1.96,CCC,No,No
VCS12,Chuanwei Group 24 MW Waste Gas based Captive Power Plant,VCS,Late to verify,Industrial & Commercial,Waste Gas Recovery,Reduction,Eastern Asia,China,"Neijiang Xingming Energy Co., Ltd.",2007.0,178234.0,4.91,A,No,No
VCS13,Coal Mine Methane Capture and Use Project at the North Antelope Rochelle Coal Mine Complex,VCS,Late to verify,Industrial & Commercial,Mine Methane Capture,Reduction,North America,United States,"Peabody Natural Gas, LLC",2006.0,109821.0,4.92,AA,No,No
VCS14,"Methane Capture, Flare and Utilization at Tyson Wastewater Treatment Facilities - Joslin",VCS,Late to verify,Waste Management,Methane Recovery in Wastewater,Reduction,North America,United States,"Inactive - Blue Source, LLC - Project Proponent 2",2004.0,18642.0,5.02,CCC,No,No
VCS16,"Methane Capture, Flare and Utilization at Tyson Wastewater Treatment Facilities - Lexington",VCS,Late to verify,Waste Management,Methane Recovery in Wastewater,Reduction,North America,United States,"Inactive - Blue Source, LLC - Project Proponent 2",2004.0,127000.0,4.13,BB,No,No
VCS17,"Methane Capture, Flare and Utilization at Tyson Wastewater Treatment Facilities - Storm Lake",VCS,Late to verify,Waste Management,Methane Recovery in Wastewater,Reduction,North America,United States,"Inactive - Blue Source, LLC - Project Proponent 2",2004.0,21894.0,5.81,A,No,No
VCS26,Gansu Diebu Niaojiaga 12.9 MW Hydropower Station Project,VCS,Registered,Renewable Energy,Hydropower,Reduction,Eastern Asia,China,"Diebu Niaojiaga Hydropower Development Co, Ltd",2006.0,71953.0,1.33,CCC,No,No
VCS30,Hunan Dongping 72MW Hydropower Project,VCS,Registered,Renewable Energy,Hydropower,Reduction,Eastern Asia,China,Wuling Power Corporation Ltd,2007.0,40170.0,1.85,B,No,No
VCS32,Luara Ceramic Fuel Switching Project,VCS,Late to verify,Renewable Energy,Biomass,Reduction,Latin America and the Caribbean,Brazil,Luara Indústria e Comércio de Materiais Ltda,2006.0,46116.0,2.09,BB,No,No
VCS33,Kitambar Switching Fuel Project,VCS,Registered,Renewable Energy,Biomass,Reduction,Latin America and the Caribbean,Brazil,Multiple Proponents,2007.0,53255.0,2.37,A,No,No
VCS34,Cavalcante Ceramic fuel switching project,VCS,Verification approval requested,Renewable Energy,Biomass,Reduction,Latin America and the Caribbean,Brazil,Multiple Proponents,2007.0,124053.0,3.15,CCC,No,No
VCS36,China Xiaogushan Hydropower Project,VCS,Registered,Renewable Energy,Hydropower,Reduction,Eastern Asia,China,"Xiaogushan Hydropower Co., Ltd.",2006.0,13036.0,1.97,BB,No,No
VCS38,Energy Efficiency Project in the Ramla Cement Plant in Israel,VCS,Late to verify,Industrial & Commercial,Energy Efficiency,Reduction,Western Asia,Israel,Nesher Cement Enterprises Ltd.,2006.0,3461.0,3.13,B,No,No
VCS45,Zhoubai Hydroelectric Project,VCS,Registered,Renewable Energy,Hydropower,Reduction,Eastern Asia,China,Chongqing Wujiang Industry (power) Group,2006.0,224974.0,2.33,B,No,No
VCS49,Liaoning Huanren Niumaodashan Wind Power Project,VCS,Registered,Renewable Energy,Wind,Reduction,Eastern Asia,China,"CASC Longyuan (Benxi) Wind Power Co., Ltd.",2006.0,187859.0,1.59,B,No,No
VCS50,Willow Creek Dairy Farm Project,VCS,Late to verify,Agriculture,Solid Waste Separation,Reduction,North America,United States,Willow Creek,2006.0,28803.0,10.2,B,No,No
VCS51,29.70 MW Wind Power project in Karnataka India,VCS,Registered,Renewable Energy,Wind,Reduction,Southern Asia,India,ACCIONA WIND ENERGY PVT. LTD.,2008.0,59999.0,2.15,CCC,No,No
VCS52,Nascente Ceramic Fuel Switching Project,VCS,Late to verify,Renewable Energy,Biomass,Reduction,Latin America and the Caribbean,Brazil,Multiple Proponents,2007.0,15920.0,2.98,,No,No
VCS54,Cenol and Telha Forte Ceramics Switching Fuel Project,VCS,Verification approval requested,Renewable Energy,Biomass,Reduction,Latin America and the Caribbean,Brazil,Multiple Proponents,2007.0,58543.0,3.64,BBB,No,No
VCS55,Lucevans Ceramic Fuel Switching Project,VCS,Late to verify,Renewable Energy,Biomass,Reduction,Latin America and the Caribbean,Brazil,Multiple Proponents,2007.0,40545.0,2.74,BB,No,No
VCS56,"Manasi River Stage I Hydropower Project of Hongshanzui Hydropower Plant, Xinjiang Tianfu Thermoelectric Co., Ltd.",VCS,Late to verify,Renewable Energy,Hydropower,Reduction,Eastern Asia,China,"Xinjiang Tianfu Thermoelectric Co., Ltd.",2006.0,119540.0,1.18,BB,No,No
VCS57,Waste Biomass Utilization at JSC Arkhangelsk Pulp and Paper Mill (APPM),VCS,Late to verify,Renewable Energy,Biomass,Reduction,Eastern Europe,Russia,Arkhangelsk Pulp and Paper Mill,2001.0,506993.0,3.01,B,No,No
VCS58,Pubu Hydropower Station Project,VCS,Late to verify,Renewable Energy,Hydropower,Reduction,Eastern Asia,China,Panzhihua Reshuihe Electric Power Development Co.,2008.0,11115.0,1.21,B,No,No
VCS59,Biomass powered process heat production and use project at Kangwal,VCS,Late to verify,Renewable Energy,Biomass,Reduction,South-Eastern Asia,Thailand,"Kangwal Polyester Co.,Ltd",2005.0,11712.0,2.77,CCC,No,No
VCS60,Irmãos Fredi Ceramic Fuel Switching Project,VCS,Late to verify,Renewable Energy,Biomass,Reduction,Latin America and the Caribbean,Brazil,Multiple Proponents,2006.0,49110.0,3.28,CCC,No,No
VCS61,Tapajós Ceramic Fuel Switching Project,VCS,Late to verify,Renewable Energy,Biomass,Reduction,Latin America and the Caribbean,Brazil,Multiple Proponents,2006.0,8472.0,1.75,BB,No,No
VCS62,Yunnan Dehong Longchuan Bienaihe 1st and 2nd Level Hydropower Stations,VCS,Late to verify,Renewable Energy,Hydropower,Reduction,Eastern Asia,China,"Longchuan Minhong Hydro Power Co., Ltd.",2006.0,1000.0,1.17,CCC,No,No
VCS63,"Argibem, São Sebastião and Vulcão Ceramics Fuel Switching Project",VCS,Registered,Renewable Energy,Biomass,Reduction,Latin America and the Caribbean,Brazil,Multiple Proponents,2006.0,34532.0,2.61,BB,No,No
VCS64,Gomes de Mattos Ceramic Fuel Switching Project,VCS,Registered,Renewable Energy,Biomass,Reduction,Latin America and the Caribbean,Brazil,Multiple Proponents,2006.0,48187.0,2.75,B,No,No
VCS65,Reunidas Ceramic Switching Non-Renewable Biomass Project,VCS,Registered,Renewable Energy,Biomass,Reduction,Latin America and the Caribbean,Brazil,Multiple Proponents,2007.0,49451.0,2.51,CCC,No,No
VCS66,Karakurt 10.8 MW Wind Farm,VCS,Registered,Renewable Energy,Wind,Reduction,Western Asia,Türkiye,Deniz Elektrik Uretim Ltd. Sti.,2007.0,52120.0,1.4,,No,No
VCS68,"119.8 MW Natural Gas based Combined Cycle Power Plant, at Tanjavur, Tamilnadu by M/s Aban  Power Company Limited",VCS,Registered,Industrial & Commercial,Natural Gas Electricity Generation,Reduction,Southern Asia,India,Lanco Tanjore Power Company Limited,2005.0,58772.0,4.7,B,No,No
VCS77,Yangcun Hydropower Station Project,VCS,Late to verify,Renewable Energy,Hydropower,Reduction,Eastern Asia,China,"Sichuan Daduhe Power Co., Ltd",2004.0,466930.0,1.83,CCC,No,No
VCS78,NOBRECEL Biomass energy project,VCS,Late to verify,Renewable Energy,Biomass,Reduction,Latin America and the Caribbean,Brazil,EcoSecurities International Limited,2002.0,221139.0,1.62,,No,No
VCS79,New Zealand Household Energy Efficient Lighting Projects (HELP),VCS,Late to verify,Household & Community,Lighting,Reduction,Oceania,New Zealand,Energy Mad Limited,2006.0,30443.0,7.4,AA,No,No
VCS80,Greenville County Landfill Gas Utilization Project,VCS,Late to verify,Waste Management,Landfill Methane,Reduction,North America,United States,"Greenville Gas Producers, LLC",2007.0,9768.0,2.12,AA,No,No
VCS82,Wastewater Treatment with Biogas Production (UASB) and Heat Utilization at General Starch Co Ltd.,VCS,Late to verify,Waste Management,Methane Recovery in Wastewater,Reduction,South-Eastern Asia,Thailand,Papop Renewable Company Limited,2004.0,229400.0,4.72,A,No,No
VCS83,"Guaraí, Itabira and Santa Izabel Ceramics Fuel Switching Project",VCS,Late to verify,Renewable Energy,Biomass,Reduction,Latin America and the Caribbean,Brazil,Multiple Proponents,2006.0,15274.0,1.66,BBB,No,No
VCS84,BEIJING 48 MW GUANTING WIND POWER PROJECT,VCS,Late to verify,Renewable Energy,Wind,Reduction,Eastern Asia,China,Beijing Jingeng Energy Technology Investment Compa,2008.0,10569.0,2.1,CCC,No,No
VCS85,Shizibao Hydropower Station Project,VCS,Late to verify,Renewable Energy,Hydropower,Reduction,Eastern Asia,China,"Yanbian Heli Electric Power Co., Ltd.",2007.0,26787.0,1.97,B,No,No
VCS86,Xiangjian Hydropower Station Units 3 and 4 Project,VCS,Late to verify,Renewable Energy,Hydropower,Reduction,Eastern Asia,China,"Yanbian Heli Electric Power Co., Ltd.",2007.0,12238.0,2.25,,No,No
VCS87,Xiangshuihe Hydropower Station Project,VCS,Late to verify,Renewable Energy,Hydropower,Reduction,Eastern Asia,China,"Yanbian Heli Electric Power Co., Ltd.",2007.0,21444.0,2.02,CCC,No,No
VCS89,Xinjiang Dabancheng Sanchang First Phase Wind Farm Project,VCS,Registered,Renewable Energy,Wind,Reduction,Eastern Asia,China,"Xinjiang Tianfeng Wind Power Co., Ltd.",2006.0,57906.0,1.6,B,No,No
VCS91,Changshatou 10MW Hydropower Project in Hubei Province,VCS,Registered,Renewable Energy,Hydropower,Reduction,Eastern Asia,China,"Yichang Changfeng Hydropower Development Co., Ltd",2007.0,2747.0,1.39,CCC,No,No
VCS92,300MW Hydropower project by JHPL,VCS,Verification approval requested,Renewable Energy,Hydropower,Reduction,Southern Asia,India,JSW Hydro Energy Limited,2007.0,8707618.0,1.39,,No,No
VCS93,86 MW Hydro Project in Himachal Pradesh,VCS,Registered,Renewable Energy,Hydropower,Reduction,Southern Asia,India,Malana Power Company Limited,2001.0,1767832.0,1.71,,No,No
VCS97,Yanling Shendu Hydropower Project,VCS,Registered,Renewable Energy,Hydropower,Reduction,Eastern Asia,China,"Hunan Zhongda Shendu Hydropower Co., Ltd.",2007.0,33313.0,1.96,B,No,No
VCS103,RIMA Fuel Switch in Bocaiúva,VCS,Registered,Renewable Energy,Biomass,Reduction,Latin America and the Caribbean,Brazil,RIMA Industrial S/A,2006.0,7365.0,2.71,B,No,No
VCS111,"Kalealti 15 MW Hydropower Plant, Turkey",VCS,Late to verify,Renewable Energy,Hydropower,Reduction,Western Asia,Türkiye,Tektuð Elektrik Üretim A.Þ.,2006.0,118129.0,1.87,BBB,No,No
VCS112,"Yunnan Nameguo, Faguo Hydropower stations",VCS,Late to verify,Renewable Energy,Hydropower,Reduction,Eastern Asia,China,Siento Energy Investment,2007.0,24793.0,1.49,A,No,No
VCS116,Jilin Liaoyuan Meihe Coal Mine Methane Power Generation Project,VCS,Late to verify,Industrial & Commercial,Mine Methane Capture,Reduction,Eastern Asia,China,"Liaoyuan Jingang Cement (Holding) Co., Ltd.",2006.0,1385.0,5.74,BBB,No,No
VCS117,"Waste heat recovery based power plant at Hindustan Zinc Limited, Chanderia",VCS,Registered,Industrial & Commercial,Waste Heat Recovery,Reduction,Southern Asia,India,Hindustan Zinc Limited,2005.0,2740.0,2.32,B,No,No
VCS120,Aydin Salavatli Dora-1 Geothermal Power Plant,VCS,Registered,Renewable Energy,Geothermal,Reduction,Western Asia,Türkiye,Menderes Geothermal Elektrik Uretim A.S,2008.0,3320.0,1.47,,No,No
VCS124,Gansu Yumen Sanshilijingzi Wind Power Project,VCS,Registered,Renewable Energy,Wind,Reduction,Eastern Asia,China,"Gansu Jieyuan Wind Power Co., Ltd.",2008.0,59481.0,2.24,B,No,No
VCS125,Taicang Waste Incineration Project,VCS,Late to verify,Waste Management,Waste Incineration,Reduction,Eastern Asia,China,Taicang Waste Incineration Cogeneration Co. Ltd,2007.0,92039.0,3.16,BB,No,No
VCS130,"Arrozal, GGP and Sul America Ceramics Fuel Switching Project",VCS,Late to verify,Renewable Energy,Biomass,Reduction,Latin America and the Caribbean,Brazil,Multiple Proponents,2006.0,14910.0,2.02,B,No,No
VCS131,Sol Nascente Ceramic Fuel Switching Project,VCS,Late to verify,Renewable Energy,Biomass,Reduction,Latin America and the Caribbean,Brazil,"Milton A. Salzedas Panorama - ""ME""",2006.0,20496.0,2.61,CCC,No,No
VCS132,"9 MW Neria Hyrdroelectric project, Karnataka, India",VCS,Late to verify,Renewable Energy,Hydropower,Reduction,Southern Asia,India,Bhoruka Power Corporation Limited,2008.0,34804.0,1.59,CCC,No,No
VCS133,15 MW grid-connected wind power project by MMTC in Karnataka,VCS,Late to verify,Renewable Energy,Wind,Reduction,Southern Asia,India,MMTC Limited,2009.0,2171.0,1.76,,No,No
VCS135,Shangyi Manjing Windfarm Project,VCS,Late to verify,Renewable Energy,Wind,Reduction,Eastern Asia,China,Guohua (Hebei) Renewable Energy Co Ltd.,2008.0,7411.0,2.84,CCC,No,No
VCS138,Greater New Bedford LFG Utilization Project,VCS,Registered,Waste Management,Landfill Methane,Reduction,North America,United States,Commonwealth New Bedford Energy LLC,2009.0,300038.0,4.16,A,No,No
VCS141,Babilonia Hydroelectric Project,VCS,Late to verify,Renewable Energy,Hydropower,Reduction,Latin America and the Caribbean,Honduras,ENERGISA S.A.,2007.0,4254.0,2.16,CCC,No,No
VCS142,"Reforestation of degraded grasslands in Uchindile & Mapanda, Tanzania",VCS,Late to verify,Forestry & Land Use,Afforestation/Reforestation,Impermanent Removal,Sub-Saharan Africa,Tanzania,Green Resources Tanzania Ltd (GRL),2008.0,52612.0,9.86,BB,Yes,No
VCS143,Bandeira and Capelli Ceramics Fuel Switching Project,VCS,Registered,Renewable Energy,Biomass,Reduction,Latin America and the Caribbean,Brazil,Multiple Proponents,2006.0,67848.0,2.4,BBB,No,No
VCS144,"Capacity Upgrade of Gunung Salak Geothermal Power Plant Project, Indonesia",VCS,Late to verify,Renewable Energy,Geothermal,Reduction,South-Eastern Asia,Indonesia,PT Indonesia Power,2009.0,16453.0,2.33,CCC,No,No
VCS147,"9.75 MW WIND POWER PROJECT AT CHITRADURGA, KARNATAKA, INDIA BY ESWARI GROUP.",VCS,Late to verify,Renewable Energy,Wind,Reduction,Southern Asia,India,Multiple Proponents,2006.0,32376.0,1.64,BB,No,No
VCS148,Hebei Kangbao Wolongtushan 30 MW Wind Farm Project,VCS,Registered,Renewable Energy,Wind,Reduction,Eastern Asia,China,"Hebei Construction Investment Zhangjiakou Wind Energy Co, Ltd.",2006.0,179637.0,2.38,CCC,No,No
VCS149,Rongcheng Dongchudao Wind Farm,VCS,Late to verify,Renewable Energy,Wind,Reduction,Eastern Asia,China,"Shandong Luneng Development Group Co., Ltd.",2007.0,1000.0,1.5,B,No,No
VCS150,Inner Mongolia Wudaogou 50.25MW Wind Power Project,VCS,Registered,Renewable Energy,Wind,Reduction,Eastern Asia,China,"Chifeng Xinsheng Wind Power Co., Ltd.",2007.0,74975.0,2.01,B,No,No
VCS154,"Shunchang Yangkou Hydro Power Project, Fujian, China",VCS,Late to verify,Renewable Energy,Hydropower,Reduction,Eastern Asia,China,Xiamen HSE Environmental Engineering Consulting,2007.0,129809.0,1.67,,No,No
VCS155,Ewald 1/2/7 Utilization of Coal-Mine-Methane,VCS,Late to verify,Industrial & Commercial,Mine Methane Capture,Reduction,Europe,Germany,Carbon-TF B.V.,2003.0,31481.0,4.16,A,No,No
VCS158,Menegalli Ceramic Fuel Switching Project,VCS,Verification approval requested,Renewable Energy,Biomass,Reduction,Latin America and the Caribbean,Brazil,Multiple Proponents,2008.0,36035.0,2.62,CCC,No,No
VCS159,"Minister Stein 4, Utilization of Coalmine Methane",VCS,Late to verify,Industrial & Commercial,Mine Methane Capture,Reduction,Europe,Germany,Carbon-TF B.V.,2002.0,63274.0,5.26,A,No,No
VCS160,Westfalen 1/2 Utilization of Coalmine Methane,VCS,Late to verify,Industrial & Commercial,Mine Methane Capture,Reduction,Europe,Germany,Carbon-TF B.V.,2003.0,36223.0,6.68,BBB,No,No
VCS163,Imudia Utilization of Coal-Mine-Methane,VCS,Late to verify,Industrial & Commercial,Mine Methane Capture,Reduction,Europe,Germany,Carbon-TF B.V.,2000.0,95650.0,5.61,,No,No
VCS164,Primavera Small Hydroelectric Project,VCS,Late to verify,Renewable Energy,Hydropower,Reduction,Latin America and the Caribbean,Brazil,EcoSecurities International Limited,2008.0,30614.0,2.33,B,No,No
VCS166,Dachunhe Sanji 6MW Hydropower Project in Yunnan Province,VCS,Late to verify,Renewable Energy,Hydropower,Reduction,Eastern Asia,China,"Yunnan New View Power Co.,Ltd.",2008.0,14644.0,1.57,BB,No,No
VCS167,Sexton Energy Des Plaines Landfill Methane Recovery and Destruction Project,VCS,Late to verify,Waste Management,Landfill Methane,Reduction,North America,United States,"CoolClimate Holding, Inc. dba AtmosClear",2007.0,13843.0,3.4,AA,No,No
VCS173,Vishnuprayag Hydro-electric Project (VHEP) by Jaiprakash Power Ventures Ltd.(JPVL),VCS,Late to verify,Renewable Energy,Hydropower,Reduction,Southern Asia,India,Jaiprakash Power Ventures Limited,2006.0,1467670.0,0.98,,No,No
VCS176,"Methane Capture, Power and Heat generation from Coal Mine Gas in the Concession HER-TEUTO",VCS,Late to verify,Industrial & Commercial,Mine Methane Capture,Reduction,Europe,Germany,Carbon-TF B.V.,2007.0,121648.0,6.92,AA,No,No
VCS177,"Datteln-Methan 1, Utilization of Coalmine Methane",VCS,Late to verify,Industrial & Commercial,Mine Methane Capture,Reduction,Europe,Germany,Carbon-TF B.V.,2007.0,4540.0,3.87,AA,No,No
VCS178,"Blumenthal 3/4, Utlization of Coalmine Methane",VCS,Late to verify,Industrial & Commercial,Mine Methane Capture,Reduction,Europe,Germany,Carbon-TF B.V.,2007.0,46368.0,7.89,BBB,No,No
VCS179,"Energy efficiency improvement in power generation at Sajjan India Limited, Ankhleshwar, Gujarat",VCS,Late to verify,Industrial & Commercial,Energy Efficiency,Reduction,Southern Asia,India,Sajjan India Ltd.,2008.0,19502.0,2.9,BBB,No,No
VCS181,Fuel-Wood Saving with Improved Cookstoves in Cambodia,VCS,Late to verify,Household & Community,Cookstoves,Reduction,South-Eastern Asia,Cambodia,GERES (Gpe Energies Renouvelables & Environnement),2004.0,155402.0,4.95,B,No,No
VCS192,"48 MW Houqiao Hydropower Project, Yunnan, China",VCS,Registered,Renewable Energy,Hydropower,Reduction,Eastern Asia,China,"Yunnan Baoshan Binglang River Hydropower Development Co., Ltd.",2006.0,28455.0,1.87,CCC,No,No
VCS195,"8.3 MW Wind Electricity Generation Project by Parakh Agro Industries Limited in Dhule, Maharashtra",VCS,Registered,Renewable Energy,Wind,Reduction,Southern Asia,India,Parakh Agro Industries Ltd.,2009.0,90090.0,2.05,,No,No
VCS196,Tiefa Coal Industry Group CMM Utilization Project,VCS,Late to verify,Industrial & Commercial,Mine Methane Capture,Reduction,Eastern Asia,China,"Tiefa Coal Industry (Group) Co., Ltd.",2006.0,6313.0,3.77,A,No,No
VCS197,Kamiranga Ceramic Fuel Switching Project,VCS,Verification approval requested,Renewable Energy,Biomass,Reduction,Latin America and the Caribbean,Brazil,Multiple Proponents,2008.0,158495.0,3.07,CCC,No,No
VCS198,J L Silva Ceramic Fuel Switching Project,VCS,Registered,Renewable Energy,Biomass,Reduction,Latin America and the Caribbean,Brazil,Multiple Proponents,2006.0,204036.0,3.44,B,No,No
VCS200,Velotex Ceramic Switching Fuel Project,VCS,Late to verify,Renewable Energy,Biomass,Reduction,Latin America and the Caribbean,Brazil,Multiple Proponents,2006.0,4693.0,1.59,,No,No
VCS201,Barbosa Ceramic Fuel Switching Project,VCS,Verification approval requested,Renewable Energy,Biomass,Reduction,Latin America and the Caribbean,Brazil,Multiple Proponents,2007.0,9486.0,2.72,BBB,No,No
VCS202,Bom Jesus Ceramic Fuel Switching Project,VCS,Registered,Renewable Energy,Biomass,Reduction,Latin America and the Caribbean,Brazil,Multiple Proponents,2007.0,65573.0,3.28,,No,No
VCS205,"Consolidation 1/6, Utlization of Coal-Mine-Methane",VCS,Late to verify,Industrial & Commercial,Mine Methane Capture,Reduction,Europe,Germany,Carbon-TF B.V.,2002.0,32934.0,5.3,BBB,No,No
VCS207,"Erin 6, Utilization of Coal-Mine-Methane",VCS,Late to verify,Industrial & Commercial,Mine Methane Capture,Reduction,Europe,Germany,Carbon-TF B.V.,2004.0,7711.0,3.7,BB,No,No
VCS208,"Ewald Fortsetzung 4/5, Utilization of Coal-Mine-Methane",VCS,Late to verify,Industrial & Commercial,Mine Methane Capture,Reduction,Europe,Germany,Carbon-TF B.V.,2006.0,4815.0,5.74,,No,No
VCS211,"Hugo Ost, Utilization of Coal-Mine-Methane",VCS,Late to verify,Industrial & Commercial,Mine Methane Capture,Reduction,Europe,Germany,Carbon-TF B.V.,2006.0,126915.0,6.91,BBB,No,No
VCS212,"Joarin, Utilization of Coal-Mine-Methane",VCS,Late to verify,Industrial & Commercial,Mine Methane Capture,Reduction,Europe,Germany,Carbon-TF B.V.,2004.0,1675.0,4.72,AA,No,No
VCS213,"Kurl 3, Utilization of Coal-Mine-Methane",VCS,Late to verify,Industrial & Commercial,Mine Methane Capture,Reduction,Europe,Germany,Carbon-TF B.V.,2001.0,64101.0,3.34,AA,No,No
VCS216,"Mansfield Toray, Utilization of Coal-Mine-Methane",VCS,Late to verify,Industrial & Commercial,Mine Methane Capture,Reduction,Europe,United Kingdom,Carbon-TF B.V.,2006.0,92382.0,3.6,BB,No,No
VCS217,"Prosper IV, Utilization of Coal-Mine-Methane",VCS,Late to verify,Industrial & Commercial,Mine Methane Capture,Reduction,Europe,Germany,Carbon-TF B.V.,2006.0,3875.0,4.16,A,No,No
VCS221,Utilization of Coal-Mine-Methane Hugo 1/4,VCS,Late to verify,Industrial & Commercial,Mine Methane Capture,Reduction,Europe,Germany,Carbon-TF B.V.,2006.0,30538.0,7.12,AAA,No,No
VCS225,"15 MW bundled gird connected renewable energy project in Maharashtra, India.",VCS,Late to verify,Renewable Energy,RE Bundled,Reduction,Southern Asia,India,Multiple Proponents,2006.0,54721.0,1.32,,No,No
VCS228,"Walsum, Utilization of Coal-Mine-Methane",VCS,Late to verify,Industrial & Commercial,Mine Methane Capture,Reduction,Europe,Germany,Carbon-TF B.V.,2006.0,66680.0,5.28,A,No,No
VCS233,Dortmund-Derne CHP Plant,VCS,Late to verify,Industrial & Commercial,Mine Methane Capture,Reduction,Europe,Germany,Carbon-TF B.V.,2001.0,6150.0,6.36,AAA,No,No
VCS238,"Mobuya Mini Hydro Power Plant 3 x 1000 kW North Sulawesi, Indonesia",VCS,Late to verify,Renewable Energy,Hydropower,Reduction,South-Eastern Asia,Indonesia,PT. Cipta Daya Nusantara,2007.0,23433.0,1.13,B,No,No
VCS245,Bundled Grid Connected 2.9 M.W. Wind Power Project in India by Kamal Engineering Corporation [Unit of KEC Industries Ltd],VCS,Late to verify,Renewable Energy,Wind,Reduction,Southern Asia,India,KAMAL ENGINEERING CORPORATION[UNIT OF KEC INDUSTRI,2009.0,13677.0,1.49,CCC,No,No
VCS248,"1.25 MW Wind Power Project by M/s. Garden Court Distilleries Pvt. Ltd. at Sangli, Maharashtra, India",VCS,Late to verify,Renewable Energy,Wind,Reduction,Southern Asia,India,M/s. Garden Court Distilleries Pvt. Ltd.,2006.0,5694.0,1.48,CCC,No,No
VCS249,"Bundled Wind Power Project in Tamilnadu, India, Co-ordinated by Tamilnadu Spinning Mills Association(TASMA-II)",VCS,Registered,Renewable Energy,Wind,Reduction,Southern Asia,India,TAMILNADU SPINNING MILLS ASSOCIATION (TASMA),2006.0,986933.0,1.64,CCC,No,No
VCS251,Biomass Based Cogeneration Project at Nectar Life Sciences Ltd,VCS,Late to verify,Renewable Energy,Biomass,Reduction,Southern Asia,India,Nectar Lifesciences Ltd,2007.0,5204.0,2.63,BBB,No,No
VCS253,Fuzhou Hongmiaoling Landfill  Gas to Electricity Project,VCS,Registered,Waste Management,Landfill Methane,Reduction,Eastern Asia,China,Fujian Tianyi Renewable Energy Technology & Utilization Co. Ltd.,2007.0,97961.0,3.21,,No,No
VCS255,"7.2 MW Nargund wind project for Grid system by Bhoruka Power Corporation Limited in Karnataka State, India.",VCS,Late to verify,Renewable Energy,Wind,Reduction,Southern Asia,India,Bhoruka Power Corporation Limited,2007.0,3720.0,1.37,B,No,No
VCS256,Mungcharoen Green Power - 9.9 MW Rice Husk Fired Power Plant Project,VCS,Late to verify,Renewable Energy,Biomass,Reduction,South-Eastern Asia,Thailand,"Mungcharoen Green Power Co., Ltd. (MGP)",2007.0,3329.0,2.53,,No,No
VCS260,8.5 MW wind power project in Chitradurga district in Karnataka by Jindal Aluminium Ltd.,VCS,Late to verify,Renewable Energy,Wind,Reduction,Southern Asia,India,JINDAL ALUMINIUM LIMITED,2007.0,10553.0,1.65,BB,No,No
VCS264,"Kargilik 24 MW Hydropower Plant, Turkey",VCS,Late to verify,Renewable Energy,Hydropower,Reduction,Western Asia,Türkiye,Tektuð Elektrik Üretim A.Þ.,2006.0,152279.0,2.37,CCC,No,No
VCS267,"5.0 MW small scale wind based power generation for captive use by Balkrishna Industries Limited (BIL) in Rajasthan, India",VCS,Registered,Renewable Energy,Wind,Reduction,Southern Asia,India,BALKRISHNA INDUSTRIES LIMITED,2009.0,24689.0,2.48,CCC,No,No
VCS268,2.5 MW WINDPOWERGENERATION PROJECT OF C.J.SHAH & CO,VCS,Late to verify,Renewable Energy,Wind,Reduction,Southern Asia,India,C . J . SHAH & CO,2009.0,1461.0,2.19,B,No,No
VCS269,6.25 MW Wind Power Generation project of Salora International Limited,VCS,Late to verify,Renewable Energy,Wind,Reduction,Southern Asia,India,Salora International Limited,2006.0,21091.0,1.56,B,No,No
VCS271,1.25 MW Wind Power Generation project of Euro Vistaa (India) Limited,VCS,Late to verify,Renewable Energy,Wind,Reduction,Southern Asia,India,Euro Vistaa (India) Limited,2009.0,5774.0,1.93,BBB,No,No
VCS273,Diaobingshan New-built 49.5MW Wind Power Station Project,VCS,Late to verify,Renewable Energy,Wind,Reduction,Eastern Asia,China,"Three Gorges New Energy Diaobingshan Wind Power Co., Ltd.",2009.0,306136.0,2.48,A,No,No
VCS274,Hanuman Ganga Hydro (4.95 MW) Plant at Uttarakhand,VCS,Late to verify,Renewable Energy,Hydropower,Reduction,Southern Asia,India,Regency Aquaelectro & Motelresorts Ltd.,2006.0,47237.0,1.86,BB,No,No
VCS275,"5MW Wind Mill Project of RBD by M/s. Rakesh Builders| Developers in Tirunelveli District, Tamil Nadu, India",VCS,Late to verify,Renewable Energy,Wind,Reduction,Southern Asia,India,RAKESH BUILDERS | DEVELOPERS,2006.0,8557.0,1.58,BB,No,No
VCS276,Jilin Tongyu Tongfa Wind Power Project,VCS,Registered,Renewable Energy,Wind,Reduction,Eastern Asia,China,"Jilin Longyuan Wind Power Co., Ltd.",2007.0,169204.0,2.02,BBB,No,No
VCS277,Hebei Shirenshan Wind Power Project,VCS,Registered,Renewable Energy,Wind,Reduction,Eastern Asia,China,"Longyuan (Zhangjiakou) Wind Power Co., Ltd.",2008.0,426177.0,2.06,BB,No,No
VCS278,Huanghe Tongli WHR Project,VCS,Late to verify,Industrial & Commercial,Waste Heat Recovery,Reduction,Eastern Asia,China,"Luoyang Huanghe Tongli Cement Co., Ltd",2008.0,19590.0,3.18,B,No,No
VCS279,Pingyuan Tongli WHR Project,VCS,Late to verify,Industrial & Commercial,Waste Heat Recovery,Reduction,Eastern Asia,China,"Xinxiang Pingyuan Tongli Cement Co., Ltd",2008.0,9677.0,2.37,BBB,No,No
VCS280,Yulong Tongli WHR Project,VCS,Late to verify,Industrial & Commercial,Waste Heat Recovery,Reduction,Eastern Asia,China,"Zhumadian Yulong Tongli Cement Co., Ltd",2007.0,13529.0,2.25,BBB,No,No
VCS282,"Waste Heat Recovery for Elemental Process for 30 MVA Calcium Carbide Furnace at DCM Shriram Consolidated Ltd's Chemical Complex at Kota(Rajasthan), India",VCS,Late to verify,Industrial & Commercial,Waste Heat Recovery,Reduction,Southern Asia,India,DCM Shriram Consolidated Limited,2006.0,80490.0,2.26,BB,No,No
VCS283,"Azhu Hydro Power Project in Guizhou Province, China",VCS,Late to verify,Renewable Energy,Hydropower,Reduction,Eastern Asia,China,Liupanshui Tuoyuan Group Co. Ltd.,2008.0,284064.0,1.69,BBB,No,No
VCS288,Red Hills Wind Project,VCS,Late to verify,Renewable Energy,Wind,Reduction,North America,United States,Multiple Proponents,2008.0,109016.0,1.45,,No,No
VCS290,Lee County Waste To Energy Facility 2007 Capital Expansion Project VCU,VCS,Verification approval requested,Waste Management,Waste Incineration,Reduction,North America,United States,Lee County Board of County Commissioners SW Div.,2007.0,193458.0,4.37,,No,No
VCS292,"150 MW grid connected Wind Power based electricity generation project in Gujarat, India.",VCS,Registered,Renewable Energy,Wind,Reduction,Southern Asia,India,Vayu (Project 1) private limited,2009.0,385254.0,1.9,B,No,No
VCS293,Rice husk fired boiler of 6 ton capacity for process steam generation at Sukhbir,VCS,Late to verify,Renewable Energy,Biomass,Reduction,Southern Asia,India,Sukhbir Agro Energy Limited,2006.0,7301.0,2.13,BBB,No,No
VCS294,Jiangsu Rudong Lingyang Wind Power Project,VCS,Registered,Renewable Energy,Wind,Reduction,Eastern Asia,China,"Jiangsu Longyuan Wind Power Co., Ltd.",2007.0,63546.0,1.74,,No,No
VCS296,Energy from renewables,VCS,Late to verify,Renewable Energy,RE Bundled,Reduction,Southern Asia,India,Poonawalla Fincorp Ltd,2006.0,9590.0,1.0,,No,No
VCS303,"Positive Climate Care 9.75 MW Bundled Wind Power Project Activity by Savita Oil Technologies Ltd. & its group companies in the state of Maharashtra, India",VCS,Registered,Renewable Energy,Wind,Reduction,Southern Asia,India,Savita Oil Technologies Limited,2007.0,18751.0,2.03,B,No,No
VCS304,Fundao Santa-Clara Energetic Complex Project (FSCECP),VCS,Late to verify,Renewable Energy,RE Bundled,Reduction,Latin America and the Caribbean,Brazil,Centrais Eletricas do Rio Jordao S.A. - ELEJOR,2006.0,123571.0,1.48,CCC,No,No
VCS305,4.5 MW bundled wind power project,VCS,Registered,Renewable Energy,Wind,Reduction,Southern Asia,India,VVD AND SONS PRIVATE LIMITED,2008.0,16546.0,1.3,CCC,No,No
VCS309,"Bundled grid-connected wind electricity generation project identified as Bundle E3 in Maharashtra and Gujarat, India",VCS,Late to verify,Renewable Energy,Wind,Reduction,Southern Asia,India,UIC UDYOG LIMITED,2007.0,3974.0,1.61,CCC,No,No
VCS313,"Macaohe 9.8MW  hydro power project in Guizhou Province, China",VCS,Late to verify,Renewable Energy,Hydropower,Reduction,Eastern Asia,China,Macaohe Hydro Power Development in Songtao County,2008.0,12585.0,1.92,CCC,No,No
VCS316,PARAMONGA BAGASSE BOILER PROJECT,VCS,Late to verify,Renewable Energy,Biomass,Reduction,Latin America and the Caribbean,Peru,AGRO INDUSTRIAL PARAMONGA SAA,2009.0,350392.0,1.83,CCC,No,No
VCS318,Clinton Landfill Gas Collection and Combustion Project,VCS,Registered,Waste Management,Landfill Methane,Reduction,North America,United States,"3Degrees Group, Inc",2010.0,93293.0,5.26,BBB,No,No
VCS319,CGN Gansu Anxi Daliang 49.5MW Wind Power Project,VCS,Late to verify,Renewable Energy,Wind,Reduction,Eastern Asia,China,"Gansu CGNPC Wind Power Co., Ltd",2008.0,1500.0,2.42,CCC,No,No
VCS321,"6.2 MW Bundled Wind Project in Tamil Nadu, Rajasthan and Maharashtra by Interocean.",VCS,Late to verify,Renewable Energy,Wind,Reduction,Southern Asia,India,Interocean Shipping (India) Pvt. Ltd.,2007.0,2900.0,2.7,BB,No,No
VCS322,Lara Ceramic fuel switching project,VCS,Late to verify,Renewable Energy,Biomass,Reduction,Latin America and the Caribbean,Brazil,Multiple Proponents,2006.0,26724.0,2.72,B,No,No
VCS323,Panorama Ceramic Fuel Switching Project,VCS,Late to verify,Renewable Energy,Biomass,Reduction,Latin America and the Caribbean,Brazil,Indústria Cerâmica Panorama LTDA.,2006.0,9096.0,2.55,CCC,No,No
VCS325,Lugouhe Hydropower Station Project,VCS,Registered,Renewable Energy,Hydropower,Reduction,Eastern Asia,China,"Sichuan Ebian Lugouhe Hydroelectricity Co., Ltd.",2007.0,45721.0,1.3,BB,No,No
VCS327,Guosheng Hydropower Station Project,VCS,Late to verify,Renewable Energy,Hydropower,Reduction,Eastern Asia,China,"Yanbian Mingyuan Electric Power Co., Ltd",2008.0,3450.0,1.5,CCC,No,No
VCS328,Huangjueshu Hydropower Station Project,VCS,Late to verify,Renewable Energy,Hydropower,Reduction,Eastern Asia,China,"Panzhihua Reshuihe Power Development Co., Ltd.",2008.0,5147.0,1.88,,No,No
VCS330,"Wutuhe Erji hydro power project in Guizhou Province, China",VCS,Late to verify,Renewable Energy,Hydropower,Reduction,Eastern Asia,China,"Wutuhe Hydro Power Development Co.,Ltd of Liupansh",2008.0,61607.0,2.13,BBB,No,No
VCS332,Dori Alimentos Ltda - Biomass Based Project - Brazil,VCS,Registered,Renewable Energy,Biomass,Reduction,Latin America and the Caribbean,Brazil,Dori Alimentos LTDA,2006.0,18556.0,1.48,,No,No
VCS334,"Methane Recovery Project Cleanergy Wanroij, North Brabant, The Netherlands,",VCS,Registered,Agriculture,Manure Methane Digester,Reduction,Europe,Netherlands,Cleanergy BV,2007.0,5455.0,4.75,BBB,No,No
VCS335,"Methane Recovery Project Aben, Wanroij, North Brabant, The Netherlands",VCS,Verification approval requested,Agriculture,Manure Methane Digester,Reduction,Europe,Netherlands,Aben Recycling BV,2007.0,129666.0,4.46,A,No,No
VCS336,"Methane Recovery Project Houbensteyn Ysselsteyn, Limburg, The Netherlands",VCS,Verification approval requested,Agriculture,Manure Methane Digester,Reduction,Europe,Netherlands,Houbensteyn milieu BV,2007.0,50887.0,5.16,A,No,No
VCS337,"Methane Recovery Project Princepeel Wilbertoord, North Brabant, The Netherlands",VCS,Verification approval requested,Agriculture,Manure Methane Digester,Reduction,Europe,Netherlands,B.V. Landgoed de Princepeel,2007.0,198270.0,4.57,,No,No
VCS339,"Utilization of renewable biomass in various thermal energy generating equipments at Shirdi Industries Limited. (SIL), Uttarakhand, India",VCS,Late to verify,Renewable Energy,Biomass,Reduction,Southern Asia,India,SHIRDI INDUSTRIES LTD,2007.0,20000.0,2.14,CCC,No,No
VCS340,"Upgradation, Operation and Maintenance of 200 TPD Composting facility at Okhla, Delhi",VCS,Late to verify,Waste Management,Composting,Reduction,Southern Asia,India,Indo Enviro Integrated Solutions Private Ltd,2009.0,2325.0,3.96,AA,No,No
VCS341,União and Dois Companheiros fuel switching project,VCS,Late to verify,Renewable Energy,Biomass,Reduction,Latin America and the Caribbean,Brazil,Multiple Proponents,2006.0,18847.0,2.21,B,No,No
VCS351,"Bundled grid-connected wind electricity generation project identified as Bundle E5 in Maharashtra and Tamil Nadu, India",VCS,Late to verify,Renewable Energy,Wind,Reduction,Southern Asia,India,Kaypee Enterprises,2006.0,64630.0,1.78,B,No,No
VCS354,Assunção Ceramic Fuel Switching Project,VCS,Registered,Renewable Energy,Biomass,Reduction,Latin America and the Caribbean,Brazil,Multiple Proponents,2007.0,45937.0,1.92,BB,No,No
VCS355,Inner Mongolia Baotou Bayin Wind Power Project,VCS,Registered,Renewable Energy,Wind,Reduction,Eastern Asia,China,"Longyuan (Baotou) Wind Power Co., Ltd.",2008.0,252154.0,1.87,CCC,No,No
VCS356,Methane capture and destruction on La Hormiga landfill in San Felipe and El Belloto landfill in Quilpue,VCS,Late to verify,Waste Management,Landfill Methane,Reduction,Latin America and the Caribbean,Chile,Bionersis S.A.,2009.0,3183.0,4.06,A,No,No
VCS362,"Grid-connected wind electricity generation project identified as Project E6 in Maharashtra, India",VCS,Late to verify,Renewable Energy,Wind,Reduction,Southern Asia,India,KANDHARI BEVERAGES PRIVATE LIMITED,2006.0,22226.0,1.32,B,No,No
VCS363,Caldere Hydro Power Plant Project,VCS,Registered,Renewable Energy,Hydropower,Reduction,Western Asia,Türkiye,Caldere Elektrik Uretim A.S.,2008.0,113226.0,1.72,,No,No
VCS364,Bundled 15 MW Wind Power Project in India,VCS,Late to verify,Renewable Energy,Wind,Reduction,Southern Asia,India,Gangadhar Narsingdas Agrawal (HUF),2005.0,3359.0,2.06,,No,No
VCS368,Sulige Natural Gas based Power Generation Project,VCS,Late to verify,Industrial & Commercial,Natural Gas Electricity Generation,Reduction,Eastern Asia,China,"Sulige Fuel Gas Power Generation Co., Ltd.",2007.0,429006.0,3.39,CCC,No,No
VCS370,Grid connected bundled wind power project in Gujarat managed by Enercon (India) Limited,VCS,Registered,Renewable Energy,Wind,Reduction,Southern Asia,India,Wind World (India) Ltd.,2008.0,1597.0,2.14,BBB,No,No
VCS371,Guangdong Lankou 26MW Hydro Power Project,VCS,Registered,Renewable Energy,Hydropower,Reduction,Eastern Asia,China,"Shenzhen City Fuyuan Industry (Group) Co., Ltd.",2007.0,346283.0,1.45,BBB,No,No
VCS373,"""Surplus power generation for grid"" at Vayyuru, Andhra Pradesh",VCS,Late to verify,Renewable Energy,Biomass,Reduction,Southern Asia,India,K.C.P SUGAR AND INDUSTRIES CORPORATION LIMITED,2008.0,30670.0,3.6,B,No,No
VCS374,"Capacity enhancement for export of surplus power to  grid at Lakshmipuram, Andhra Pradesh, India",VCS,Late to verify,Renewable Energy,Biomass,Reduction,Southern Asia,India,K.C.P SUGAR AND INDUSTRIES CORPORATION LIMITED,2006.0,7335.0,2.0,BBB,No,No
VCS376,"Positive Climate Care 8.25 MW Bundled Wind Power Project Activity by Savita Oil Technologies Limited in Hassan, Karnataka, India.",VCS,Registered,Renewable Energy,Wind,Reduction,Southern Asia,India,Savita Oil Technologies Limited,2008.0,91059.0,1.72,,No,No
VCS380,MRF wind power project in Tamilnadu managed by Enercon India Limited,VCS,Registered,Renewable Energy,Wind,Reduction,Southern Asia,India,Wind World (India) Ltd.,2006.0,13788.0,1.55,B,No,No
VCS385,Saldanha Small Hydroelectric Project,VCS,Late to verify,Renewable Energy,Hydropower,Reduction,Latin America and the Caribbean,Brazil,Hidroluz Centrais Elétricas Ltda,2007.0,7820.0,1.6,,No,No
VCS387,Electricity generation by utilization of waste heat from calcined petroleum coke production process,VCS,Late to verify,Industrial & Commercial,Waste Heat Recovery,Reduction,Southern Asia,India,Rain Calcining Limited,2007.0,238371.0,3.96,A,No,No
VCS390,Utilization of waste gas heat for power generation,VCS,Late to verify,Industrial & Commercial,Waste Heat Recovery,Reduction,Southern Asia,India,Sterlite Industries (India) Limited,2007.0,17902.0,2.85,B,No,No
VCS391,"Gullubag 96 MW Hydro Electric Power Plant Project, Turkey",VCS,Registered,Renewable Energy,Hydropower,Reduction,Western Asia,Türkiye,Multiple Proponents,2012.0,339413.0,2.34,,No,No
VCS392,Gansu Datang Yumen 49 MW Wind Power Project,VCS,Late to verify,Renewable Energy,Wind,Reduction,Eastern Asia,China,"Gansu Datang Yumen Wind Power Co., Ltd.",2006.0,6815.0,2.06,BB,No,No
VCS393,Qingdao Huawei Windpower (QHW) Project,VCS,Late to verify,Renewable Energy,Wind,Reduction,Eastern Asia,China,Qingdao Huawei Wind Power Co. Ltd,2009.0,17166.0,2.42,CCC,No,No
VCS395,Inner Mongolia Sunjiaying 50.25MW Wind Power Project,VCS,Registered,Renewable Energy,Wind,Reduction,Eastern Asia,China,"Chifeng Xinsheng Wind Power Co., Ltd.",2008.0,306610.0,1.1,BB,No,No
VCS396,Inner Mongolia Bayannaoer Chuanjingsumu 49.3MW Wind Power Project,VCS,Registered,Renewable Energy,Wind,Reduction,Eastern Asia,China,"Longyuan (Bayannaoer) Wind Power Co., Ltd.",2008.0,114742.0,1.36,A,No,No
VCS399,Heilongjiang Huanan Hengdaishan East Wind Power Project,VCS,Registered,Renewable Energy,Wind,Reduction,Eastern Asia,China,"Huanan Longyuan Wind Power Co., Ltd.",2007.0,20000.0,1.72,CCC,No,No
VCS403,Siam Cement Biomass Project,VCS,Late to verify,Renewable Energy,Biomass,Reduction,South-Eastern Asia,Thailand,"SCG Cement Co., Ltd.",2006.0,127123.0,1.57,CCC,No,No
VCS404,Bundled Wind Power project in Tamil Nadu managed by Enercon India Limited  II,VCS,Late to verify,Renewable Energy,Wind,Reduction,Southern Asia,India,Wind World (India) Ltd.,2006.0,48237.0,2.26,AA,No,No
VCS405,Banpong Tapioca Flour Industrial Wastewater Treatment and Biogas Utilisation Project,VCS,Registered,Waste Management,Methane Recovery in Wastewater,Reduction,South-Eastern Asia,Thailand,"Banpong Tapioca Flour Industrial Co., Ltd.",2006.0,33473.0,3.9,AA,No,No
VCS406,"Generation of power from process waste heat at Hi-Tech Carbon, Tamil Nadu",VCS,Late to verify,Industrial & Commercial,Waste Heat Recovery,Reduction,Southern Asia,India,Hi – Tech Carbon,2006.0,12895.0,2.84,A,No,No
VCS408,Thanawat wastewater treatment and biogas utilization project,VCS,Late to verify,Waste Management,Methane Recovery in Wastewater,Reduction,South-Eastern Asia,Thailand,"Thanawat Biogas Co., Ltd",2006.0,9525.0,4.2,BBB,No,No
VCS409,MedcoEnergi Associated Gas Recovery and Utilization Project,VCS,Late to verify,Industrial & Commercial,Waste Gas Recovery,Reduction,South-Eastern Asia,Indonesia,PT. Medco LPG Kaji (MLK),2006.0,2050.0,3.64,BBB,No,No
VCS413,Hebei Yuxian Kongzhongcaoyuan 49.5MW Wind Farm Project,VCS,Registered,Renewable Energy,Wind,Reduction,Eastern Asia,China,"Hebei Construction Investment Yuzhou Wind Energy Co., Ltd.",2009.0,102171.0,1.98,CCC,No,No
VCS414,Hebei Haixing 49.5MW Wind Farm Project,VCS,Registered,Renewable Energy,Wind,Reduction,Eastern Asia,China,"Hebei Construction Investment Zhongxing Wind Energy CO., LTD",2009.0,340426.0,1.48,CCC,No,No
VCS415,VP Biosupply Wastewater Treatment and Biogas Utilization Project,VCS,Registered,Waste Management,Methane Recovery in Wastewater,Reduction,South-Eastern Asia,Thailand,Multiple Proponents,2006.0,44668.0,3.43,BBB,No,No
VCS416,SD Biosupply Wastewater Treatment and Biogas Utilization Project,VCS,Registered,Waste Management,Methane Recovery in Wastewater,Reduction,South-Eastern Asia,Thailand,SD Biosupply Co. Ltd.,2006.0,62318.0,4.17,AAA,No,No
VCS417,P.S.C Starch Wastewater Treatment and Biogas Utilization Project,VCS,Late to verify,Waste Management,Methane Recovery in Wastewater,Reduction,South-Eastern Asia,Thailand,P.S.C. Starch Products Public Company Limited,2009.0,2004.0,4.55,BBB,No,No
VCS418,Heilongjiang Yilan Maanshan Wind Power Project,VCS,Registered,Renewable Energy,Wind,Reduction,Eastern Asia,China,"Yilan Longyuan Wind Power Co., Ltd.",2007.0,10422.0,1.55,BB,No,No
VCS420,"Bundled 13.75 MW Wind Power Project in the state of Rajasthan and Maharashtra, India.",VCS,Late to verify,Renewable Energy,Wind,Reduction,Southern Asia,India,Multiple Proponents,2006.0,5397.0,1.35,B,No,No
VCS421,Jiangsu Qidong Dongyuan Wind Power Project,VCS,Registered,Renewable Energy,Wind,Reduction,Eastern Asia,China,"Longyuan Qidong Wind Power Co., Ltd.",2008.0,194539.0,1.1,CCC,No,No
VCS422,Zhejiang Wenling Donghaitang Wind Power Project,VCS,Registered,Renewable Energy,Wind,Reduction,Eastern Asia,China,"Zhejiang Wenling Donghaitang Wind Power Co.,",2008.0,229065.0,1.78,CCC,No,No
VCS425,Sahamitr Tapioca Chonburi Wastewater Treatment and Biogas Utilization Project,VCS,Late to verify,Waste Management,Methane Recovery in Wastewater,Reduction,South-Eastern Asia,Thailand,Sahamitr Tapioca Chonburi,2009.0,8148.0,7.71,BBB,No,No
VCS426,"Wastewater Treatment with Biogas System in Palm Oil Mill at Sawi, Chumporn,Thailand",VCS,Late to verify,Waste Management,Methane Recovery in Wastewater,Reduction,South-Eastern Asia,Thailand,"The Natural Palm Oil (Chumporn) Co., Ltd.",2009.0,100328.0,6.26,AA,No,No
VCS427,Chol Charoen Group Wastewater Treatment with Biogas System I (Khonkaen),VCS,Registered,Waste Management,Methane Recovery in Wastewater,Reduction,South-Eastern Asia,Thailand,"Kean Charoen Co., Ltd.",2009.0,100578.0,4.68,AA,No,No
VCS428,Chol Charoen Group Wastewater Treatment with Biogas System I (Chacherngsao),VCS,Registered,Waste Management,Methane Recovery in Wastewater,Reduction,South-Eastern Asia,Thailand,"S.C. Industry Co., Ltd.",2009.0,9510.0,9.61,,No,No
VCS430,Chol Charoen Group Wastewater Treatment with Biogas System I (Cholburi),VCS,Registered,Waste Management,Methane Recovery in Wastewater,Reduction,South-Eastern Asia,Thailand,"Chol Charoen Co., Ltd.",2007.0,8914.0,3.38,A,No,No
VCS432,"Xiaoshan Power Plant's NG Power Generation Project of Zhejiang Southeast Electric Power Co., Ltd.",VCS,Registered,Industrial & Commercial,Natural Gas Electricity Generation,Reduction,Eastern Asia,China,"Zhejiang Southeast Electric Power Co., Ltd.",2007.0,44958.0,3.14,AA,No,No
VCS435,Gansu Huanghe Chaijiaxia Hydropower Station Project,VCS,Registered,Renewable Energy,Hydropower,Reduction,Eastern Asia,China,"Gansu Chaijiaxia Hydropower Co., Ltd.",2008.0,517793.0,1.61,BB,No,No
VCS438,"Grouped Hydropower Plants in Chongqing, Yunnan,Sichuan and Guizhou Provinces, P.R. China",VCS,Registered,Renewable Energy,Hydropower,Reduction,Eastern Asia,China,Multiple Proponents,2006.0,183378.0,1.75,B,No,No
VCS439,Yingpeng HFC23 Decompostion Project,VCS,Late to verify,Chemical Processes,HFC23 Destruction,Reduction,Eastern Asia,China,"Yingpeng Chemical Co., Ltd.",2009.0,3137510.0,8.85,A,No,No
VCS440,Infra-Red Automatic Refrigerant Leak Detection Efficiency Project,VCS,Registered,Chemical Processes,Refrigerant Leak Detection,Reduction,North America,United States,Multiple Proponents,2008.0,103193.0,4.9,AAA,No,No
VCS441,Henrico County Landfill Gas Combustion Project,VCS,Registered,Waste Management,Landfill Methane,Reduction,North America,United States,Multiple Proponents,2009.0,173575.0,4.07,AA,No,No
VCS444,"Tongren Tianshengqiao Hydropower Project, Guizhou Province, China",VCS,Late to verify,Renewable Energy,Hydropower,Reduction,Eastern Asia,China,Tongren Tianshengqiao Electricity Generation Co,2007.0,91035.0,2.51,,No,No
VCS447,"12.5 MW Bundled grid-connected wind electricity generation project in Karnataka, India",VCS,Late to verify,Renewable Energy,Wind,Reduction,Southern Asia,India,Multiple Proponents,2006.0,80519.0,1.1,CCC,No,No
VCS448,Methane Capture and Destruction at Simplot's Moses Lake Wastewater Treatment Facility,VCS,Registered,Waste Management,Methane Recovery in Wastewater,Reduction,North America,United States,J.R. Simplot Company,2007.0,7120.0,4.87,A,No,No
VCS451,Garganta da Jararaca Small Hydroelectric Power Plant (SHP) - Atiaia Energia S.A. Project Activity,VCS,Late to verify,Renewable Energy,Hydropower,Reduction,Latin America and the Caribbean,Brazil,Rio do Sangue Energia S.A.,2006.0,2929.0,1.46,CCC,No,No
VCS453,Gansu Huanghe Bingling Hydropower Station Project,VCS,Registered,Renewable Energy,Hydropower,Reduction,Eastern Asia,China,"Gansu Diantou Bingling hydropower Development Co.,Ltd.",2008.0,2600078.0,2.33,B,No,No
VCS455,Maracá Ceramic Fuel Switching Project,VCS,Registered,Renewable Energy,Biomass,Reduction,Latin America and the Caribbean,Brazil,Multiple Proponents,2008.0,25901.0,1.75,BB,No,No
VCS456,Barro Forte Ceramic Switching Fuel Project,VCS,Registered,Renewable Energy,Biomass,Reduction,Latin America and the Caribbean,Brazil,Multiple Proponents,2008.0,125105.0,3.49,BB,No,No
VCS459,Hubei Jiugongshan Wind Farm CDM Project,VCS,Late to verify,Renewable Energy,Wind,Reduction,Eastern Asia,China,"Hubei Jiugongshan Wind Power Co.,Ltd.",2007.0,26667.0,1.54,B,No,No
VCS461,Ratchaburi Farms Biogas Project at Veerachai Farm,VCS,Late to verify,Agriculture,Manure Methane Digester,Reduction,South-Eastern Asia,Thailand,VCF Group Company Ltd.,2008.0,5596.0,5.88,BB,No,No
VCS464,"6.0 MW Biomass based cogeneration power plant of Rama Paper Mills Limited, Kiratpur, Uttar Pradesh",VCS,Late to verify,Renewable Energy,Biomass,Reduction,Southern Asia,India,Rama Paper Mills Limtied,2008.0,4960.0,2.37,CCC,No,No
VCS465,BHL Thanabhawan Project,VCS,Late to verify,Renewable Energy,Biomass,Reduction,Southern Asia,India,Bajaj Hindusthan Ltd,2008.0,3158.0,2.43,BB,No,No
VCS468,Capricorn Ridge 4 Wind Farm,VCS,Registered,Renewable Energy,Wind,Reduction,North America,United States,NextEra Energy Resources,2010.0,390359.0,2.55,BBB,No,No
VCS470,Xinjiang Dabancheng Sanchang Phase III Wind Power Project,VCS,Registered,Renewable Energy,Wind,Reduction,Eastern Asia,China,"Xinjiang Tianfeng Wind Power Co., Ltd.",2008.0,63472.0,1.34,BB,No,No
VCS471,"The Bogeda 40.5 MW Wind-Farm Project in Urumqi, Xinjiang, China",VCS,Late to verify,Renewable Energy,Wind,Reduction,Eastern Asia,China,The CECIC Wind Power (Xinjiang) Co. Ltd.,2008.0,39428.0,1.21,BB,No,No
VCS476,28MW Jinkouba Hydropower Project,VCS,Registered,Renewable Energy,Hydropower,Reduction,Eastern Asia,China,Jintai Hydropower Co. Ltd in Gansu Province,2009.0,339387.0,1.69,BBB,No,No
VCS478,GHG Mitigation by Energy Efficiency Improvement as a result of replacement of Base Transceiver Station electronics in Telecom Towers,VCS,Late to verify,Industrial & Commercial,Energy Efficiency,Reduction,Southern Asia,India,Tata Teleservices Maharashtra Limited,2008.0,30032.0,1.89,CCC,No,No
VCS480,"Reduction in GHGs emission from primary aluminium smelter at Hindalco, Hirakud India",VCS,Late to verify,Industrial & Commercial,Aluminum Smelters Emission Reductions,Reduction,Southern Asia,India,HINDALCO INDUSTRIES LIMITED,2008.0,286468.0,2.98,B,No,No
VCS482,2.5 MW Bundled Wind Power Project in Maharashtra (India),VCS,Registered,Renewable Energy,Wind,Reduction,Southern Asia,India,Raj Infrastructure Development (India) Pvt. Ltd.,2007.0,13297.0,2.03,,No,No
VCS484,Thermal energy from Biomass at Mohota Mills,VCS,Late to verify,Renewable Energy,Biomass,Reduction,Southern Asia,India,The Rai Saheb Rekhchand Mohota Spinning & Weaving,2006.0,3001.0,2.0,B,No,No
VCS486,"50 MW Sipansihaporas Hydro Power Plant, North Sumatra",VCS,Registered,Renewable Energy,Hydropower,Reduction,South-Eastern Asia,Indonesia,PT. PLN (Persero),2009.0,157034.0,1.92,CCC,No,No
VCS487,"210 MW Musi Hydro Power Plant, Bengkulu",VCS,Registered,Renewable Energy,Hydropower,Reduction,South-Eastern Asia,Indonesia,PT. PLN (Persero),2009.0,1717243.0,1.9,CCC,No,No
VCS488,"82 MW Lau Renun Hydro Power Plant, North Sumatra",VCS,Registered,Renewable Energy,Hydropower,Reduction,South-Eastern Asia,Indonesia,PT. PLN (Persero),2009.0,459090.0,2.2,B,No,No
VCS489,44 MW Bundled Wind Power Project in Maharashtra managed by Enercon India Limited.,VCS,Registered,Renewable Energy,Wind,Reduction,Southern Asia,India,Wind World (India) Ltd.,2006.0,51070.0,1.97,BB,No,No
VCS494,Zhangjiagang Nature Gas Power Generation Project,VCS,Late to verify,Industrial & Commercial,Natural Gas Electricity Generation,Reduction,Eastern Asia,China,"Zhangjiagang Huaxing Power Co., Ltd.",2005.0,1149303.0,3.17,BBB,No,No
VCS495,"Positive Climate Care 8.75 MW bundled Wind Power Project Activity in the state of Maharashtra, India.",VCS,Late to verify,Renewable Energy,Wind,Reduction,Southern Asia,India,Multiple Proponents,2006.0,14162.0,1.4,CCC,No,No
VCS496,"Positive Climate Care 6.25 MW Bundled Wind Power Project Activity in the state of Tamilnadu, India.",VCS,Late to verify,Renewable Energy,Wind,Reduction,Southern Asia,India,Multiple Proponents,2006.0,16389.0,1.36,BB,No,No
VCS498,"Grid-connected wind electricity generation project in Tamil Nadu, India",VCS,Registered,Renewable Energy,Wind,Reduction,Southern Asia,India,National Enterprises,2010.0,1000.0,2.23,A,No,No
VCS499,"Positive Climate Care 4.67 MW Bundled Grid connected Wind Power Project Activity in Jaisalmer, Rajasthan, India",VCS,Registered,Renewable Energy,Wind,Reduction,Southern Asia,India,Multiple Proponents,2006.0,41877.0,1.77,,No,No
VCS500,"Positive Climate Care 3.55 MW bundled Grid connected Wind Power Project Activity in Jaisalmer, Rajasthan, India",VCS,Registered,Renewable Energy,Wind,Reduction,Southern Asia,India,Multiple Proponents,2008.0,16685.0,1.17,CCC,No,No
VCS501,"Positive Climate Care 8.70 MW bundled Wind Power Project Activity in the state of Maharashtra, India",VCS,Late to verify,Renewable Energy,Wind,Reduction,Southern Asia,India,Multiple Proponents,2006.0,13682.0,1.31,,No,No
VCS502,Utilization of agro-residue biomass in a co-generation system,VCS,Late to verify,Renewable Energy,Biomass,Reduction,Southern Asia,India,ITC Limited - Paperboards & Specialty Papers Divis,2009.0,59067.0,3.26,CCC,No,No
VCS504,Hainan Danzhou Eman Wind Power Project,VCS,Registered,Renewable Energy,Wind,Reduction,Eastern Asia,China,Hainan Longyuan Wind Power Co. Ltd.,2009.0,262532.0,1.51,CCC,No,No
VCS505,Liaoning Faku Heping Wind Power Project,VCS,Registered,Renewable Energy,Wind,Reduction,Eastern Asia,China,"Shenyang Longyuan Wind Power Co., Ltd.",2009.0,80027.0,2.14,BB,No,No
VCS506,"DARICA-1 99 MW Hydro Power Plant Project, Turkey",VCS,Registered,Renewable Energy,Hydropower,Reduction,Western Asia,Türkiye,Bilgin Guc Santralleri Enerji Uretim A.S.,2009.0,977240.0,1.62,BB,No,No
VCS508,"Natural Gas based Combined Cycle Power Project at Valantharavai Village, Ramanathapuram District, Tamil Nadu by Penna Electricity Limited [Formerly Arkay Energy Limited]",VCS,Registered,Industrial & Commercial,Natural Gas Electricity Generation,Reduction,Southern Asia,India,Pioneer Power Limited,2006.0,1016350.0,3.3,AA,No,No
VCS509,6.65 MW wind energy generation by GTN Enterprises Ltd,VCS,Late to verify,Renewable Energy,Wind,Reduction,Southern Asia,India,GTN ENTERPRISES LIMITED,2009.0,35863.0,1.09,B,No,No
VCS510,4 MW Kirloskar Wind Farms in Maharashtra,VCS,Registered,Renewable Energy,Wind,Reduction,Southern Asia,India,Wind World (India) Ltd.,2006.0,26201.0,2.56,B,No,No
VCS511,Zhang Jiagang waste heat recovery from sulphuric acid production for electricity generation project,VCS,Late to verify,Industrial & Commercial,Waste Heat Recovery,Reduction,Eastern Asia,China,Shanghai Yangtze Delta Investment Consulting Co.,2006.0,203380.0,1.25,CCC,No,No
VCS513,Salto Pilão Hydropower Plant Project Activity,VCS,Verification approval requested,Renewable Energy,Hydropower,Reduction,Latin America and the Caribbean,Brazil,Consórcio Empresarial Salto Pilão – CESAP,2012.0,1038275.0,2.28,CCC,No,No
VCS514,Promoting Sustainable Development through Natural Rubber Tree Plantations in Guatemala,VCS,Registered,Forestry & Land Use,Afforestation/Reforestation,Impermanent Removal,Latin America and the Caribbean,Guatemala,Negocios Energeticos de Occidente S.A.,2010.0,119188.0,12.98,BB,Yes,No
VCS517,Shandong Changdao Wind Farm Project,VCS,Late to verify,Renewable Energy,Wind,Reduction,Eastern Asia,China,"Shandong Changdao Wind Power Co., Ltd",2008.0,7352.0,1.87,,No,No
VCS521,"Someshwara small hydropower project (24.75 MW) in Karnataka, India",VCS,Late to verify,Renewable Energy,Hydropower,Reduction,Southern Asia,India,Pioneer Power Corporation Limited,2008.0,4050.0,1.94,B,No,No
VCS523,WHR CDM CPP,VCS,Late to verify,Industrial & Commercial,Waste Heat Recovery,Reduction,Southern Asia,India,Godawari Power and Ispat Ltd.,2007.0,86000.0,2.14,A,No,No
VCS526,Harbin Rice Husk Thermal Energy Generation Project,VCS,Late to verify,Renewable Energy,Biomass,Reduction,Eastern Asia,China,Wilmar International Limited,2011.0,44266.0,2.71,B,No,No
VCS528,Panjin Rice Husk Thermal Energy Generation Project,VCS,Late to verify,Renewable Energy,Biomass,Reduction,Eastern Asia,China,Wilmar International Limited,2010.0,29243.0,2.38,B,No,No
VCS529,Jilin Rice Husk Thermal Energy Generation Project,VCS,Late to verify,Renewable Energy,Biomass,Reduction,Eastern Asia,China,Wilmar International Limited,2010.0,20358.0,2.89,BBB,No,No
VCS534,Feke II 69.58 MW Hydroelecrtic Power Plant,VCS,Registered,Renewable Energy,Hydropower,Reduction,Western Asia,Türkiye,Akenerji Elektrik Uretim A.S,2012.0,273360.0,2.0,BB,No,No
VCS535,AKOCAK HYDROELECTRIC POWER PLANT,VCS,Crediting Period Renewal Requested,Renewable Energy,Hydropower,Reduction,Western Asia,Türkiye,Multiple Proponents,2010.0,49365.0,1.29,B,No,No
VCS536,Uluabat Hydroelectric Power Plant,VCS,Registered,Renewable Energy,Hydropower,Reduction,Western Asia,Türkiye,Akenerji Elektrik Uretim A.S,2012.0,361100.0,2.54,BBB,No,No
VCS538,14.1 MW grid connected wind energy project in Tamilnadu by ITC Limited,VCS,Registered,Renewable Energy,Wind,Reduction,Southern Asia,India,ITC Limited,2010.0,138703.0,2.67,BBB,No,No
VCS539,Liaoning Kangping Furaoshan Wind Power Project,VCS,Registered,Renewable Energy,Wind,Reduction,Eastern Asia,China,"Shenyang Longyuan Hero Asia Wind Power Co.,Ltd.",2008.0,12983.0,2.87,CCC,No,No
VCS540,CGN Inner Mongolia Huitengliang Phase I Wind Farm Project,VCS,Registered,Renewable Energy,Wind,Reduction,Eastern Asia,China,"CGN Wind Power CO.,Ltd.",2009.0,22833.0,2.82,BB,No,No
VCS541,Chile: Quilleco Hydroelectric Project,VCS,Late to verify,Renewable Energy,Hydropower,Reduction,Latin America and the Caribbean,Chile,Colbun S.A.,2007.0,6991.0,1.89,,No,No
VCS543,Inner Mongolia Wuliji Wind Farm Project,VCS,Registered,Renewable Energy,Wind,Reduction,Eastern Asia,China,"CGN Wind Power CO.,Ltd.",2009.0,258864.0,1.87,B,No,No
VCS544,Gansu Guazhou Daliangxi Wind Power Project,VCS,Registered,Renewable Energy,Wind,Reduction,Eastern Asia,China,"CGN Wind Power CO.,Ltd.",2009.0,14469.0,1.8,CCC,No,No
VCS546,Jilin Da'an Dagangzi Wind Power Project Phase III,VCS,Registered,Renewable Energy,Wind,Reduction,Eastern Asia,China,Jilin CGN Wind Power Co. Ltd.,2009.0,155818.0,2.5,B,No,No
VCS548,Jilin Da'an Dagangzi Wind Power Project Phase II,VCS,Registered,Renewable Energy,Wind,Reduction,Eastern Asia,China,Jilin CGN Wind Power Co. Ltd.,2009.0,406702.0,1.65,CCC,No,No
VCS553,Sebenoba 30 MW Wind Farm,VCS,Registered,Renewable Energy,Wind,Reduction,Western Asia,Türkiye,DENIZ Elektrik Uretim Ltd,2008.0,214421.0,1.34,BB,No,No
VCS558,Ituiutaba Ceramic Fuel Switching Project,VCS,Registered,Renewable Energy,Biomass,Reduction,Latin America and the Caribbean,Brazil,Multiple Proponents,2008.0,68100.0,1.97,,No,No
VCS562,The Kasigau Corridor REDD Project – Phase I Rukinga Sanctuary,VCS,Registered,Forestry & Land Use,REDD+,Reduction,Sub-Saharan Africa,Kenya,Wildlife Works Carbon LLC,2005.0,296593.0,9.88,,Yes,No
VCS563,Biomass based steam generation project by Sterling Agro Industries Ltd.,VCS,Registered,Renewable Energy,Biomass,Reduction,Southern Asia,India,Sterling Agro Industries Ltd.,2010.0,96314.0,2.76,B,No,No
VCS565,40.0 MW DEGIRMENUSTU Hydroelectric Power Plant,VCS,Verification approval requested,Renewable Energy,Hydropower,Reduction,Western Asia,Türkiye,DEGIRMENUSTU ENERJI URETIM TICARET VE SANAYI AS,2009.0,154356.0,2.47,BB,No,No
VCS566,10 MW Wind Power Project in Maharashtra by Deepak Fertilizers and Petrochemicals Corporation Limited,VCS,Registered,Renewable Energy,Wind,Reduction,Southern Asia,India,Deepak Fertilisers and Petrochemical Corp. Ltd.,2009.0,24553.0,1.76,BB,No,No
VCS567,"N2O abatement in MP Nitric Acid plants at Rashtriya Chemicals & Fertilizers Limited, India",VCS,Late to verify,Chemical Processes,N2O Destruction in Nitric Acid Production,Reduction,Southern Asia,India,Rashtriya Chemicals and Fertilizers (RCF),2009.0,75000.0,5.92,AA,No,No
VCS572,Dalian Maoyingzi Landfill Gas Recovery for Power Generation Project,VCS,Late to verify,Waste Management,Landfill Methane,Reduction,Eastern Asia,China,"Dalian PhasCon Technologies Co., Ltd.",2008.0,3398.0,4.18,B,No,No
VCS575,"Catalytic Reduction of N2O inside the Ammonia Burners of the Nitric Acid Plant in Caojing, Shanghai",VCS,Late to verify,Chemical Processes,N2O Destruction in Nitric Acid Production,Reduction,Eastern Asia,China,"Shanghai BASF Polyurethane Co., Ltd.",2009.0,578898.0,6.42,AA,No,No
VCS576,"Restoration of degraded areas and reforestation in Cáceres and Cravo Norte, Colombia",VCS,Registered,Forestry & Land Use,Afforestation/Reforestation,Impermanent Removal,Latin America and the Caribbean,Colombia,Asorpar Ltd.,2002.0,5849.0,15.53,B,Yes,No
VCS577,AYRANCILAR HYDROELECTRIC POWER PLANT,VCS,Registered,Renewable Energy,Hydropower,Reduction,Western Asia,Türkiye,Multiple Proponents,2011.0,30964.0,1.89,BB,No,No
VCS582,Yaylabel 5.2 MW Hydro Power Plant,VCS,Registered,Renewable Energy,Hydropower,Reduction,Western Asia,Türkiye,Elestas Elektrik Uretim A.S.,2015.0,8816.0,2.62,CCC,No,No
VCS583,Yazi 1.13 MW HEPP,VCS,Registered,Renewable Energy,Hydropower,Reduction,Western Asia,Türkiye,Elestas Elektrik Uretim A.S.,2016.0,7251.0,1.37,CCC,No,No
VCS584,2.5 MW Rice husk based cogeneration plant at Hanuman Agro Industries Limited,VCS,Registered,Renewable Energy,Biomass,Reduction,Southern Asia,India,Hanuman Agro Industries Ltd.,2006.0,1300.0,2.53,BB,No,No
VCS586,GE Teobaldo Ceramic Fuel Switching Project,VCS,Registered,Renewable Energy,Biomass,Reduction,Latin America and the Caribbean,Brazil,Multiple Proponents,2009.0,38749.0,3.3,BBB,No,No
VCS587,Protection of a Tasmanian Native Forest (Project 3: Peter Downie),VCS,Late to verify,Forestry & Land Use,Improved Forest Management,Mixed,Oceania,Australia,Peter Downie,2011.0,4810.0,11.57,BBB,Yes,No
VCS589,Cai Be Rice Husk Thermal Energy Generation Project,VCS,Late to verify,Renewable Energy,Biomass,Reduction,South-Eastern Asia,Viet Nam,Wilmar International Limited,2010.0,2631.0,2.73,CCC,No,No
VCS598,"Keban 5 MW Hydropower Plant, Turkey",VCS,Late to verify,Renewable Energy,Hydropower,Reduction,Western Asia,Türkiye,Tektuð Elektrik Üretim A.Þ.,2007.0,91770.0,1.65,BBB,No,No
VCS600,Yeong Yang 61.5 MW Wind Farm Project,VCS,Late to verify,Renewable Energy,Wind,Reduction,Eastern Asia,South Korea,Yeong Yang Wind Power Corporation,2009.0,2977.0,2.53,A,No,No
VCS601,"2.50 MW Wind Project at Kappadagudda, Gadag District, Karnataka",VCS,Late to verify,Renewable Energy,Wind,Reduction,Southern Asia,India,R.PRAVEEN CHANDRA,2008.0,10233.0,1.75,BBB,No,No
VCS602,Maguary Ceramic Fuel Switching Project,VCS,Registered,Renewable Energy,Biomass,Reduction,Latin America and the Caribbean,Brazil,Multiple Proponents,2008.0,61022.0,2.86,,No,No
VCS603,Sirma Run-of-River Hydro Project,VCS,Registered,Renewable Energy,Hydropower,Reduction,Western Asia,Türkiye,Elen Enerji Uretimi Sanayi Ticaret A.S.,2009.0,55647.0,1.96,B,No,No
VCS607,Darkwoods Forest Carbon Project,VCS,Verification approval requested,Forestry & Land Use,Improved Forest Management,Mixed,North America,Canada,Nature Conservancy of Canada,2008.0,295336.0,11.33,B,Yes,No
VCS608,Grid -connected electricity generation from 23.75MW  wind energy by GACL in Gujarat in,VCS,Late to verify,Renewable Energy,Wind,Reduction,Southern Asia,India,Gujarat Alkalies and Chemicals Limited,2008.0,94356.0,2.37,A,No,No
VCS612,The Kasigau Corridor REDD Project - Phase II The Community Ranches,VCS,Registered,Forestry & Land Use,REDD+,Reduction,Sub-Saharan Africa,Kenya,Wildlife Works Carbon LLC,2010.0,8642644.0,10.23,B,Yes,No
VCS616,Shenyang Laohuchong LFG Power Generation Project,VCS,Late to verify,Waste Management,Landfill Methane,Reduction,Eastern Asia,China,Shenyang Laohuchong Municipal Solid Waste Manageme,2008.0,55861.0,2.88,,No,No
VCS617,"Electricity generation through wind power project at Jodhpur, Rajasthan",VCS,Registered,Renewable Energy,Wind,Reduction,Southern Asia,India,M/s Paranjape Autocast Pvt. Ltd.,2010.0,11337.0,1.64,CCC,No,No
VCS618,"Conversion of SF6 To An Alternative Cover Gas In Magnesium Production In Eaton Rapids, MI and Strathroy, ON",VCS,Registered,Chemical Processes,SF6 Replacement,Reduction,North America,United States,Magnesium Products of America (also denoted as Meridian Magnesium Products of America or MPA),2008.0,128727.0,3.96,A,No,No
VCS619,15 MW Grid Connected Renewable Energy Wind Turbine in Karnataka,VCS,Registered,Renewable Energy,Wind,Reduction,Southern Asia,India,MINERAL ENTERPRISES LIMITED,2006.0,2052.0,1.43,B,No,No
VCS620,LKPPL Fuel Switch Project for Generation of Cleaner Power,VCS,On Hold - see notification letter,Industrial & Commercial,Fuel Switching,Reduction,Southern Asia,India,Lanco Kondapalli Power Private Limited,2007.0,539407.0,3.7,,No,No
VCS621,"Biomass based renewable energy project in a Solvent Extraction Plant, India",VCS,Late to verify,Renewable Energy,Biomass,Reduction,Southern Asia,India,M/s. Ambika Solvex Ltd.,2006.0,17051.0,1.81,CCC,No,No
VCS622,"Bundled Wind Power Project in Tirunelveli, Tamil Nadu",VCS,Late to verify,Renewable Energy,Wind,Reduction,Southern Asia,India,Multiple Proponents,2008.0,26142.0,2.56,BB,No,No
VCS623,12.55 MW Wind Power Project In India,VCS,Late to verify,Renewable Energy,Wind,Reduction,Southern Asia,India,Walden Properties Pvt. Ltd.,2008.0,24321.0,1.58,B,No,No
VCS630,13.65 MW Captive Wind Energy Project in Tirunelveli,VCS,Late to verify,Renewable Energy,Wind,Reduction,Southern Asia,India,Loyal Textiles Mills Ltd.,2005.0,18740.0,1.82,BB,No,No
VCS631,"13.25 MW Wind Power Generation by RMTL, in Kutch, Gujarat",VCS,Registered,Renewable Energy,Wind,Reduction,Southern Asia,India,Ratnamani Metals & Tubes Limited,2008.0,21475.0,2.02,CCC,No,No
VCS633,"Bundled wind power project in Tamil Nadu, India",VCS,Late to verify,Renewable Energy,Wind,Reduction,Southern Asia,India,TCS Textiles Pvt LTD,2006.0,18323.0,1.59,CCC,No,No
VCS634,Bos Dairy Farm Project,VCS,Late to verify,Agriculture,Solid Waste Separation,Reduction,North America,United States,Bos Dairy Farm Project,2007.0,15004.0,9.01,,No,No
VCS635,Dak Rung Hydropower Project,VCS,Late to verify,Renewable Energy,Hydropower,Reduction,South-Eastern Asia,Viet Nam,Viet Nguyen Construction Works Joint Stock Company,2010.0,10393.0,2.74,BB,No,No
VCS636,8MW biomass based power plant at Phagwara,VCS,Registered,Renewable Energy,Biomass,Reduction,Southern Asia,India,JCT Ltd,2012.0,2271.0,2.95,B,No,No
VCS637,12 MW Wind Electricity Generation Farm at Radhapuram by M/s Surana Industries Limited,VCS,Late to verify,Renewable Energy,Wind,Reduction,Southern Asia,India,SURANA INDUSTRIES LTD,2006.0,44080.0,1.27,CCC,No,No
VCS638,Rockingham County Landfill Gas Combustion Project,VCS,Registered,Waste Management,Landfill Methane,Reduction,North America,United States,Rockingham County,2010.0,90871.0,4.53,A,No,No
VCS639,15 MW Grid Connected renewable energy generation by RSMML,VCS,Late to verify,Renewable Energy,RE Bundled,Reduction,Southern Asia,India,Rajasthan State Mines & Minerals Ltd,2007.0,18915.0,1.66,BB,No,No
VCS640,Flathead Electric Cooperative Landfill Gas to Energy Project,VCS,Registered,Waste Management,Landfill Methane,Reduction,North America,United States,"Flathead Electric Cooperative, Inc.",2009.0,25201.0,2.92,BBB,No,No
VCS641,Redd Forests Grouped Project: Protection of Tasmanian Native Forest,VCS,Late to verify,Forestry & Land Use,Improved Forest Management,Mixed,Oceania,Australia,Multiple Proponents,2011.0,2082.0,15.61,,Yes,No
VCS642,West Star North Dairy,VCS,Late to verify,Agriculture,Solid Waste Separation,Reduction,North America,United States,West Star North Dairy,2008.0,9812.0,8.23,CCC,No,No
VCS643,"16.0 MW bagasse based cogeneration project at Ahmadnagar, Maharashtra by M/s Mula Sahakari Sakhar Karkhana Ltd.",VCS,Late to verify,Renewable Energy,Biomass,Reduction,Southern Asia,India,M/s Mula Sahakari Sakhar Karkhana Ltd.,2007.0,1130.0,2.19,BB,No,No
VCS647,Boden Creek Ecological Preserve Forest Carbon Project,VCS,Late to verify,Forestry & Land Use,REDD+,Reduction,Latin America and the Caribbean,Belize,Boden Creek Ecological Preserve,2005.0,4943.0,10.3,B,Yes,No
VCS648,TOWER ABANDONED MINE METHANE UTILIZATION PROJECT,VCS,Late to verify,Industrial & Commercial,Mine Methane Capture,Reduction,North America,United States,"Oso Oil and Gas Properties, LLC",2008.0,140089.0,5.91,BB,No,No
VCS653,65MW Dagushan hydropower Project in China,VCS,Registered,Renewable Energy,Hydropower,Reduction,Eastern Asia,China,Gansu Zhangye Dagushan Hydropower Co. Ltd.,2009.0,798060.0,1.56,CCC,No,No
VCS655,"24.8 MW Wind power project by Belgaum Wind Farms Private Ltd. in Gadag, Karnataka",VCS,Registered,Renewable Energy,Wind,Reduction,Southern Asia,India,Belgaum Wind Farms Private Limited,2008.0,21140.0,1.92,CCC,No,No
VCS656,Guizhou Qingshuihe Gelibridge Hydropower Project,VCS,Registered,Renewable Energy,Hydropower,Reduction,Eastern Asia,China,"Guizhou Wujiang Qingshuihe Hydropower Development Co., Ltd",2010.0,822077.0,1.62,CCC,No,No
VCS657,"Grid connected electricity generation from renewable sources:Bagisli 29.57 MW Hydroelectric Power Plant Project, Turkey",VCS,Late to verify,Renewable Energy,Hydropower,Reduction,Western Asia,Türkiye,Ceykar Elektrik Üretim A.S.,2009.0,37264.0,1.87,CCC,No,No
VCS659,Shenyang Faku Wanghaisi Wind Power Project,VCS,Registered,Renewable Energy,Wind,Reduction,Eastern Asia,China,"Shenyang Longyuan Wind Power Co., Ltd.",2007.0,34290.0,2.75,BB,No,No
VCS660,Liaoning Faku Wanghaisi East Wind Power Project,VCS,Registered,Renewable Energy,Wind,Reduction,Eastern Asia,China,"Shenyang Longyuan Wind Power Co., Ltd.",2008.0,54716.0,1.96,B,No,No
VCS665,"Multi-Species Reforestation in Mato Grosso, Brazil",VCS,Registered,Forestry & Land Use,Afforestation/Reforestation,Impermanent Removal,Latin America and the Caribbean,Brazil,Multiple Proponents,2009.0,108364.0,18.58,BB,Yes,No
VCS666,Gansu Zhangye Heihe Longhui Small Scale Hydropower Project,VCS,Late to verify,Renewable Energy,Hydropower,Reduction,Eastern Asia,China,Zhangye Longhui Hydropower Co. Ltd.,2007.0,60960.0,1.73,B,No,No
VCS667,Chongqing Longshui 8MW Hydro Power Project,VCS,Late to verify,Renewable Energy,Hydropower,Reduction,Eastern Asia,China,Wuxi Longshui Development Co. Ltd,2008.0,6918.0,1.61,,No,No
VCS669,Wind Energy project by Ramco group in india,VCS,Late to verify,Renewable Energy,Wind,Reduction,Southern Asia,India,Multiple Proponents,2006.0,357065.0,1.78,,No,No
VCS670,Xiaoxi Hydropower Project,VCS,Late to verify,Renewable Energy,Hydropower,Reduction,Eastern Asia,China,Hunan Xinshao Xiaoxi Hydropower Development Co Ltd,2008.0,64930.0,1.7,CCC,No,No
VCS671,"Bundled grid-connected wind electricity generation project identified as Bundle E1 in Maharashtra and Rajasthan, India",VCS,Late to verify,Renewable Energy,Wind,Reduction,Southern Asia,India,Multiple Proponents,2006.0,30895.0,2.0,B,No,No
VCS672,"INFAPRO Rehabilitation of logged-over dipterocarp forest in Sabah, Malaysia",VCS,Registered,Forestry & Land Use,Improved Forest Management,Mixed,South-Eastern Asia,Malaysia,Face the Future,2010.0,748023.0,16.11,A,Yes,No
VCS673,Natural High Forest Rehabilitation Project on degraded land of Kibale National Park,VCS,Registered,Forestry & Land Use,Afforestation/Reforestation,Impermanent Removal,Sub-Saharan Africa,Uganda,PRIMAKLIMA e.V.,2011.0,35737.0,19.01,BBB,Yes,No
VCS674,Rimba Raya Biodiversity Reserve Project,VCS,Late to verify,Forestry & Land Use,REDD+,Reduction,South-Eastern Asia,Indonesia,InfiniteEARTH,2009.0,6818035.0,7.57,,Yes,No
VCS676,33.9 MW Bundled Wind Power project in states of Karnataka and Tamil Nadu,VCS,Registered,Renewable Energy,Wind,Reduction,Southern Asia,India,Techno Electric & Engineering Company Ltd,2008.0,56453.0,1.44,CCC,No,No
VCS677,9 MW grid-connected wind electricity generation by GNFC,VCS,Late to verify,Renewable Energy,Wind,Reduction,Southern Asia,India,Gujarat Narmada Valley Fertilizers Company Ltd.,2007.0,47540.0,1.76,CCC,No,No
VCS678,"16.45 MW bundled grid connected renewable energy project in Tamil Nadu, India.",VCS,Registered,Renewable Energy,RE Bundled,Reduction,Southern Asia,India,Multiple Proponents,2008.0,2257.0,1.77,B,No,No
VCS682,"Wind Power Project at Anthiyur, Tamil Nadu",VCS,Registered,Renewable Energy,Wind,Reduction,Southern Asia,India,Windage Power Company (P) LTD,2007.0,25344.0,1.53,A,No,No
VCS685,"Cakit Hydropower Plant, Turkey",VCS,Registered,Renewable Energy,Hydropower,Reduction,Western Asia,Türkiye,Cakit Enerji A.S.,2011.0,326649.0,2.59,BB,No,No
VCS686,FC Landfill Energy Facility,VCS,Late to verify,Waste Management,Landfill Methane,Reduction,North America,United States,FC Landfill Energy LLC,2010.0,19980.0,3.21,AA,No,No
VCS688,Wayang Windu Phase 2 Geothermal Power Project,VCS,Late to verify,Renewable Energy,Geothermal,Reduction,South-Eastern Asia,Indonesia,Star Energy Geothermal (Wayang Windu) Limited,2010.0,22696.0,1.25,CCC,No,No
VCS692,6 MW Wind Power Project in Tamil Nadu by REI Agro Limited,VCS,Late to verify,Renewable Energy,Wind,Reduction,Southern Asia,India,REI Agro Limited,2006.0,19788.0,1.66,BBB,No,No
VCS693,"Erkenek 12 MW Hydropower Plant, Turkey",VCS,Late to verify,Renewable Energy,Hydropower,Reduction,Western Asia,Türkiye,Tektuð Elektrik Üretim A.Þ.,2009.0,71821.0,2.01,BB,No,No
VCS697,Hebei Kangbao Sanxiatian Wind Farm Project,VCS,Registered,Renewable Energy,Wind,Reduction,Eastern Asia,China,"Hebei Construction Investment New Energy Co., Ltd.",2009.0,141453.0,1.46,CCC,No,No
VCS699,"Yiyang Xiushan Hydropower Project, P.R. China",VCS,Registered,Renewable Energy,Hydropower,Reduction,Eastern Asia,China,"TAOHUAJIANG ENERGY DEVELOPMENT CO., LTD",2007.0,31928.0,1.4,BB,No,No
VCS700,Wind power project at Tamilnadu by Powerica Limited,VCS,Registered,Renewable Energy,Wind,Reduction,Southern Asia,India,POWERICA LIMITED,2009.0,78364.0,1.81,BB,No,No
VCS702,Garvin Waste Heat Capture Project,VCS,Late to verify,Industrial & Commercial,Waste Heat Recovery,Reduction,North America,United States,Multiple Proponents,2010.0,1000.0,2.55,BBB,No,No
VCS704,BHL Biogas and Bagasse based cogeneration project activity at Kinauni,VCS,Late to verify,Renewable Energy,Biomass,Reduction,Southern Asia,India,Bajaj Hindusthan Ltd,2007.0,95596.0,3.04,B,No,No
VCS706,51 MW Wind Power Project at Chitradurga,VCS,Registered,Renewable Energy,Wind,Reduction,Southern Asia,India,M/s. NSL Renewable Power Private Limited,2008.0,72628.0,1.91,CCC,No,No
VCS708,Engenheiro Ernesto Jorge Dreher and Engenheiro Henrique Kotzian SHPs VCS Project (JUN1120),VCS,Registered,Renewable Energy,Hydropower,Reduction,Latin America and the Caribbean,Brazil,Multiple Proponents,2009.0,11946.0,2.11,CCC,No,No
VCS713,KOYULHISAR HYDRO ELECTRICITY POWER PLANT,VCS,Registered,Renewable Energy,Hydropower,Reduction,Western Asia,Türkiye,Aydem Yenilenebilir Enerji A.Ş.,2011.0,79188.0,1.44,B,No,No
VCS714,Liaoning Changtu Shihu Wind Power Project,VCS,Registered,Renewable Energy,Wind,Reduction,Eastern Asia,China,"Tieling Longyuan Wind Power Co., Ltd.",2008.0,63929.0,1.36,B,No,No
VCS715,Gansu Yumen Diwopu Phase II  Wind Power Project,VCS,Registered,Renewable Energy,Wind,Reduction,Eastern Asia,China,"Gansu Jieyuan Wind Power Co., Ltd.",2009.0,104565.0,1.42,B,No,No
VCS716,Gansu Guazhou Xiangyang Phase II Wind Power Project,VCS,Registered,Renewable Energy,Wind,Reduction,Eastern Asia,China,"Gansu Xinan Wind Power Co., Ltd.",2009.0,68189.0,2.59,B,No,No
VCS717,CECIC HKC Gansu Changma Wind Power project,VCS,Registered,Renewable Energy,Wind,Reduction,Eastern Asia,China,"CECIC HKC Gansu Wind Power Co., LTD.",2009.0,513810.0,2.18,BBB,No,No
VCS719,Yunnan Dali Zhemoshan Wind Power Project,VCS,Late to verify,Renewable Energy,Wind,Reduction,Eastern Asia,China,Sinohydro 14th Bureau Dali Juneng Investment Co.Lt,2010.0,68000.0,1.51,,No,No
VCS722,Guangdong Huizhou LNG Power Generation Project,VCS,Late to verify,Industrial & Commercial,Natural Gas Electricity Generation,Reduction,Eastern Asia,China,"Guangdong Huizhou LNG Power Co., Ltd.",2007.0,773953.0,3.59,A,No,No
VCS724,"53.75 MW Bundled wind Power project in Tamil Nadu  and Karnataka by KBD Group, India",VCS,Registered,Renewable Energy,Wind,Reduction,Southern Asia,India,Multiple Proponents,2007.0,93155.0,1.28,BB,No,No
VCS725,"Shibeishan Wind Power Generation Project in Huilai County, Guangdong Province",VCS,Late to verify,Renewable Energy,Wind,Reduction,Eastern Asia,China,Guangdong Yudean Shibeishan Wind Power Development,2006.0,108846.0,1.64,CCC,No,No
VCS727,CECIC HKE Zhangbei Lvnaobao Wind Power Project,VCS,Registered,Renewable Energy,Wind,Reduction,Eastern Asia,China,"CECIC HKE Wind Power CO.,LTD",2010.0,441026.0,2.46,BB,No,No
VCS728,CECIC Gansu Yumen Changma No.3 Wind Farm Project,VCS,Registered,Renewable Energy,Wind,Reduction,Eastern Asia,China,"CECIC Wind-power (Gansu) Co., Ltd.",2011.0,725386.0,1.95,B,No,No
VCS733,Biomass based steam generation project by Gujarat Ambuja Exports Ltd.,VCS,Registered,Renewable Energy,Biomass,Reduction,Southern Asia,India,Gujarat Ambuja Exports Limited,2008.0,52429.0,2.2,,No,No
VCS734,Wind power project by Patnaik Minerals Pvt. Ltd.,VCS,Registered,Renewable Energy,Wind,Reduction,Southern Asia,India,Patnaik Minerals Private Limited (PMPL),2007.0,58254.0,2.38,B,No,No
VCS735,Wind power project by PMPL in Maharashtra,VCS,Late to verify,Renewable Energy,Wind,Reduction,Southern Asia,India,Patnaik Minerals Private Limited (PMPL),2006.0,14357.0,1.35,CCC,No,No
VCS736,Guyuan Wuhuaping 49.5 MW Wind Power Project,VCS,Registered,Renewable Energy,Wind,Reduction,Eastern Asia,China,Construction Investment Yanshan (Guyuan) Wind Energy,2009.0,249311.0,1.62,B,No,No
VCS740,PrairieWinds ND1 (PWND1) Emissions Reduction Project,VCS,Registered,Renewable Energy,Wind,Reduction,North America,United States,Basin Electric Power Cooperative,2011.0,122131.0,1.76,BBB,No,No
VCS747,Sefakoy Hydroelectric Power Plant,VCS,Registered,Renewable Energy,Hydropower,Reduction,Western Asia,Türkiye,DEGIRMENUSTU ENERJI URETIM TICARET VE SANAYI AS,2011.0,10931.0,3.13,,No,No
VCS749,Grid Connected Renewable Power Generation from Wind Mills by L.S Mills,VCS,Registered,Renewable Energy,Wind,Reduction,Southern Asia,India,Multiple Proponents,2006.0,51223.0,1.72,B,No,No
VCS751,"22.5 MW Wind Power Project by Ruchi Soya Industries Limited at Palsodi, District-Ratlam, Madhya Pradesh",VCS,Registered,Renewable Energy,Wind,Reduction,Southern Asia,India,Ruchi Soya Industries Limited,2008.0,7803.0,1.39,CCC,No,No
VCS752,YEDISU 22.71 MW HYDROELECTRIC POWER PLANT PROJECT,VCS,Registered,Renewable Energy,Hydropower,Reduction,Western Asia,Türkiye,Multiple Proponents,2012.0,256599.0,2.02,B,No,No
VCS753,The Cevizlik Run-of-River Hydroelectric Power Plant,VCS,Registered,Renewable Energy,Hydropower,Reduction,Western Asia,Türkiye,SANKO Enerji Sanayi ve Ticaret A.Ş,2011.0,1167175.0,2.06,B,No,No
VCS754,Hubei Lichuan Longqiao Hydropower Station,VCS,Late to verify,Renewable Energy,Hydropower,Reduction,Eastern Asia,China,"Lichuan Yu River Hydropower Co., Ltd.",2007.0,99248.0,1.91,CCC,No,No
VCS755,OTLUCA HPPs run-of-river hydro project,VCS,Registered,Renewable Energy,Hydropower,Reduction,Western Asia,Türkiye,Elen Enerji Uretimi Sanayi Ticaret A.S.,2011.0,484780.0,3.09,BB,No,No
VCS756,Crow Lake Wind Emissions Reduction Project,VCS,Registered,Renewable Energy,Wind,Reduction,North America,United States,Multiple Proponents,2011.0,252622.0,2.94,BB,No,No
VCS758,Saracbendi HPP Run-of-River Hydro Project,VCS,Registered,Renewable Energy,Hydropower,Reduction,Western Asia,Türkiye,Elen Enerji Uretimi Sanayi Ticaret A.S.,2011.0,209537.0,1.52,BB,No,No
VCS759,"Camlica-3 HPP, Run-of-River Hydro Project, Turkey",VCS,Registered,Renewable Energy,Hydropower,Reduction,Western Asia,Türkiye,Elen Enerji Uretimi Sanayi Ticaret A.S.,2011.0,196366.0,2.8,BBB,No,No
VCS761,Doruk HPP Run-of-River Hydro Project,VCS,Registered,Renewable Energy,Hydropower,Reduction,Western Asia,Türkiye,Yeni Doruk Enerji Elektrik Uretim A.S.,2014.0,240626.0,2.31,CCC,No,No
VCS762,"Grid connected electricity generation from renewable sources: Uzuncayir 82.0 MW Hydroelectric Power Plant Project, Turkey",VCS,Registered,Renewable Energy,Hydropower,Reduction,Western Asia,Türkiye,Limak Yatirim Enerji Uretim Isletme Hizmetleri,2009.0,420519.0,2.56,BB,No,No
VCS763,Dogancay HPPs run-of-river hydro project,VCS,Registered,Renewable Energy,Hydropower,Reduction,Western Asia,Türkiye,Elen Enerji Uretimi Sanayi Ticaret A.S.,2014.0,288210.0,3.15,BBB,No,No
VCS764,Yunnan Maguan Laqi Hydropower Project,VCS,Registered,Renewable Energy,Hydropower,Reduction,Eastern Asia,China,"Maguan Laqi Power Generation Co., Ltd.",2008.0,276596.0,1.68,CCC,No,No
VCS766,Teesta- V Hydro Power project in Sikkim,VCS,Registered,Renewable Energy,Hydropower,Reduction,Southern Asia,India,NHPC Ltd,2009.0,3352375.0,2.1,CCC,No,No
VCS767,Wuhe Kaidi Biomass Power Project,VCS,Late to verify,Renewable Energy,Biomass,Reduction,Eastern Asia,China,"Wuhe Kaidi Green Energy Development Co., Ltd",2011.0,51755.0,3.7,B,No,No
VCS771,Sarigüzel Dam and Hydroelectric Power Plants,VCS,Registered,Renewable Energy,Hydropower,Reduction,Western Asia,Türkiye,Enerjisa Enerji Uretim  A.S.,2013.0,15208.0,1.86,CCC,No,No
VCS780,Dempsey Ridge Wind Project,VCS,Late to verify,Renewable Energy,Wind,Reduction,North America,United States,"Dempsey Ridge Wind Farm, LLC",2012.0,116350.0,1.98,BBB,No,No
VCS784,1.6 MW Bundled Rice Husk Based Cogeneration Plant by M/s Milk food Limited (MFL) in Patiala (Punjab) & Moradabad (U.P) Districts,VCS,Registered,Renewable Energy,Biomass,Reduction,Southern Asia,India,Multiple Proponents,2009.0,155736.0,3.4,,No,No
VCS786,Hyundai Steel Waste Energy Cogeneration Project,VCS,Registered,Industrial & Commercial,Waste Heat Recovery,Reduction,Eastern Asia,South Korea,Multiple Proponents,2010.0,2630190.0,2.87,A,No,No
VCS788,China Guangdong Shenzhen Qianwan LNG generation project,VCS,Late to verify,Industrial & Commercial,Natural Gas Electricity Generation,Reduction,Eastern Asia,China,"Shenzhen Guangqian Electric Power Co., Ltd.",2006.0,406141.0,3.33,,No,No
VCS789,Inner Mongolia Bayinxile Wind Power Project,VCS,Late to verify,Renewable Energy,Wind,Reduction,Eastern Asia,China,China Resources Wind Power Inner Mongolia Bayinxil,2010.0,21914.0,2.56,BBB,No,No
VCS792,Tadi 16 MW Hydropower Project in Zhejiang Province,VCS,Late to verify,Renewable Energy,Hydropower,Reduction,Eastern Asia,China,"Quzhou Tadi Hydro Complex Development Co., Ltd.",2008.0,48156.0,2.24,BB,No,No
VCS793,China Resources Huilai Xian¡¯an Wind Power Project,VCS,Registered,Renewable Energy,Wind,Reduction,Eastern Asia,China,"China Resources Wind Power (Huilai) Co., Ltd.",2009.0,84368.0,1.62,CCC,No,No
VCS796,"Alto Huayabamba: Carbon Dioxide sequestration through reforestation with small-scale farmers in Peru, San Martin Region",VCS,Registered,Forestry & Land Use,Afforestation/Reforestation,Impermanent Removal,Latin America and the Caribbean,Peru,The PURE PROJECT SAS,2014.0,25482.0,19.53,A,Yes,No
VCS797,Jingshan Kaidi Biomass Power Project,VCS,Late to verify,Renewable Energy,Biomass,Reduction,Eastern Asia,China,"Jingshan Kaidi Green Energy Development Co., Ltd.",2010.0,90446.0,2.92,,No,No
VCS798,Guangdong Guanshan Wind Power Project,VCS,Registered,Renewable Energy,Wind,Reduction,Eastern Asia,China,"China Resources Wind Power (Huilaizhoutian) Co., Ltd.",2010.0,81609.0,2.12,BBB,No,No
VCS799,Bukaleba Forest Project,VCS,Registered,Forestry & Land Use,Afforestation/Reforestation,Impermanent Removal,Sub-Saharan Africa,Uganda,Busoga Forestry Co. Ltd (Subsidiary Green Resources),2011.0,158369.0,15.39,CCC,Yes,No
VCS802,Tra Linh 3 Hydropower Project,VCS,Late to verify,Renewable Energy,Hydropower,Reduction,South-Eastern Asia,Viet Nam,Multiple Proponents,2010.0,4881.0,1.53,BB,No,No
VCS803,"9 MW grid connected bundled wind electricity generation project at Tirunelveli, Tamilnadu",VCS,Late to verify,Renewable Energy,Wind,Reduction,Southern Asia,India,Multiple Proponents,2008.0,52755.0,1.84,BB,No,No
VCS804,Datang Jilin Shuangliao Wind Farm Project,VCS,Late to verify,Renewable Energy,Wind,Reduction,Eastern Asia,China,Climate Change Capital Carbon Fund S.a.r.l.,2007.0,7843.0,1.15,CCC,No,No
VCS807,Hebei Chongli County Qingsanying Second Phase 49.3MW Wind Power Project,VCS,Registered,Renewable Energy,Wind,Reduction,Eastern Asia,China,"Chongli Construction Investment Huashi Wind Energy Co., Ltd",2009.0,72927.0,1.71,B,No,No
VCS808,Yuxian Baiyantuo 49.3 MW Wind Power Project,VCS,Registered,Renewable Energy,Wind,Reduction,Eastern Asia,China,"Hebei Construction Investment Yuzhou Wind Energy Co., Ltd.",2010.0,201324.0,1.43,BB,No,No
VCS809,Wind power project by AL – Wind Energy in Tamilnadu,VCS,Late to verify,Renewable Energy,Wind,Reduction,Southern Asia,India,AL-Wind Energy,2007.0,58843.0,1.95,CCC,No,No
VCS810,CEYHAN 61.7 MW Hydropower Project,VCS,Registered,Renewable Energy,Hydropower,Reduction,Western Asia,Türkiye,Enova Enerji Üretim A.Ş.,2010.0,285353.0,1.43,BBB,No,No
VCS811,Nam Ngan Hydropower Project,VCS,Late to verify,Renewable Energy,Hydropower,Reduction,South-Eastern Asia,Viet Nam,Multiple Proponents,2009.0,10336.0,2.42,B,No,No
VCS812,Bull Run Overseas Forest Carbon Project,VCS,Late to verify,Forestry & Land Use,REDD+,Reduction,Latin America and the Caribbean,Belize,Bull Run Overseas Ltd.,2009.0,30235.0,9.5,B,Yes,No
VCS813,Inner Mongolia Chifeng Gaofeng Wind Power Project,VCS,Registered,Renewable Energy,Wind,Reduction,Eastern Asia,China,"Chifeng Xinsheng Wind Power Co., Ltd",2008.0,428780.0,2.55,BB,No,No
VCS814,Hebei Yuxian Second Phase 49.5MW Wind Power Project,VCS,Registered,Renewable Energy,Wind,Reduction,Eastern Asia,China,"Hebei Construction Investment Yuzhou Wind Energy Co., Ltd.",2009.0,279741.0,1.87,CCC,No,No
VCS815,Chifeng Sunjiaying Wind Power Project,VCS,Registered,Renewable Energy,Wind,Reduction,Eastern Asia,China,"Chifeng Xinsheng Wind Power Co., Ltd.",2008.0,62011.0,1.5,CCC,No,No
VCS816,BATISOKE Soke Çimento Sanayii T.A.S. 5.5 MW Cement WHR Project,VCS,Registered,Industrial & Commercial,Waste Heat Recovery,Reduction,Western Asia,Türkiye,Batısoke Soke Çimento San. T.A.S.,2013.0,67780.0,4.18,A,No,No
VCS817,Datong River Zhuchaxia Hydropower Station,VCS,Registered,Renewable Energy,Hydropower,Reduction,Eastern Asia,China,GEPIC Darong Electric Power Company Ltd.,2008.0,60335.0,1.51,,No,No
VCS818,Protection of the Bolivian Amazon Forest,VCS,Late to verify,Forestry & Land Use,REDD+,Reduction,Latin America and the Caribbean,Bolivia,Fermin Aldabe,2012.0,34974.0,14.22,B,Yes,No
VCS819,Mariposas Hydroelectric Project,VCS,Registered,Renewable Energy,Hydropower,Reduction,Latin America and the Caribbean,Chile,Hidroeléctrica Río Lircay S.A.,2011.0,90847.0,1.39,CCC,No,No
VCS822,BATICIM BATI ANADOLU CIMENTO SANAYII A.S. 9 MW Cement WHR Project,VCS,Registered,Industrial & Commercial,Waste Heat Recovery,Reduction,Western Asia,Türkiye,Baticim Bati Anadolu Cimento Sanayii A.S.,2013.0,148336.0,3.53,BB,No,No
VCS823,Datong River Tianwanggou Hydropower Station,VCS,Registered,Renewable Energy,Hydropower,Reduction,Eastern Asia,China,GEPIC Darong Electric Power Company Ltd.,2008.0,35730.0,1.72,CCC,No,No
VCS828,12.25 MW Bundled Wind Power Project in India,VCS,Late to verify,Renewable Energy,Wind,Reduction,Southern Asia,India,Multiple Proponents,2006.0,20010.0,2.68,BB,No,No
VCS830,Beijing Guanting Wind Power Project Phase II and Phase II addition,VCS,Registered,Renewable Energy,Wind,Reduction,Eastern Asia,China,"Beijing Jingneng Clean Energy Co., Ltd.",2011.0,20559.0,1.89,B,No,No
VCS832,Cikel Brazilian Amazon REDD APD Project   Avoiding Planned Deforestation,VCS,Registered,Forestry & Land Use,REDD+,Reduction,Latin America and the Caribbean,Brazil,CBNS NEGÓCIOS FLORESTAIS S/A,2010.0,5815692.0,9.51,CCC,Yes,No
VCS833,Winchester Landfill Gas Project,VCS,Verification approval requested,Waste Management,Landfill Methane,Reduction,North America,United States,County of Frederick Public Works Department,2009.0,47201.0,3.91,A,No,No
VCS834,FULTON COUNTY MUD ROAD LANDFILL CARBON OFFSET PROJECT,VCS,Registered,Waste Management,Landfill Methane,Reduction,North America,United States,Fulton County Department of Solid Waste,2012.0,111853.0,5.39,B,No,No
VCS835,"44.40 MW Wind Energy Project by Ruchi Soya Industries Limited, India",VCS,Registered,Renewable Energy,Wind,Reduction,Southern Asia,India,Ruchi Soya Industries Limited,2010.0,48724.0,2.11,CCC,No,No
VCS836,Song Ong Hydropower Project,VCS,Registered,Renewable Energy,Hydropower,Reduction,South-Eastern Asia,Viet Nam,Song Ong Hydropower Joint Stock Company,2009.0,12879.0,2.18,CCC,No,No
VCS837,"Natural Gas Based Combined Cycle Power Generation, at Kothapeta, East Godavari, Andhra Pradesh, India",VCS,Late to verify,Industrial & Commercial,Natural Gas Electricity Generation,Reduction,Southern Asia,India,Konaseema Gas Power Ltd,2010.0,187834.0,2.82,BB,No,No
VCS840,WIND POWER PROJECT BY M/S DHARIWAL INDUSTRIES LTD. AND M/S R. M. DHARIWAL (HUF),VCS,Registered,Renewable Energy,Wind,Reduction,Southern Asia,India,Multiple Proponents,2010.0,22846.0,2.04,B,No,No
VCS841,1 MW Grid Interactive Solar PV Power Generation Project of MSPGCL,VCS,Late to verify,Renewable Energy,Solar - Centralized,Reduction,Southern Asia,India,Maharashtra State Power Generation Company Limited,2011.0,2224.0,1.23,CCC,No,No
VCS842,BUNDLED WIND POWER PROJECT IN RAJASTHAN BY FRIENDS GROUP,VCS,Late to verify,Renewable Energy,Wind,Reduction,Southern Asia,India,Friends Salt Works &Allied Industries,2012.0,7711.0,1.49,CCC,No,No
VCS844,Madre de Dios Amazon REDD+ Project,VCS,Registered,Forestry & Land Use,REDD+,Reduction,Latin America and the Caribbean,Peru,Multiple Proponents,2012.0,1366898.0,12.49,CCC,Yes,No
VCS848,Jilin Changling Wind Farm Phase II Project,VCS,Late to verify,Renewable Energy,Wind,Reduction,Eastern Asia,China,"SinoHydro CLP Wind Power Co., Ltd",2009.0,170480.0,1.81,BBB,No,No
VCS849,Inner Mongolia Ximeng Zheligentu Wind Farm Phase I Project,VCS,Late to verify,Renewable Energy,Wind,Reduction,Eastern Asia,China,"Beijing International New Energy Co., Ltd.",2010.0,164950.0,1.93,BB,No,No
VCS850,Inner Mongolia Jingneng Saihan Wind Farm Phase I Project,VCS,Late to verify,Renewable Energy,Wind,Reduction,Eastern Asia,China,"Beijing International New Energy Co., Ltd.",2010.0,69596.0,1.77,BBB,No,No
VCS852,Rio Bravo Climate Action Project,VCS,Registered,Forestry & Land Use,REDD+,Reduction,Latin America and the Caribbean,Belize,Programme for Belize,2010.0,963797.0,13.14,CCC,Yes,No
VCS853,5 MW Wind power project by UIC Udyog Limited,VCS,Late to verify,Renewable Energy,Wind,Reduction,Southern Asia,India,"UIC UDYOG LIMITED,KOLKATA",2008.0,8000.0,2.25,CCC,No,No
VCS855,3 MW wind farm project for Gupta Coalfields & Washeries Limited,VCS,Late to verify,Renewable Energy,Wind,Reduction,Southern Asia,India,Gupta Coalfields & Washeries Limited,2009.0,1775.0,2.35,BB,No,No
VCS856,The Chocó-Darién Conservation Corridor REDD Project,VCS,Late to verify,Forestry & Land Use,REDD+,Reduction,Latin America and the Caribbean,Colombia,Anthrotect S.A.S.,2012.0,1664.0,18.64,A,Yes,No
VCS859,Bataan 2020 12.5 MW Power Rice Hull Cogeneration Project,VCS,Late to verify,Renewable Energy,Biomass,Reduction,South-Eastern Asia,Philippines,"Bataan 2020, Inc",2009.0,25359.0,3.01,CCC,No,No
VCS868,"REDD project in Brazil nut concessions in Madre de Dios, Peru",VCS,Registered,Forestry & Land Use,REDD+,Reduction,Latin America and the Caribbean,Peru,Bosques Amazónicos,2012.0,10637718.0,16.31,B,Yes,No
VCS869,"2 x 3.5 MW Ullunkal Hydro Power Project in Kerala, India.",VCS,Late to verify,Renewable Energy,Hydropower,Reduction,Southern Asia,India,EDCL Power Projects Limited,2008.0,14933.0,1.13,,No,No
VCS871,16.65 MW Bundled Wind Power Project in Tamilnadu,VCS,Late to verify,Renewable Energy,Wind,Reduction,Southern Asia,India,Vestas Wind Technology India Private Limited,2006.0,66776.0,1.77,BB,No,No
VCS872,Afognak Forest Carbon Project,VCS,Registered,Forestry & Land Use,Improved Forest Management,Mixed,North America,United States,ClimeCo LLC,2008.0,55073.0,6.58,BBB,Yes,No
VCS873,Gansu Guazhou Beidaqiao Wind Power Project,VCS,Registered,Renewable Energy,Wind,Reduction,Eastern Asia,China,"Longyuan (Jiuquan) Wind Power Co., Ltd.",2011.0,1478043.0,2.11,CCC,No,No
VCS875,FLORESTAL SANTA MARIA PROJECT,VCS,Registered,Forestry & Land Use,REDD+,Reduction,Latin America and the Caribbean,Brazil,Caraguá Agronegócios LTDA,2009.0,3643636.0,8.18,B,Yes,No
VCS876,Shree Nakoda Ispat Ltd 12MW Biomass power generation project,VCS,Late to verify,Renewable Energy,Biomass,Reduction,Southern Asia,India,Shree Nakoda Ispat Ltd,2009.0,6206.0,2.73,BB,No,No
VCS879,Wewoka Small Scale Landfill Gas Recovery and Thermal Energy Generation Project,VCS,Registered,Waste Management,Landfill Methane,Reduction,North America,United States,Multiple Proponents,2011.0,19498.0,4.67,,No,No
VCS883,"Madushan Hydropower Project on Honghe River in Yunnan Province, China",VCS,Registered,Renewable Energy,Hydropower,Reduction,Eastern Asia,China,"Honghe Guangyuan Madushan Hydropower Development Co., Ltd",2011.0,4384103.0,1.23,B,No,No
VCS884,Nansha Hydro Power Project in Yunnan Province China,VCS,Registered,Renewable Energy,Hydropower,Reduction,Eastern Asia,China,Honghe Guangyuan Hydro Power Development Co.Ltd.,2009.0,2387938.0,1.91,,No,No
VCS887,Guangxi Youjiang Naji Navigation and Power Generation Project,VCS,Registered,Renewable Energy,Hydropower,Reduction,Eastern Asia,China,Hightrack International (Hong Kong) Technology Lim,2009.0,91107.0,2.13,BB,No,No
VCS891,"Bundled Wind Power generation project by Savita Oil Technologies Ltd., India",VCS,Registered,Renewable Energy,Wind,Reduction,Southern Asia,India,Savita Oil Technologies Limited,2010.0,88358.0,2.37,B,No,No
VCS892,Hebei Chengde Weichang Yudaokou Pasture 150MW Wind Farm Project,VCS,Registered,Renewable Energy,Wind,Reduction,Eastern Asia,China,"Hebei Construction Investment New Energy Co., Ltd.",2010.0,147087.0,2.05,BB,No,No
VCS893,Kale HES Hydro Power Project,VCS,Registered,Renewable Energy,Hydropower,Reduction,Western Asia,Türkiye,Kale Enerji Üretim Ticaret Sanayi A.S.,2010.0,233041.0,1.44,B,No,No
VCS894,Yunnan Sinanjiang Hydropower Project,VCS,Late to verify,Renewable Energy,Hydropower,Reduction,Eastern Asia,China,Yunnan Dianneng Sinanjiang Hydropower Development,2008.0,730144.0,2.86,B,No,No
VCS895,"20.8 MW Grid connected wind electricity generation project at Dhule, Maharashtra.",VCS,Late to verify,Renewable Energy,Wind,Reduction,Southern Asia,India,Multiple Proponents,2006.0,17130.0,1.68,CCC,No,No
VCS896,Foz do Chapecó Project,VCS,Registered,Renewable Energy,Hydropower,Reduction,Latin America and the Caribbean,Brazil,Foz do Chapeco Energia S.A.,2010.0,11323602.0,2.0,,No,No
VCS897,Exploitation of the biogas from Controlled Landfill in Solid Waste Management Central – CTRS / BR.040,VCS,Late to verify,Waste Management,Landfill Methane,Reduction,Latin America and the Caribbean,Brazil,Multiple Proponents,2010.0,174774.0,6.25,,No,No
VCS899,"TIST Program in Kenya, VCS 006",VCS,Registered,Forestry & Land Use,Afforestation/Reforestation,Impermanent Removal,Sub-Saharan Africa,Kenya,Clean Air Action Corporation,2012.0,33847.0,13.48,CCC,Yes,No
VCS901,Los Caracoles Hydroelectric Project,VCS,Late to verify,Renewable Energy,Hydropower,Reduction,Latin America and the Caribbean,Argentina,Energía Provincial Sociedad del Estado (EPSE),2009.0,173709.0,1.74,B,No,No
VCS903,Hebei Guyuan County Dongxinying 199.5 MW Wind Power Project,VCS,Registered,Renewable Energy,Wind,Reduction,Eastern Asia,China,"Hebei Construction Investment New Energy Co., Ltd.",2010.0,439898.0,2.42,BB,No,No
VCS904,"Reduced Emissions from Deforestation and Degradation in Community Forests – Oddar Meanchey, Cambodia",VCS,Late to verify,Forestry & Land Use,REDD+,Reduction,South-Eastern Asia,Cambodia,Royal Government of Cambodia-Forestry Admin,2012.0,552575.0,12.48,BBB,Yes,No
VCS905,The Yokuslu- Kalkandere Hydroelectric Power Plant,VCS,Registered,Renewable Energy,Hydropower,Reduction,Western Asia,Türkiye,SANKO Enerji Sanayi ve Ticaret A.Ş,2011.0,606332.0,1.94,,No,No
VCS906,Fujian Zhangpu Liuao 3rd phase Wind Power Project,VCS,Late to verify,Renewable Energy,Wind,Reduction,Eastern Asia,China,Datang Zhangzhou Wind Power Co. Ltd,2008.0,4550.0,2.27,B,No,No
VCS907,Baicheng Rice Husk Thermal Energy Generation Project,VCS,Late to verify,Renewable Energy,Biomass,Reduction,Eastern Asia,China,Wilmar International Limited,2011.0,20865.0,2.41,BBB,No,No
VCS909,Grid Connected Wind Power Project in Tamil Nadu,VCS,Verification approval requested,Renewable Energy,Wind,Reduction,Southern Asia,India,Apraava Renewable Energy Private Limited,2010.0,80223.0,1.72,,No,No
VCS910,"Wind energy project in Samana, Gujarat and Saundatti, Karnataka",VCS,Registered,Renewable Energy,Wind,Reduction,Southern Asia,India,Apraava Renewable Energy Private Limited,2010.0,147953.0,1.63,CCC,No,No
VCS911,Grid Connected Wind Energy Project in Tamil Nadu,VCS,Verification approval requested,Renewable Energy,Wind,Reduction,Southern Asia,India,Apraava Wind Energy (Theni - Project II) Private Limited,2011.0,119306.0,1.48,CCC,No,No
VCS912,"Gunder Hydro Power Project, Turkey",VCS,Registered,Renewable Energy,Hydropower,Reduction,Western Asia,Türkiye,Arik Enerji Uretim A.S.,2012.0,238624.0,2.26,B,No,No
VCS913,"Siam Quality Starch Wastewater Treatment and Energy Generation Project in Chaiyaphum, Thailand",VCS,Late to verify,Waste Management,Methane Recovery in Wastewater,Reduction,South-Eastern Asia,Thailand,"Siam Quality Starch Co., Ltd.",2008.0,110312.0,4.55,A,No,No
VCS914,Golova and Sevindik HPPs of Subehri Hydropower Project,VCS,Registered,Renewable Energy,Hydropower,Reduction,Western Asia,Türkiye,YPM Elektrik Uretim A.p,2009.0,44305.0,1.31,B,No,No
VCS917,ASLANCIK HYDRO POWER PLANT PROJECT,VCS,Registered,Renewable Energy,Hydropower,Reduction,Western Asia,Türkiye,Aslancik Elektrik Üretim A.S.,2014.0,414382.0,2.64,CCC,No,No
VCS920,EDS GREEN CARBON PROJECT,VCS,Verification approval requested,Forestry & Land Use,Afforestation/Reforestation,Impermanent Removal,Latin America and the Caribbean,Uruguay,Fideicomiso Forestal Financiero Eucalyptus del Sur,2005.0,644872.0,11.4,B,Yes,No
VCS921,Inner Mongolia Jingneng Saihan Wind Farm Phase II Project,VCS,Late to verify,Renewable Energy,Wind,Reduction,Eastern Asia,China,"Beijing International New Energy Co., Ltd.",2010.0,253978.0,2.13,BB,No,No
VCS925,Bundled Wind Power Project by M/s D. J Malpani,VCS,Registered,Renewable Energy,Wind,Reduction,Southern Asia,India,M/s D. J. Malpani,2009.0,3069.0,1.78,B,No,No
VCS926,"Wind power project by Sargam Retails Pvt. Ltd. in Gujarat, India",VCS,Registered,Renewable Energy,Wind,Reduction,Southern Asia,India,Sargam Retails Pvt. Limited,2009.0,3731.0,1.52,,No,No
VCS927,"13.75 MW wind power project in Davangere, Karnataka, India",VCS,Registered,Renewable Energy,Wind,Reduction,Southern Asia,India,Sargam Retails Pvt. Limited,2009.0,43703.0,1.52,B,No,No
VCS928,Yunnan Mangli Hydropower Project,VCS,Registered,Renewable Energy,Hydropower,Reduction,Eastern Asia,China,Datang Mangli Hydropower Development Company Limit,2010.0,168646.0,1.37,CCC,No,No
VCS929,Energy Efficiency and Solid Waste Diversion Activities within the Quebec Sustainable Community,VCS,Registered,Industrial & Commercial,Energy Efficiency,Reduction,North America,Canada,Will Solutions Inc,2010.0,5208266.0,3.49,BBB,No,No
VCS931,6.25 MW Wind Project in Tamil Nadu India,VCS,Late to verify,Renewable Energy,Wind,Reduction,Southern Asia,India,Velatal Spinning Mills (Pvt) Limited (VSMPL),2006.0,19250.0,2.04,B,No,No
VCS934,The Mai Ndombe REDD+ Project,VCS,Registered,Forestry & Land Use,REDD+,Reduction,Sub-Saharan Africa,DRC,Wildlife Works Carbon LLC,2011.0,19217501.0,13.77,BBB,Yes,No
VCS936,Shiyazi Hydro power Project in Guizhou Province China,VCS,Late to verify,Renewable Energy,Hydropower,Reduction,Eastern Asia,China,Guizhou Zhongshui Energy Co.Ltd.,2011.0,70742.0,1.86,B,No,No
VCS937,Southern Ute Indian Tribe Westside CBM Seep Capture & Use Project,VCS,Late to verify,Industrial & Commercial,Mine Methane Capture,Reduction,North America,United States,Southern Ute Indian Tribe Growth Fund Department,2009.0,3500.0,4.3,A,No,No
VCS938,Biomass based steam generation plant by Crown Milk Specialties Private Limited (CMSPL),VCS,Verification approval requested,Renewable Energy,Biomass,Reduction,Southern Asia,India,Multiple Proponents,2010.0,15603.0,2.21,,No,No
VCS940,Replacement of existing luminaires with LED lightings in common areas of residential buildings,VCS,Late to verify,Household & Community,Lighting,Reduction,South-Eastern Asia,Singapore,Multiple Proponents,2011.0,5442.0,5.7,BBB,No,No
VCS943,Rio Negro Ceramic  Fuel Switching Project,VCS,Registered,Renewable Energy,Biomass,Reduction,Latin America and the Caribbean,Brazil,Multiple Proponents,2009.0,24062.0,2.98,,No,No
VCS944,Alto Mayo Conservation Initiative,VCS,Registered,Forestry & Land Use,REDD+,Reduction,Latin America and the Caribbean,Peru,Conservation International Foundation,2012.0,1053334.0,9.82,B,Yes,No
VCS945,Chongqing Youyang County Youchou Hydropower Project,VCS,Late to verify,Renewable Energy,Hydropower,Reduction,Eastern Asia,China,Multiple Proponents,2008.0,71644.0,1.35,B,No,No
VCS947,Spartanburg County Landfill Gas Combustion Project,VCS,Registered,Waste Management,Landfill Methane,Reduction,North America,United States,Multiple Proponents,2010.0,90364.0,4.33,A,No,No
VCS951,Liaoning Linghai Shengli Wind Farm Project,VCS,Late to verify,Renewable Energy,Wind,Reduction,Eastern Asia,China,"Guodian Linghai Wind Power Co., Ltd",2010.0,74483.0,1.56,BBB,No,No
VCS952,Liaoning Xingcheng Liutaizi Wind Farm Project,VCS,Late to verify,Renewable Energy,Wind,Reduction,Eastern Asia,China,"Guodian Xingcheng Wind Power Co., Ltd",2009.0,1011.0,1.87,BB,No,No
VCS953,The Paraguay Forest Conservation Project - Reduction of GHG emissions from deforestation and forest degradation in the Chaco-Pantanal ecosystem,VCS,Registered,Forestry & Land Use,REDD+,Reduction,Latin America and the Caribbean,Paraguay,Green Vantage Enterprises Limited,2012.0,89998.0,15.77,CCC,Yes,No
VCS954,Kepezkaya Hydroelectric Power Plant Project,VCS,Registered,Renewable Energy,Hydropower,Reduction,Western Asia,Türkiye,ENTEK ELEKTRIK URETIMI ANONIM SIRKETI,2010.0,232867.0,2.81,,No,No
VCS957,"Wind energy project by Hindustan Spinners in Tamilnadu, India.",VCS,Late to verify,Renewable Energy,Wind,Reduction,Southern Asia,India,Multiple Proponents,2007.0,18219.0,1.62,,No,No
VCS958,BIOCORREDOR MARTIN SAGRADO REDD+ PROJECT,VCS,Verification approval requested,Forestry & Land Use,REDD+,Reduction,Latin America and the Caribbean,Peru,The PURE PROJECT SAS,2015.0,5253.0,8.85,CCC,Yes,No
VCS959,'Guanaré' Forest Plantations on degraded grasslands under extensive grazing,VCS,Late to verify,Forestry & Land Use,Afforestation/Reforestation,Impermanent Removal,Latin America and the Caribbean,Uruguay,Guanaré S.A.,2007.0,2527697.0,15.7,BB,Yes,No
VCS960,Lumin/Eucapine Uruguay Forest Plantations on degraded grasslands under extensive grazing,VCS,Registered,Forestry & Land Use,Afforestation/Reforestation,Impermanent Removal,Latin America and the Caribbean,Uruguay,EUCAPINE S.R.L,2006.0,2548047.0,16.88,,Yes,No
VCS961,'El Arriero ' Afforestation on degraded grasslands under extensive grazing project,VCS,Registered,Forestry & Land Use,Afforestation/Reforestation,Impermanent Removal,Latin America and the Caribbean,Uruguay,Forestal El Arriero SRL,2013.0,447152.0,23.62,B,Yes,No
VCS962,Forteko afforestation on degraded grasslands under extensive grazing,VCS,Registered,Forestry & Land Use,Afforestation/Reforestation,Impermanent Removal,Latin America and the Caribbean,Uruguay,Multiple Proponents,2013.0,3380216.0,17.26,,Yes,No
VCS964,"Uzundere I 63.0 MW Hydroelectric Power Plant Project, Turkey",VCS,Registered,Renewable Energy,Hydropower,Reduction,Western Asia,Türkiye,Karadeniz Hes Elektrik Anonim Şirketi,2011.0,39912.0,2.78,BBB,No,No
VCS965,ITAA afforestation on degraded grasslands under extensive grazing,VCS,Registered,Forestry & Land Use,Afforestation/Reforestation,Impermanent Removal,Latin America and the Caribbean,Uruguay,Intercontinental Timber Asociacion Agraria de Responsabilidad Limitada,2018.0,2232.0,18.18,CCC,Yes,No
VCS966,Tecamac EcoMethane Landfill Gas to Energy Project,VCS,Late to verify,Waste Management,Landfill Methane,Reduction,Latin America and the Caribbean,Mexico,Biogas Technology Ltd,2009.0,20955.0,3.56,AA,No,No
VCS969,Qingdao Longxin Wind Power Project Phase I,VCS,Registered,Renewable Energy,Wind,Reduction,Eastern Asia,China,"China Resources Wind Power (Qingdao) Co., Ltd.",2011.0,798743.0,1.83,BB,No,No
VCS971,Dak Srong 2 Hydropower Project,VCS,Registered,Renewable Energy,Hydropower,Reduction,South-Eastern Asia,Viet Nam,Tay Nguyen Hydropower Company Limited,2011.0,83766.0,1.57,CCC,No,No
VCS973,Totoral Wind Farm Project,VCS,Registered,Renewable Energy,Wind,Reduction,Latin America and the Caribbean,Chile,Multiple Proponents,2009.0,20972.0,3.04,B,No,No
VCS977,RMDLT Portel - Para REDD Project,VCS,On Hold - see notification letter,Forestry & Land Use,REDD+,Reduction,Latin America and the Caribbean,Brazil,RMDLT Property Group Ltd.,2012.0,581111.0,14.41,B,Yes,No
VCS980,Kaiyuan Yemin 49.5 MW Wind Power Project,VCS,Late to verify,Renewable Energy,Wind,Reduction,Eastern Asia,China,Multiple Proponents,2011.0,24933.0,1.94,B,No,No
VCS981,Pacajai REDD+ Project,VCS,On Hold - see notification letter,Forestry & Land Use,REDD+,Reduction,Latin America and the Caribbean,Brazil,"Avoided Deforestation Project (Manaus) Limited (""A",2012.0,2638881.0,11.52,,Yes,No
VCS982,"Combined cycle natural gas based grid connected power plant at Jegurupadu, India",VCS,Late to verify,Industrial & Commercial,Natural Gas Electricity Generation,Reduction,Southern Asia,India,GVK Industries Limited,2009.0,42539.0,3.12,BB,No,No
VCS983,African Improved Cooking Stoves Grouped Project,VCS,Late to verify,Household & Community,Cookstoves,Reduction,Sub-Saharan Africa,Ghana,Vitol SA,2013.0,48942.0,5.21,B,No,No
VCS985,Cordillera Azul National Park REDD Project,VCS,Registered,Forestry & Land Use,REDD+,Reduction,Latin America and the Caribbean,Peru,"CIMA, Cordillera Azul",2012.0,20804471.0,11.68,CCC,Yes,No
VCS986,"Kumköy Hydroelectric Power Plant, Samsun",VCS,Registered,Renewable Energy,Hydropower,Reduction,Western Asia,Türkiye,ENTEK ELEKTRIK URETIMI ANONIM SIRKETI,2011.0,3889.0,3.34,CCC,No,No
VCS987,Reforestation of Degraded Forest Reserves in Ghana,VCS,Registered,Forestry & Land Use,Afforestation/Reforestation,Impermanent Removal,Sub-Saharan Africa,Ghana,Form Ghana Ltd,2012.0,134634.0,19.96,A,Yes,No
VCS993,"TIST Program in Uganda, VCS 005",VCS,Registered,Forestry & Land Use,Afforestation/Reforestation,Impermanent Removal,Sub-Saharan Africa,Uganda,Clean Air Action Corporation,2012.0,2648.0,19.23,BB,Yes,No
VCS994,"TIST Program in India, VCS-001",VCS,Registered,Forestry & Land Use,Afforestation/Reforestation,Impermanent Removal,Southern Asia,India,Clean Air Action Corporation,2012.0,31863.0,14.37,BB,Yes,No
VCS995,"TIST Program in Uganda, VCS 006",VCS,Registered,Forestry & Land Use,Afforestation/Reforestation,Impermanent Removal,Sub-Saharan Africa,Uganda,Clean Air Action Corporation,2012.0,12545.0,14.92,BBB,Yes,No
VCS997,Xinjiang Kaiduhe River Chahan Wusu Hydropower Project,VCS,Late to verify,Renewable Energy,Hydropower,Reduction,Eastern Asia,China,Guodian Xinjiang Kaidu River Valley Hydro-power,2008.0,794207.0,1.92,B,No,No
VCS998,01 million Compact Fluorescent Lamps (EVN-2010) Project in Vietnam,VCS,Late to verify,Household & Community,Lighting,Reduction,South-Eastern Asia,Viet Nam,Vietnam Electricity (EVN),2012.0,3879.0,6.34,BB,No,No
VCS1001,Inner Mongolia Yihewusu Phase II 49.5 MW Wind Power Project,VCS,Registered,Renewable Energy,Wind,Reduction,Eastern Asia,China,"Inner Mongolia Xinjin Wind Power Co., Ltd.",2009.0,95302.0,1.41,CCC,No,No
VCS1002,"Natural Gas based grid connected power project at Peddapuram, A.P. by Gautami Power Limited",VCS,Late to verify,Industrial & Commercial,Natural Gas Electricity Generation,Reduction,Southern Asia,India,GVK Industries Limited,2009.0,223779.0,3.53,A,No,No
VCS1006,Bursa Light Rail System II Phase,VCS,Late to verify,Transportation,Mass Transit,Reduction,Western Asia,Türkiye,T.C. Bursa Metropolitan Municipality (BMM),2016.0,7092.0,5.47,,No,No
VCS1012,"Umut-I Hydropower Plant, Turkey",VCS,Registered,Renewable Energy,Hydropower,Reduction,Western Asia,Türkiye,RHG Enerturk Enerji Uretim ve Tic. A.S.,2020.0,15827.0,2.75,BBB,No,No
VCS1015,"Community-based reforestation project on degraded lands in Uttar Pradesh, India by Indian Farm Forestry Development Co-operative Limited",VCS,Verification approval requested,Forestry & Land Use,Afforestation/Reforestation,Impermanent Removal,Southern Asia,India,Indian Farm Forestry Development Co-operative Limited,2008.0,28505.0,19.97,BB,Yes,No
VCS1020,Solar Power Plant of 15MW in Gujarat by Palace Solar Energy Private Limited,VCS,Registered,Renewable Energy,Solar - Centralized,Reduction,Southern Asia,India,Palace Solar Energy Private Limited.,2012.0,47372.0,1.98,,No,No
VCS1023,Grid Connected Wind Power Project by M/s Giriraj Enterprises in Madhya Pradesh,VCS,Registered,Renewable Energy,Wind,Reduction,Southern Asia,India,M/s Giriraj Enterprises,2011.0,18269.0,2.19,B,No,No
VCS1031,Dak Psi 3 and 4 Hydropower Project,VCS,Registered,Renewable Energy,Hydropower,Reduction,South-Eastern Asia,Viet Nam,Dak Psi Hydropower Investment and Development JSC,2011.0,8124.0,1.5,B,No,No
VCS1032,Xundian Jinfeng 12.6MW Hydropower Project,VCS,Registered,Renewable Energy,Hydropower,Reduction,Eastern Asia,China,"Yunnan Xudong Phosphate Chemical Group Jinfeng Power Generation Co., Ltd.",2008.0,195469.0,1.2,BBB,No,No
VCS1035,Inner Mongolia Keshiketeng County Wutaohai South Wind Farm 49.5 MW Project,VCS,Late to verify,Renewable Energy,Wind,Reduction,Eastern Asia,China,"Keshiketeng County Huifeng New Energy Co., Ltd.",2009.0,6946.0,2.67,BBB,No,No
VCS1037,"Guazhou Beidaqiao No.1 Wind Farm Project in Gansu Province, China",VCS,Registered,Renewable Energy,Wind,Reduction,Eastern Asia,China,"Hydrochina Guazhou Wind Power Co., Ltd",2011.0,124614.0,2.11,B,No,No
VCS1038,Chile: Hornitos Hydroelectric Project,VCS,Late to verify,Renewable Energy,Hydropower,Reduction,Latin America and the Caribbean,Chile,Colbun S.A.,2008.0,28372.0,2.13,CCC,No,No
VCS1039,AES Saurashtra Windfarms,VCS,Registered,Renewable Energy,Wind,Reduction,Southern Asia,India,Tata Power Renewable Energy Limited,2012.0,573642.0,1.7,CCC,No,No
VCS1040,Inner Mongolia Hangjin Yihewusu Wind Power Project,VCS,Late to verify,Renewable Energy,Wind,Reduction,Eastern Asia,China,"Inner Mongolia Xinjin Wind Power Co., Ltd.",2008.0,34654.0,1.87,,No,No
VCS1041,OAxaca IV Wind Energy Project,VCS,Registered,Renewable Energy,Wind,Reduction,Latin America and the Caribbean,Mexico,CE OAXACA CUATRO S. DE R.L. DE C.V.,2012.0,59398.0,2.32,BBB,No,No
VCS1042,Oaxaca III Wind Energy Project,VCS,Registered,Renewable Energy,Wind,Reduction,Latin America and the Caribbean,Mexico,CE OAXACA TRES S. DE R.L. DE C.V.,2012.0,77919.0,2.3,BBB,No,No
VCS1043,Oaxaca II Wind Energy Project,VCS,Registered,Renewable Energy,Wind,Reduction,Latin America and the Caribbean,Mexico,CE OAXACA DOS S. DE R.L. DE C.V.,2012.0,148304.0,1.96,BBB,No,No
VCS1045,"Wind Power Project at Rajkot, Gujarat",VCS,Verification approval requested,Renewable Energy,Wind,Reduction,Southern Asia,India,ReNew Wind Energy (Rajkot) Private Limited,2012.0,74767.0,1.86,BB,No,No
VCS1050,Cermikler 25.00 MW Hydroelectric Power Plant Project,VCS,Registered,Renewable Energy,Hydropower,Reduction,Western Asia,Türkiye,Cermikler Elektrik Uretim A. S.,2015.0,145739.0,2.42,BBB,No,No
VCS1051,Heilongjiang Wangyunfeng Wind Power Project,VCS,Registered,Renewable Energy,Wind,Reduction,Eastern Asia,China,"Hegang Longyuan Wind Power Co., Ltd.",2010.0,92517.0,2.4,CCC,No,No
VCS1052,North Pikounda REDD+,VCS,Registered,Forestry & Land Use,REDD+,Reduction,Sub-Saharan Africa,Congo,Multiple Proponents,2012.0,556719.0,17.22,A,Yes,No
VCS1055,Reforesting Degraded Lands in Chile through the use of Mycorrhizal Inoculation,VCS,Late to verify,Forestry & Land Use,Afforestation/Reforestation,Impermanent Removal,Latin America and the Caribbean,Chile,Mikro-Tek Inc.,2012.0,23630.0,19.18,BBB,Yes,No
VCS1060,Bethlehem Authority Improved Forest Management Project,VCS,Registered,Forestry & Land Use,Improved Forest Management,Mixed,North America,United States,Bethlehem Authority,2012.0,30808.0,12.95,BB,Yes,No
VCS1061,Kentilux Wind Farm,VCS,Late to verify,Renewable Energy,Wind,Reduction,Latin America and the Caribbean,Uruguay,Kentilux S.A.,2012.0,23673.0,2.41,B,No,No
VCS1066,Damlapinar Hydroelectric Power Plant Project,VCS,Crediting Period Renewal Requested,Renewable Energy,Hydropower,Reduction,Western Asia,Türkiye,ENTEK ELEKTRIK URETIMI ANONIM SIRKETI,2010.0,77450.0,2.86,,No,No
VCS1067,Reduction of deforestation and degradation in Tambopata National Reserve and Bahuaja-Sonene National Park within the area of Madre de Dios region –Peru,VCS,Verification approval requested,Forestry & Land Use,REDD+,Reduction,Latin America and the Caribbean,Peru,Asociación para la Investigación y Desarrollo Integral – AIDER,2011.0,293907.0,9.67,,Yes,No
VCS1068,Hydroelectric Project El Edén,VCS,Registered,Renewable Energy,Hydropower,Reduction,Latin America and the Caribbean,Colombia,PROELECTRICA S.A.S E.S.P,2017.0,8159.0,3.01,CCC,No,No
VCS1069,"8 MW bundled wind power project, proposed by Ghodawat Industries (India) Pvt. Ltd.",VCS,Registered,Renewable Energy,Wind,Reduction,Southern Asia,India,Ghodawat Industries (I) Pvt.Ltd.,2010.0,11553.0,1.85,CCC,No,No
VCS1070,Buenos Aires Ceramic Fuel Switching Project,VCS,Late to verify,Renewable Energy,Biomass,Reduction,Latin America and the Caribbean,Brazil,Multiple Proponents,2010.0,8758.0,3.37,B,No,No
VCS1075,Kohinoor Wind Power Project in Rajasthan,VCS,Registered,Renewable Energy,Wind,Reduction,Southern Asia,India,Multiple Proponents,2011.0,97058.0,2.19,CCC,No,No
VCS1083,Lican Hydroelectric Plant,VCS,Registered,Renewable Energy,Hydropower,Reduction,Latin America and the Caribbean,Chile,Lican SpA,2019.0,39823.0,2.93,,No,No
VCS1084,"Energy efficiency measures in cooling systems at New Tech Park, 151 Lorong Chuan, Singapore",VCS,Late to verify,Industrial & Commercial,Energy Efficiency,Reduction,South-Eastern Asia,Singapore,Multiple Proponents,2010.0,4232.0,2.94,,No,No
VCS1089,Laurelbrook Farm Dairy Manure Advanced Separation Project,VCS,Late to verify,Agriculture,Solid Waste Separation,Reduction,North America,United States,Laurelbrook Farm,2010.0,9639.0,12.57,A,No,No
VCS1091,SENA HYDROELECTRIC POWER PLANT,VCS,Registered,Renewable Energy,Hydropower,Reduction,Western Asia,Türkiye,Aşiyan Enerji Üretim İnşaat Sanayi ve Ticaret A.Ş.,2014.0,60564.0,1.84,BB,No,No
VCS1092,"SOLAR POWER PROJECT IN GUJARAT, INDIA BY WAA SOLAR LIMITED",VCS,Registered,Renewable Energy,Solar - Centralized,Reduction,Southern Asia,India,Waa Solar Limited,2012.0,6234.0,1.93,B,No,No
VCS1094,Ecomapua Amazon REDD Project,VCS,On Hold - see notification letter,Forestry & Land Use,REDD+,Reduction,Latin America and the Caribbean,Brazil,Multiple Proponents,2003.0,251284.0,6.86,,Yes,No
VCS1100,SANIBEY DAM AND HYDROELECTRIC POWER PLANT,VCS,Registered,Renewable Energy,Hydropower,Reduction,Western Asia,Türkiye,SANKO Enerji Sanayi ve Ticaret A.Ş,2012.0,3804095.0,2.57,B,No,No
VCS1103,Upgrade of Dominican Power Partners' Los Mina power station from open cycle to combined cycle power generation,VCS,Registered,Industrial & Commercial,Waste Heat Recovery,Reduction,Latin America and the Caribbean,Dominican Republic,"DOMINICAN POWER PARTNERS, LDC",2017.0,1135391.0,2.93,A,No,No
VCS1104,KALE HYDROELECTRIC POWER PLANT,VCS,Registered,Renewable Energy,Hydropower,Reduction,Western Asia,Türkiye,AVKAL ENERJİ ÜRETİM VE TİCARET ANONİM ŞİRKETİ,2023.0,1496.0,2.78,BBB,No,No
VCS1109,Mithapur Solar Power Project,VCS,Registered,Renewable Energy,Solar - Centralized,Reduction,Southern Asia,India,Tata Power Renewable Energy Limited,2012.0,69976.0,2.0,CCC,No,No
VCS1112,The Russas Project,VCS,Registered,Forestry & Land Use,REDD+,Reduction,Latin America and the Caribbean,Brazil,Multiple Proponents,2013.0,559628.0,12.12,BBB,Yes,No
VCS1113,The Valparaiso Project,VCS,Registered,Forestry & Land Use,REDD+,Reduction,Latin America and the Caribbean,Brazil,Multiple Proponents,2012.0,592880.0,7.52,CCC,Yes,No
VCS1114,SONAWADE SMALL HYDRO POWER PROJECT,VCS,Registered,Renewable Energy,Hydropower,Reduction,Southern Asia,India,Mahati Hydro Power Projects Private Limited,2010.0,21370.0,1.9,B,No,No
VCS1115,JARI/AMAPÁ REDD+ PROJECT,VCS,Verification approval requested,Forestry & Land Use,REDD+,Reduction,Latin America and the Caribbean,Brazil,Multiple Proponents,2012.0,396328.0,15.9,BB,Yes,No
VCS1117,ARCELIK ENERGY EFFICIENT REFRIGERATORS GROUPED PROJECT,VCS,Late to verify,Industrial & Commercial,Energy Efficiency,Reduction,Western Asia,Türkiye,ARCELIK A.S.,2013.0,49764.0,3.87,CCC,No,No
VCS1121,Anhui Guzhen Biomass Generation Project,VCS,Registered,Renewable Energy,Biomass,Reduction,Eastern Asia,China,"NATIONAL GUZHEN  BIO ENERGY CO.,LTD.",2011.0,252590.0,2.65,BBB,No,No
VCS1122,April Salumei Rainforest Community Conservation Project,VCS,Verification approval requested,Forestry & Land Use,REDD+,Reduction,Oceania,Papua New Guinea,Rainforest Project Management Limited.,2012.0,989298.0,11.37,BB,Yes,No
VCS1126,Jilin Liaoyuan 50MW Level Biomass Cogeneration Project,VCS,Late to verify,Renewable Energy,Biomass,Reduction,Eastern Asia,China,"National Bio Energy Co., Ltd",2007.0,690291.0,3.63,BBB,No,No
VCS1127,Bucakkisla HPP Run-Of-River Hydro Project,VCS,Registered,Renewable Energy,Hydropower,Reduction,Western Asia,Türkiye,Bilgin Guc Santralleri Enerji Uretim A.S.,2015.0,382892.0,2.86,B,No,No
VCS1128,Hangjin Yihewusu Phase I 49.5MW Wind Power Project,VCS,Registered,Renewable Energy,Wind,Reduction,Eastern Asia,China,"Inner Mongolia Guodian New Energy Co.,Ltd.",2011.0,79543.0,1.45,B,No,No
VCS1133,Yacumama Forest Carbon Project,VCS,Registered,Forestry & Land Use,REDD+,Reduction,Latin America and the Caribbean,Peru,YACUMAMA S.R.L.,2012.0,31591.0,12.12,,Yes,No
VCS1140,Henan Xinxiang 24MW Biomass based Cogeneration Project,VCS,Registered,Renewable Energy,Biomass,Reduction,Eastern Asia,China,"Xinxiang Tianjie Bio-Power Generation Co., Ltd",2009.0,805002.0,1.9,A,No,No
VCS1141,Fresh Breeze Afforestation Project,VCS,Registered,Forestry & Land Use,Afforestation/Reforestation,Impermanent Removal,Latin America and the Caribbean,Mexico,Proteak UNO S.A.B. de C.V.,2014.0,196475.0,15.36,AA,Yes,No
VCS1142,Ticket Log Fleet Fuel Substitution,VCS,Registered,Transportation,Fleet Efficiency,Reduction,Latin America and the Caribbean,Brazil,Ticket Soluções HDFGT S.A,2012.0,23979.0,5.04,A,No,No
VCS1143,Ningxia Angli Lingwu Photovoltaic Grid Connected Power Plant Project,VCS,Registered,Renewable Energy,Solar - Centralized,Reduction,Eastern Asia,China,"Datang Angli (Lingwu) New Energy Co., Ltd.",2011.0,106220.0,1.04,,No,No
VCS1144,Composting Project in Santa Catarina,VCS,Registered,Waste Management,Composting,Reduction,Latin America and the Caribbean,Brazil,Multiple Proponents,2011.0,6035.0,5.16,B,No,No
VCS1146,The Hyundai Waste Energy Recovery CO-Generation Project Phase II,VCS,Registered,Industrial & Commercial,Waste Gas Recovery,Reduction,Eastern Asia,South Korea,Multiple Proponents,2013.0,2722736.0,4.54,A,No,No
VCS1152,Arca Hydro Electricity Power Plant,VCS,Verification approval requested,Renewable Energy,Hydropower,Reduction,Western Asia,Türkiye,GURSU TEMIZ ENERJI URETIM A.S.,2012.0,55305.0,1.66,B,No,No
VCS1155,"14.70 MW Wind Power Project at Jath, Maharashtra",VCS,Late to verify,Renewable Energy,Wind,Reduction,Southern Asia,India,Agrawal Renewable Energy Private Limited,2012.0,6043.0,2.44,CCC,No,No
VCS1159,"14.7 MW Bundled Wind Power Project in the state of Maharashtra and Rajasthan, India.",VCS,Late to verify,Renewable Energy,Wind,Reduction,Southern Asia,India,Gangadhar Narsingdas Agrawal (HUF),2011.0,2941.0,1.26,B,No,No
VCS1160,"6.5 MW cogeneration project in Akbarpur, Punjab",VCS,Registered,Industrial & Commercial,Natural Gas Electricity Generation,Reduction,Southern Asia,India,Gillanders Arbuthnot & Co. Ltd,2009.0,103926.0,4.44,BBB,No,No
VCS1163,Wind Power Project in Tirupur District,VCS,Registered,Renewable Energy,Wind,Reduction,Southern Asia,India,NSL WInd Power Company Phoolwadi Private Limited,2013.0,5438.0,2.52,B,No,No
VCS1166,Nanba Associated Gas Processing Plant and the Auxiliary Engineering,VCS,Late to verify,Industrial & Commercial,Waste Gas Recovery,Reduction,Eastern Asia,China,"Daqing Oilfield Co., Ltd.",2012.0,12051.0,4.56,A,No,No
VCS1168,"Kulera Landscape REDD+ Program for Co-Managed Protected Areas, Malawi",VCS,Late to verify,Forestry & Land Use,REDD+,Reduction,Sub-Saharan Africa,Malawi,Multiple Proponents,2013.0,331871.0,21.62,CCC,Yes,No
VCS1174,"Akcay 28.78 MW, Hydroelectric Power Plant Project (HEPP), Turkey",VCS,Registered,Renewable Energy,Hydropower,Reduction,Western Asia,Türkiye,AKCAY HES ELEKTRYK URETYM A.S,2009.0,186851.0,1.75,BBB,No,No
VCS1175,"AVOIDING PLANNED DEFORESTATION AND DEGRADATION IN THE VALDIVIAN COASTAL RESERVE, CHILE",VCS,Registered,Forestry & Land Use,REDD+,Reduction,Latin America and the Caribbean,Chile,The Nature Conservancy,2004.0,39573.0,5.87,,Yes,No
VCS1181,CGN Inner Mongolia Zhurihe Phase II Wind Farm Project,VCS,Registered,Renewable Energy,Wind,Reduction,Eastern Asia,China,"CGN Wind Power Co., Ltd.",2010.0,4355.0,2.35,BB,No,No
VCS1182,CGN Inner Mongolia Zhurihe Phase I Wind Farm Project,VCS,Registered,Renewable Energy,Wind,Reduction,Eastern Asia,China,"CGN Wind Power Co., Ltd.",2009.0,157506.0,1.71,B,No,No
VCS1183,Xinjiang Jimunai CGN Phase I Wind Farm Project,VCS,Registered,Renewable Energy,Wind,Reduction,Eastern Asia,China,"Xinjiang Jimunai CGN Wind Power Co., Ltd.",2011.0,338123.0,1.8,CCC,No,No
VCS1184,Hebei Chengde Weichang Wuxiangliang Wind Power Project,VCS,Registered,Renewable Energy,Wind,Reduction,Eastern Asia,China,"Hebei Longyuan Wind Power Co., Ltd.",2012.0,190314.0,1.57,BB,No,No
VCS1185,Suman Sarwari Hydro Electric Project.,VCS,Verification approval requested,Renewable Energy,Hydropower,Reduction,Southern Asia,India,M/S Usaka Hydro Powers Pvt Ltd,2013.0,17018.0,1.87,CCC,No,No
VCS1186,Viñales biomass power plant,VCS,Crediting Period Renewal Requested,Renewable Energy,Biomass,Reduction,Latin America and the Caribbean,Chile,Celulosa Arauco y Constitución S.A.,2014.0,355699.0,3.07,BBB,No,No
VCS1187,Shandong Yishui Tangwangshan Wind Farm Project,VCS,Registered,Renewable Energy,Wind,Reduction,Eastern Asia,China,"Yishui Tangwangshan Wind Power Co., Ltd.",2010.0,45602.0,1.25,CCC,No,No
VCS1188,Shandong Wendeng Zhangjiachan Wind Farm Project,VCS,Registered,Renewable Energy,Wind,Reduction,Eastern Asia,China,"Wendeng Zhangjiachan Wind Power Co., Ltd.",2012.0,100356.0,2.61,B,No,No
VCS1189,Shandong Taipingshan Wind Farm Project,VCS,Registered,Renewable Energy,Wind,Reduction,Eastern Asia,China,"Anqiu Taipingshan Wind Power Co., Ltd.",2010.0,34574.0,1.52,CCC,No,No
VCS1190,Wind power project in Gujarat,VCS,Registered,Renewable Energy,Wind,Reduction,Southern Asia,India,Mytrah Energy (India) Limited,2011.0,56223.0,1.97,BBB,No,No
VCS1191,Jamanwada Wind Power Project in Gujarat,VCS,Crediting Period Renewal Requested,Renewable Energy,Wind,Reduction,Southern Asia,India,Bindu Vayu Urja Private Limited (BVUPL),2012.0,83336.0,2.0,B,No,No
VCS1192,"Metro Line 1 Lima, Peru",VCS,Late to verify,Transportation,Mass Transit,Reduction,Latin America and the Caribbean,Peru,Auto. Authority Electrical Mass Transit Sys - AATE,2015.0,44224.0,5.86,A,No,No
VCS1193,Murat Hydroelectric Power Plant,VCS,Registered,Renewable Energy,Hydropower,Reduction,Western Asia,Türkiye,Elestaş Elektrik Üretim Anonim Şirketi,2020.0,7667.0,4.35,A,No,No
VCS1194,Kaladonger Wind Power Project in Rajasthan,VCS,Registered,Renewable Energy,Wind,Reduction,Southern Asia,India,M/s Bindu Vayu Urja Private Limited,2012.0,213468.0,1.83,B,No,No
VCS1195,Wind Power Project in Rajasthan,VCS,Registered,Renewable Energy,Wind,Reduction,Southern Asia,India,Mytrah Energy (INDIA) Ltd.,2011.0,66844.0,2.35,B,No,No
VCS1196,Gansu Yongdeng Longlin Hydro Power Project,VCS,Registered,Renewable Energy,Hydropower,Reduction,Eastern Asia,China,"Gansu Longlin Hydropower Development Co., Ltd",2011.0,104337.0,2.53,A,No,No
VCS1197,Chakala Wind Power Project in Maharashtra,VCS,Registered,Renewable Energy,Wind,Reduction,Southern Asia,India,M/s Bindu Vayu Urja Private Limited,2013.0,102210.0,2.32,CCC,No,No
VCS1198,Pembelik Hydro Electricity Power Plant,VCS,Registered,Renewable Energy,Hydropower,Reduction,Western Asia,Türkiye,Darenhes Elektrik Uretimi A.S.,2015.0,242958.0,1.36,BBB,No,No
VCS1199,Bugoye 13.0 MW Run-of-River Hydropower Project,VCS,Registered,Renewable Energy,Hydropower,Reduction,Sub-Saharan Africa,Uganda,Bugoye Hydro Limited,2010.0,73319.0,2.07,B,No,No
VCS1200,Guohua Wulate Zhongqi Chuanjing Phase II Wind Farm Project,VCS,Registered,Renewable Energy,Wind,Reduction,Eastern Asia,China,Guohua Bayannaoer (Wulate Zhongqi) Wind  Power Co.,2009.0,85768.0,1.92,BB,No,No
VCS1201,Gola REDD project,VCS,Verification approval requested,Forestry & Land Use,REDD+,Reduction,Sub-Saharan Africa,Sierra Leone,Gola Rainforest Conservation LG,2012.0,415085.0,10.26,BBB,Yes,No
VCS1202,LOWER ZAMBEZI REDD+ PROJECT,VCS,Registered,Forestry & Land Use,REDD+,Reduction,Sub-Saharan Africa,Zambia,BioCarbon Partners,2009.0,5474.0,11.17,,Yes,No
VCS1203,Suzlon 8.40 MW Wind Power Project,VCS,Registered,Renewable Energy,Wind,Reduction,Southern Asia,India,Kishangarh Hi-tech Textile Park Ltd,2011.0,5370.0,2.26,B,No,No
VCS1204,Guohua Wulate Zhongqi Phase I 49.5 MW Wind farm Project,VCS,Registered,Renewable Energy,Wind,Reduction,Eastern Asia,China,"Guohua Bayannaoer (Wulate Zhongqi) Wind Power Co., Ltd",2009.0,56392.0,2.04,BBB,No,No
VCS1205,Tatar Hydro Electricity Power Plant,VCS,Registered,Renewable Energy,Hydropower,Reduction,Western Asia,Türkiye,Darenhes Elektrik Uretimi A.S.,2013.0,223626.0,2.64,A,No,No
VCS1207,Sinner Wind Power Project in Maharashtra,VCS,Crediting Period Renewal Requested,Renewable Energy,Wind,Reduction,Southern Asia,India,M/s Bindu Vayu Urja Private Limited,2012.0,40533.0,2.06,B,No,No
VCS1208,Nam Chim Hydro Power Project,VCS,Late to verify,Renewable Energy,Hydropower,Reduction,South-Eastern Asia,Viet Nam,Song Lam Construction and Investment Company Ltd,2010.0,12383.0,1.31,B,No,No
VCS1209,Wind Power Project at Bhachau by Powerica Limited,VCS,Registered,Renewable Energy,Wind,Reduction,Southern Asia,India,POWERICA LIMITED,2011.0,2502.0,3.2,BB,No,No
VCS1210,Green Energy Project at Kutch by Powerica Limited,VCS,Registered,Renewable Energy,Wind,Reduction,Southern Asia,India,POWERICA LIMITED,2013.0,80918.0,1.68,CCC,No,No
VCS1211,Green Energy Project at Gujarat by Powerica Limited,VCS,Registered,Renewable Energy,RE Bundled,Reduction,Southern Asia,India,POWERICA LIMITED,2013.0,72934.0,2.21,CCC,No,No
VCS1214,Vajrakarur Wind Power Project in Andhra Pradesh,VCS,Crediting Period Renewal Requested,Renewable Energy,Wind,Reduction,Southern Asia,India,Mytrah Vayu (Pennar) Private Limited,2012.0,52611.0,2.38,BB,No,No
VCS1215,The Makira Forest Protected Area in Madagascar,VCS,Late to verify,Forestry & Land Use,REDD+,Reduction,Sub-Saharan Africa,Madagascar,The Wildlife Conservation Society (WCS),2009.0,1170396.0,7.92,BB,Yes,No
VCS1216,"Distribution of ONIL Stoves – Mexico, San Felipe Usila 1",VCS,Registered,Household & Community,Cookstoves,Reduction,Latin America and the Caribbean,Mexico,C-Quest Capital,2011.0,102492.0,7.89,AA,No,No
VCS1217,Electricity Generation through Wind Power by SRHHL,VCS,Registered,Renewable Energy,Wind,Reduction,Southern Asia,India,Sree Rayalaseema Hi-Strength Hypo Limited,2009.0,11810.0,2.18,B,No,No
VCS1218,"Evio Kuiñaji Ese´Eja Cuana, To Mitigate Climate Change, Madre de Dios - Perú",VCS,Registered,Forestry & Land Use,REDD+,Reduction,Latin America and the Caribbean,Peru,Multiple Proponents,2012.0,401809.0,10.06,B,Yes,No
VCS1219,Xinjiang Bazhou Haermodun 15MW Hydropower Project,VCS,Late to verify,Renewable Energy,Hydropower,Reduction,Eastern Asia,China,Xinjiang Bazhou Xinhua Hydropower Development Co.,2009.0,61860.0,1.65,CCC,No,No
VCS1220,Luoning Biomass Cogeneration Project,VCS,Late to verify,Renewable Energy,Biomass,Reduction,Eastern Asia,China,West Henan Xinhua Irrigation and Hydroelectricity,2010.0,162732.0,2.94,B,No,No
VCS1221,Eglence I-II Hydroelectric Power Plant,VCS,Registered,Renewable Energy,Hydropower,Reduction,Western Asia,Türkiye,Egenda Ege Enerji Uretim A.S,2013.0,225045.0,1.5,CCC,No,No
VCS1225,Kenya Agricultural Carbon Project,VCS,Late to verify,Agriculture,Sustainable Agriculture,Mixed,Sub-Saharan Africa,Kenya,Vi Agroforestry Programme,2012.0,130696.0,13.54,BBB,Yes,No
VCS1228,El Panul,VCS,Late to verify,Waste Management,Landfill Methane,Reduction,Latin America and the Caribbean,Chile,Ecosecurities Group Limited,2008.0,4103.0,4.58,AA,No,No
VCS1229,Fronteira and Novicel Ceramics Fuel Switching Project,VCS,Late to verify,Renewable Energy,Biomass,Reduction,Latin America and the Caribbean,Brazil,Multiple Proponents,2011.0,15695.0,2.7,,No,No
VCS1231,"Mordogan Wind Power Project, Turkey",VCS,Registered,Renewable Energy,Wind,Reduction,Western Asia,Türkiye,Egenda Ege Enerji Uretim A.S,2016.0,115109.0,1.71,CCC,No,No
VCS1232,"Yaylaköy Wind Power Project, Turkey",VCS,Registered,Renewable Energy,Wind,Reduction,Western Asia,Türkiye,Yaylaköy RES Elektrik Üretim A.Ş.,2016.0,140092.0,1.9,B,No,No
VCS1236,25 MW Solar PV Project in Gujarat,VCS,Registered,Renewable Energy,Solar - Centralized,Reduction,Southern Asia,India,Visual Percept Solar Projects Pvt. Ltd. (VPSPPL),2012.0,62861.0,1.3,,No,No
VCS1238,AAC Blocks project by Mohit Industries Limited,VCS,Registered,Industrial & Commercial,Brick Manufacturing Emission Reductions,Reduction,Southern Asia,India,Big Bloc Construction Limited,2013.0,43898.0,3.55,BB,No,No
VCS1241,Veer (NLBC) Small Hydro Power Project,VCS,Registered,Renewable Energy,Hydropower,Reduction,Southern Asia,India,Mahati Hydro Power Projects Private Limited,2012.0,50837.0,2.65,B,No,No
VCS1242,Inner Mongolia Helin Shimenzi 49.5MW Wind Power Project,VCS,Registered,Renewable Energy,Wind,Reduction,Eastern Asia,China,"Longyuan Inner Mongolia Wind Power Co., Ltd.",2013.0,213531.0,1.64,CCC,No,No
VCS1247,CGN Aletai Qinghe Phase I 20MWp Grid-connected PV Power Plant Project,VCS,Registered,Renewable Energy,Solar - Centralized,Reduction,Eastern Asia,China,"CGN Solar Power Development Co., LTD",2012.0,194897.0,1.45,CCC,No,No
VCS1248,CGN Hami Phase I 20MWp Grid-connected PV Power Plant Project,VCS,Registered,Renewable Energy,Solar - Centralized,Reduction,Eastern Asia,China,"CGN Solar Power Development Co., LTD",2012.0,254709.0,1.05,,No,No
VCS1249,CGN Kashi Yingjisha Phase I 20MWp Grid-connected PV Power Plant Project,VCS,Registered,Renewable Energy,Solar - Centralized,Reduction,Eastern Asia,China,"CGN Solar Power Development Co., LTD",2012.0,192440.0,1.74,,No,No
VCS1250,CGN Dunhuang 10MW Grid-connected Solar PV Power Generation Project,VCS,Registered,Renewable Energy,Solar - Centralized,Reduction,Eastern Asia,China,CGN Enfinity (Dunhuang) Solar Energy Development,2012.0,159109.0,2.09,BB,No,No
VCS1254,"Yelisirur wind power project, India",VCS,Registered,Renewable Energy,Wind,Reduction,Southern Asia,India,Bhoruka Power Corporation Limited,2012.0,114780.0,2.26,CCC,No,No
VCS1257,Wind Power Project of CLP Wind Farms (India) Private Limited,VCS,Verification approval requested,Renewable Energy,Wind,Reduction,Southern Asia,India,Apraava Renewable Energy Private Limited,2012.0,320091.0,2.13,,No,No
VCS1258,Saint Nikola Wind Farm,VCS,Registered,Renewable Energy,Wind,Reduction,Eastern Europe,Bulgaria,AES Geo Energy OOD,2012.0,635541.0,1.97,CCC,No,No
VCS1259,"Chacayes Hydroelectric Project, Chile",VCS,Late to verify,Renewable Energy,Hydropower,Reduction,Latin America and the Caribbean,Chile,Pacific Hydro Chacayes S.A.,2012.0,77100.0,2.07,,No,No
VCS1261,Grid connected electricity generation using natural gas by Lanco Kondapalli Power Limited,VCS,Registered,Industrial & Commercial,Natural Gas Electricity Generation,Reduction,Southern Asia,India,Lanco Kondapalli Power Limited,2010.0,76908.0,4.28,,No,No
VCS1264,"Yunnan Longjiang 240MW Hydropower Project, in P.R. China",VCS,Late to verify,Renewable Energy,Hydropower,Reduction,Eastern Asia,China,Yunnan Longjiang Hydropower Project Development Co,2010.0,448588.0,2.1,BB,No,No
VCS1286,Ishasha 6.6 MW Small Hydropower Project,VCS,Registered,Renewable Energy,Hydropower,Reduction,Sub-Saharan Africa,Uganda,Multiple Proponents,2015.0,8514.0,2.42,B,No,No
VCS1289,Talas de Maciel II Wind Farm,VCS,Registered,Renewable Energy,Wind,Reduction,Latin America and the Caribbean,Uruguay,Cadonal S.A.,2015.0,185703.0,2.15,B,No,No
VCS1297,Eren 37 MW Hydroelectric Power Plant,VCS,Registered,Renewable Energy,Hydropower,Reduction,Western Asia,Türkiye,IRMAK Enerji. Üretim San. ve Tic. Ltd. Sti.,2014.0,271911.0,3.0,B,No,No
VCS1300,Papart Large Scale Run-of-River Hydro Powerplant Project,VCS,Registered,Renewable Energy,Hydropower,Reduction,Western Asia,Türkiye,Elite Elektrik Üretim ve Makine San. Tic. A.S.,2012.0,74035.0,1.82,B,No,No
VCS1301,Guohua Rongcheng Phase II Wind Farm Project,VCS,Registered,Renewable Energy,Wind,Reduction,Eastern Asia,China,"Guohua Resourceful (Rongcheng) Wind Power Generation Co., Ltd.",2010.0,90398.0,1.97,CCC,No,No
VCS1303,Biomass based Renewable Energy Generation at Karnal,VCS,Registered,Renewable Energy,Biomass,Reduction,Southern Asia,India,Modern Dairies Limited,2012.0,60857.0,4.89,B,No,No
VCS1308,Parque Eolico Maldonado,VCS,Crediting Period Renewal Requested,Renewable Energy,RE Bundled,Reduction,Latin America and the Caribbean,Uruguay,"R del Sur, S.A.",2014.0,757534.0,1.19,B,No,No
VCS1310,Guohua Tongliao Kezuo Zhongqi Phase I 49.5 MW Wind Farm Project,VCS,Registered,Renewable Energy,Wind,Reduction,Eastern Asia,China,"Guohua (Tongliao) Wind Power Co., Ltd.",2009.0,196049.0,2.56,B,No,No
VCS1311,"Carbon Emissions Reduction Project in the Corridor Ankeniheny-Zahamena (CAZ) Protected Area, Madagascar",VCS,Late to verify,Forestry & Land Use,REDD+,Reduction,Sub-Saharan Africa,Madagascar,"Govt. of Madagascar, Direction Generale des Forets",2011.0,3885206.0,8.97,B,Yes,No
VCS1315,Biomass based cogeneration plant at Godrej Agrovet Ltd. Chintampalli,VCS,Registered,Renewable Energy,Biomass,Reduction,Southern Asia,India,Godrej Agrovet Limited,2012.0,139963.0,3.27,CCC,No,No
VCS1317,Reforestation Grouped Project at Pratigi Environmental Protection Area,VCS,Registered,Forestry & Land Use,Afforestation/Reforestation,Impermanent Removal,Latin America and the Caribbean,Brazil,Multiple Proponents,2016.0,2552.0,13.63,A,Yes,No
VCS1318,Livelihoods' mangrove restoration grouped project in Senegal,VCS,Late to verify,Forestry & Land Use,Wetland Restoration,Mixed,Sub-Saharan Africa,Senegal,Livelihoods Fund SICAV SIF,2014.0,124649.0,21.72,B,Yes,No
VCS1319,Small-Scale Hydropower Project Sahanivotry In Madagascar.,VCS,Registered,Renewable Energy,Hydropower,Reduction,Sub-Saharan Africa,Madagascar,Hydelec Madagascar,2008.0,102085.0,1.35,B,No,No
VCS1322,"Buyukduz Hydroelectric Power Plant, Turkey",VCS,Registered,Renewable Energy,Hydropower,Reduction,Western Asia,Türkiye,Ayen Enerji A.S.,2012.0,558507.0,1.85,B,No,No
VCS1325,Village Climate Solutions,VCS,Verification approval requested,Forestry & Land Use,REDD+,Reduction,Sub-Saharan Africa,Tanzania,Village Climate Solutions Limited,2013.0,10796.0,13.2,CCC,Yes,No
VCS1326,Laguna Seca Forest Carbon Project,VCS,Registered,Forestry & Land Use,REDD+,Reduction,Latin America and the Caribbean,Belize,The Nature Conservancy,2011.0,89453.0,11.86,B,Yes,No
VCS1328,Araku Valley Livelihood Project,VCS,Registered,Forestry & Land Use,Afforestation/Reforestation,Impermanent Removal,Southern Asia,India,Livelihoods Fund SICAV SIF,2014.0,293723.0,20.54,BB,Yes,No
VCS1330,Midilli Hydroelectric Power Plant,VCS,Registered,Renewable Energy,Hydropower,Reduction,Western Asia,Türkiye,Masat Enerji Elektrik Uretim ve Tic. Ltd. Sti.,2012.0,189663.0,2.13,CCC,No,No
VCS1331,Torlar 14.834 MWe Hydroelectric power plant,VCS,Registered,Renewable Energy,Hydropower,Reduction,Western Asia,Türkiye,KAM Enerji Uretim Sanayi ve Ticaret,2014.0,123393.0,1.61,CCC,No,No
VCS1334,Yunnan Tengzhong New Energy Technology Co. Ltd. Biomass Heating System Retrofitting and Biomass Collection Station Project,VCS,Late to verify,Renewable Energy,Biomass,Reduction,Eastern Asia,China,Yunnan Tengzhong New Energy Technology Co. Ltd.,2012.0,1507.0,2.86,B,No,No
VCS1337,AAC blocks manufacturing unit based on an energy efficient brick/block manufacturing technology by Biltech Building Elements (surat),VCS,Late to verify,Industrial & Commercial,Brick Manufacturing Emission Reductions,Reduction,Southern Asia,India,Biltech Building Elemnts Limited,2014.0,92164.0,4.07,BBB,No,No
VCS1340,Bale Mountains Eco-region REDD+ project,VCS,Registered,Forestry & Land Use,REDD+,Reduction,Sub-Saharan Africa,Ethiopia,Oromia Forest and Wildlife Enterprise,2012.0,2452243.0,13.58,,Yes,No
VCS1342,"AAC Block/Panel Manufacturing unit at Krishna, Andhra Pradesh",VCS,Registered,Industrial & Commercial,Brick Manufacturing Emission Reductions,Reduction,Southern Asia,India,Multiple Proponents,2014.0,161311.0,5.75,BB,No,No
VCS1344,Murat HEPP,VCS,Registered,Renewable Energy,Hydropower,Reduction,Western Asia,Türkiye,Murat HEPP Energy Electricity Generation and Trade,2012.0,51189.0,1.61,B,No,No
VCS1345,Boyabat Hydroelectric Power Plant,VCS,Registered,Renewable Energy,Hydropower,Reduction,Western Asia,Türkiye,Bilgin Guc Santralleri Enerji Uretim A.S.,2012.0,2220648.0,2.33,CCC,No,No
VCS1346,49.5 MW Wind Power Project by FFCEL in Pakistan,VCS,Registered,Renewable Energy,Wind,Reduction,Southern Asia,Pakistan,FFC Energy Limited,2013.0,46374.0,2.16,B,No,No
VCS1347,KSAIL Bagasse Power Project,VCS,Registered,Renewable Energy,Biomass,Reduction,Sub-Saharan Africa,Kenya,Kibos Sugar and Allied Industries Limited,2016.0,7504.0,3.5,B,No,No
VCS1348,Las Pizarras Project,VCS,Registered,Renewable Energy,RE Bundled,Reduction,Latin America and the Caribbean,Peru,Empresa Electrica Rio Doble,2013.0,451732.0,2.95,BB,No,No
VCS1349,Peralta I Wind Power Project,VCS,Registered,Renewable Energy,Wind,Reduction,Latin America and the Caribbean,Uruguay,Palmatir S.A.,2014.0,185273.0,3.39,AA,No,No
VCS1353,"Bundled Wind Power Project in Tamilnadu, India, co-ordinated by Tamilnadu Spinning Mills Association (TASMA-V2)",VCS,Registered,Renewable Energy,Wind,Reduction,Southern Asia,India,TAMILNADU SPINNING MILLS ASSOCIATION (TASMA),2010.0,262380.0,1.68,BBB,No,No
VCS1354,Ball State University Campus-Wide Clean Energy and Efficiency Project,VCS,Verification approval requested,Industrial & Commercial,University Campus Emission Reductions,Reduction,North America,United States,BALL STATE UNIVERSITY,2012.0,30816.0,4.2,B,No,No
VCS1355,4.2 MW renewable energy based power generation project in Andhra Pradesh by Hi- Tech,VCS,Registered,Renewable Energy,RE Bundled,Reduction,Southern Asia,India,Multiple Proponents,2014.0,2600.0,2.6,B,No,No
VCS1356,Jiangsu Dongtai Phase II Wind Power Project,VCS,Registered,Renewable Energy,Wind,Reduction,Eastern Asia,China,"Guohua (Jiangsu) Wind Power Co., Ltd.",2010.0,42309.0,2.02,B,No,No
VCS1361,Reforestation Project in Qinghai Province 2012,VCS,Registered,Forestry & Land Use,Afforestation/Reforestation,Impermanent Removal,Eastern Asia,China,Multiple Proponents,2013.0,28788.0,22.94,B,Yes,No
VCS1362,Shandan Dongle Beitan 50MW Solar Power Generation Project,VCS,Registered,Renewable Energy,Solar - Centralized,Reduction,Eastern Asia,China,"Shandan Xiehe Solar power generation Co., Ltd.",2014.0,99651.0,1.92,,No,No
VCS1364,Hydroelectric Project PCH Luzma,VCS,Registered,Renewable Energy,Hydropower,Reduction,Latin America and the Caribbean,Colombia,ISAGEN S.A. E.S.P,2017.0,285184.0,2.13,B,No,No
VCS1367,EFM Improved Forest Management Group Project,VCS,Verification approval requested,Forestry & Land Use,Improved Forest Management,Mixed,North America,United States,"EFM Investments & Advisory, Inc.",2010.0,101006.0,15.76,B,Yes,No
VCS1368,Urla Wind Power Plant,VCS,Registered,Renewable Energy,Wind,Reduction,Western Asia,Türkiye,Hassas Teknik Enerji Elektrik Uretim Sanayi ve Ticaret A.S.,2016.0,143105.0,2.61,AA,No,No
VCS1372,Saf I Hepp,VCS,Late to verify,Renewable Energy,Hydropower,Reduction,Western Asia,Türkiye,SAF ENERJİ ELEKTRİK ÜRETİM SAN.VE TİC. A.Ş.,2013.0,36291.0,2.31,BB,No,No
VCS1377,Lock Haven Improved Forest Management Project,VCS,Registered,Forestry & Land Use,Improved Forest Management,Mixed,North America,United States,Lock Haven City Authority,2014.0,12989.0,11.15,BBB,Yes,No
VCS1380,Akinci Hydroelectric Power Plant,VCS,Registered,Renewable Energy,Hydropower,Reduction,Western Asia,Türkiye,Aydem Yenilenebilir Enerji A.Ş.,2018.0,559592.0,2.53,B,No,No
VCS1382,"The Envira Amazonia Project - A Tropical Forest Conservation Project in Acre, Brazil",VCS,Verification approval requested,Forestry & Land Use,REDD+,Reduction,Latin America and the Caribbean,Brazil,Multiple Proponents,2013.0,2155326.0,12.22,,Yes,No
VCS1385,Yaprak Weir and HEPP,VCS,Registered,Renewable Energy,Hydropower,Reduction,Western Asia,Türkiye,AKKOY ENERJI A.S.,2014.0,32721.0,2.14,CCC,No,No
VCS1386,Recast Energy Louisville Fuel Switch from Coal to Biomass for Thermal Energy,VCS,Crediting Period Renewal and Verification Approval Requested,Renewable Energy,Biomass,Reduction,North America,United States,"RECAST ENERGY LOUISVILLE, LLC 2",2013.0,145336.0,2.05,CCC,No,No
VCS1389,Acapa -­ Bajo Mira Y Frontera REDD+ Project,VCS,Registered,Forestry & Land Use,REDD+,Reduction,Latin America and the Caribbean,Colombia,Multiple Proponents,2013.0,119598.0,13.68,BBB,Yes,No
VCS1390,Carmen del Darién (CDD) REDD+ Project,VCS,Registered,Forestry & Land Use,REDD+,Reduction,Latin America and the Caribbean,Colombia,Multiple Proponents,2014.0,181897.0,9.7,CCC,Yes,No
VCS1391,SIVIRÚ-USARAGÁ-PIZARRO-PILIZÁ (SUPP) REDD+ Project,VCS,Registered,Forestry & Land Use,REDD+,Reduction,Latin America and the Caribbean,Colombia,Multiple Proponents,2013.0,672599.0,10.78,CCC,Yes,No
VCS1392,Cajambre REDD+ Project,VCS,Registered,Forestry & Land Use,REDD+,Reduction,Latin America and the Caribbean,Colombia,Consejo Comunitario del Río Cajambre,2013.0,315010.0,10.67,,Yes,No
VCS1393,Anaerobic digestion and heat generation at Sugar Corporation of Uganda Limited,VCS,Registered,Waste Management,Methane Recovery in Wastewater,Reduction,Sub-Saharan Africa,Uganda,Multiple Proponents,2013.0,33235.0,4.76,AA,No,No
VCS1395,Bajo Calima y Bahía Málaga (BCBM) REDD+ Project,VCS,Registered,Forestry & Land Use,REDD+,Reduction,Latin America and the Caribbean,Colombia,Multiple Proponents,2013.0,608874.0,9.59,BB,Yes,No
VCS1396,Rio Pepe y ACABA REDD+ Project,VCS,Registered,Forestry & Land Use,REDD+,Reduction,Latin America and the Caribbean,Colombia,Multiple Proponents,2014.0,92580.0,13.75,B,Yes,No
VCS1399,Mutatá REDD+ Project,VCS,Registered,Forestry & Land Use,REDD+,Reduction,Latin America and the Caribbean,Colombia,Cabildo Mayor Indígena de Mutatá,2013.0,234910.0,7.58,B,Yes,No
VCS1400,Concosta REDD+ Project,VCS,Registered,Forestry & Land Use,REDD+,Reduction,Latin America and the Caribbean,Colombia,Concosta Community Council,2013.0,336521.0,11.7,BB,Yes,No
VCS1402,Diyoban 19.04 MW Hydroelectric Power Plant Project,VCS,Registered,Renewable Energy,Hydropower,Reduction,Western Asia,Türkiye,Ati Energy and Electric Power Generation Company (Ati Enerji ve Elektrik Üretim A.Ş.),2015.0,32046.0,2.04,CCC,No,No
VCS1403,"The Paraguay Forest Conservation Project – Reduction of GHG Emissions from Deforestation and Forest Degradation in the Parana Atlantic Ecosystem – Forest Protection in the La Amistad Community, San Rafael",VCS,Registered,Forestry & Land Use,REDD+,Reduction,Latin America and the Caribbean,Paraguay,Green Vantage Enterprises Limited,2013.0,6553.0,11.41,,Yes,No
VCS1404,"Vaspet-II and Vaspet-III Wind Power Project, Maharashtra",VCS,Registered,Renewable Energy,Wind,Reduction,Southern Asia,India,ReNew Wind Energy (Shivpur) Private Limited,2013.0,173052.0,1.95,BB,No,No
VCS1406,Jingyuan County 100MW Solar Power Generation Project,VCS,Registered,Renewable Energy,Solar - Centralized,Reduction,Eastern Asia,China,"Gansu Deyou Energy Technology Co., Ltd",2014.0,25780.0,1.33,BB,No,No
VCS1407,University of Illinois Urbana-Champaign Campus Wide Clean Energy & Energy Efficiency,VCS,Verification approval requested,Industrial & Commercial,University Campus Emission Reductions,Reduction,North America,United States,University of Illinois Champaign-Urbana,2012.0,6566.0,5.09,B,No,No
VCS1408,Chyulu Hills REDD+ Project,VCS,Registered,Forestry & Land Use,REDD+,Reduction,Sub-Saharan Africa,Kenya,Chyulu Hills Conservation Trust,2013.0,351955.0,16.25,BB,Yes,No
VCS1409,Yalnizardiç Dam and Berat HEPP,VCS,Registered,Renewable Energy,Hydropower,Reduction,Western Asia,Türkiye,AKKOY ENERJI A.S.,2018.0,72217.0,2.05,B,No,No
VCS1413,Grid Interactive Solar Photovoltaic Power Project in Gujarat,VCS,Registered,Renewable Energy,Solar - Centralized,Reduction,Southern Asia,India,Samta Energy Private Limited,2012.0,53406.0,1.53,CCC,No,No
VCS1416,Umurlu GeoThermal Power Plant,VCS,Registered,Renewable Energy,Geothermal,Reduction,Western Asia,Türkiye,KARYEK KARADENIZ ELEKTRIK URETIM A.S.,2016.0,226463.0,3.15,BB,No,No
VCS1418,Renewable Energy Project by LNB Group,VCS,Registered,Renewable Energy,RE Bundled,Reduction,Southern Asia,India,LNB Renewable Energy Private Limited,2013.0,77984.0,2.48,CCC,No,No
VCS1419,Wind Power Project by Rajasthan Gum Private Limited (EKI.CDM.July-11-01),VCS,Registered,Renewable Energy,Wind,Reduction,Southern Asia,India,Rajasthan Gum Private Limited,2012.0,42610.0,2.91,BB,No,No
VCS1423,"Teesta Low Dam Project, Stage-IV",VCS,Registered,Renewable Energy,Hydropower,Reduction,Southern Asia,India,NHPC Ltd,2016.0,416266.0,2.52,CCC,No,No
VCS1424,Uri II Hydroelectric Project,VCS,Registered,Renewable Energy,Hydropower,Reduction,Southern Asia,India,NHPC Ltd,2013.0,100067.0,2.37,BB,No,No
VCS1425,Parbati Hydroelectric Project Stage III,VCS,Registered,Renewable Energy,Hydropower,Reduction,Southern Asia,India,NHPC Ltd,2014.0,100450.0,2.03,,No,No
VCS1437,"Alaçati Wind Power Project, Turkey",VCS,Registered,Renewable Energy,Wind,Reduction,Western Asia,Türkiye,Egenda Ege Enerji Uretim A.S,2016.0,87145.0,2.76,B,No,No
VCS1438,"Germiyan Wind Power Project, Turkey",VCS,Registered,Renewable Energy,Wind,Reduction,Western Asia,Türkiye,Egenda Ege Enerji Uretim A.S,2016.0,68212.0,2.65,CCC,No,No
VCS1439,"Urla Wind Power Project, Turkey",VCS,Registered,Renewable Energy,Wind,Reduction,Western Asia,Türkiye,Egenda Ege Enerji Uretim A.S,2016.0,83628.0,2.13,CCC,No,No
VCS1440,"Landfill Gas to Energy Facility at the Nejapa Landfill Site, El Salvador",VCS,Late to verify,Waste Management,Landfill Methane,Reduction,Latin America and the Caribbean,El Salvador,Credits transferred from approved GHG program,2010.0,238399.0,3.49,AA,No,No
VCS1441,"Bundled clean energy project in jamnagar, Gujarat",VCS,Registered,Renewable Energy,RE Bundled,Reduction,Southern Asia,India,Vish Wind Infrastructure LLP,2012.0,48231.0,1.66,CCC,No,No
VCS1444,"Three Gorges New Energy Jiuquan Co., Ltd Guazhou 100MW Solar Power Project",VCS,Registered,Renewable Energy,Solar - Centralized,Reduction,Eastern Asia,China,"Three Gorges New Energy Jiuquan Co., Ltd",2014.0,132204.0,1.16,CCC,No,No
VCS1446,Sichuan Furong Coal Mine Methane Utilization Project,VCS,Registered,Industrial & Commercial,Mine Methane Capture,Reduction,Eastern Asia,China,Sichuan Furong Group's Limited Industrial Company,2010.0,1334420.0,3.58,,No,No
VCS1447,199.70 MW Wind Project in Maharashtra by BWDPL,VCS,Registered,Renewable Energy,Wind,Reduction,Southern Asia,India,Bothe Windfarm Development Pvt. Ltd.,2013.0,602044.0,1.89,,No,No
VCS1453,Gansu Ganzhou District Nantan Phase I 50MWp Solar Photovoltaic Power Project,VCS,Registered,Renewable Energy,Solar - Centralized,Reduction,Eastern Asia,China,"Gansu Heihe Hydropower New Energy Development Co., Ltd.",2013.0,97453.0,1.45,,No,No
VCS1459,"Gokgedik 24.882 MWm / 24.266 MWe Runoff river HEPP, Turkey",VCS,Registered,Renewable Energy,Hydropower,Reduction,Western Asia,Türkiye,Uhud Enerji Uretim Tic. ve San. A.S.,2012.0,187254.0,2.28,CCC,No,No
VCS1461,Grouped Connect Solar PV Power Generation Project in China,VCS,Registered,Renewable Energy,Solar - Centralized,Reduction,Eastern Asia,China,"China Three Gorges Renewables (Group) Co., Ltd.",2013.0,879027.0,1.8,CCC,No,No
VCS1463,India Sundarbans Mangrove Restoration,VCS,Registered,Forestry & Land Use,Wetland Restoration,Mixed,Southern Asia,India,Livelihoods Fund SICAV SIF,2015.0,270742.0,19.1,,Yes,No
VCS1464,Alkumru Hydroelectric Power Plant,VCS,Registered,Renewable Energy,Hydropower,Reduction,Western Asia,Türkiye,Limak Hidroelektrik Santral Yatırımları Anonim Sirketi,2011.0,207546.0,1.98,B,No,No
VCS1465,Bundled Wind Power Project in Rajasthan by Orange Renewable Power Private Limited,VCS,Registered,Renewable Energy,Wind,Reduction,Southern Asia,India,Orange Renewable Power Private Limited,2013.0,286225.0,2.06,BBB,No,No
VCS1468,Northern Kenya Grassland Carbon Project,VCS,Registered,Forestry & Land Use,Sustainable Grassland Management,Mixed,Sub-Saharan Africa,Kenya,Northern Rangelands Trust,2016.0,4787626.0,13.39,,Yes,No
VCS1477,Katingan Peatland Restoration and Conservation Project,VCS,Verification approval requested,Forestry & Land Use,Wetland Restoration,Mixed,South-Eastern Asia,Indonesia,PT. Rimba Makmur Utama (PT. RMU),2015.0,2946167.0,26.14,BBB,Yes,No
VCS1479,Wind Power Project of CLP Wind Farms (India) Private Limited at Jath,VCS,Crediting Period Renewal and Verification Approval Requested,Renewable Energy,Wind,Reduction,Southern Asia,India,Apraava Renewable Energy Private Limited,2014.0,228126.0,2.02,B,No,No
VCS1480,"Wind power project in Maharashtra, India - Andhra Lake Phase - I",VCS,Registered,Renewable Energy,Wind,Reduction,Southern Asia,India,Apraava Renewable Energy Private Limited,2011.0,250414.0,2.29,B,No,No
VCS1481,"Wind power project in Maharashtra, India - Andhra Lake Phase - II",VCS,Registered,Renewable Energy,Wind,Reduction,Southern Asia,India,Apraava Renewable Energy Private Limited,2011.0,291298.0,2.52,CCC,No,No
VCS1482,"Wind Energy Project in Harapanahalli, Karnataka",VCS,Verification approval requested,Renewable Energy,Wind,Reduction,Southern Asia,India,Apraava Renewable Energy Private Limited,2011.0,105465.0,2.09,CCC,No,No
VCS1483,La Ferme - Bambous solar photovoltaic power plant,VCS,Registered,Renewable Energy,Solar - Centralized,Reduction,Sub-Saharan Africa,Mauritius,Sarako Pvp Co Ltd,2014.0,64441.0,1.62,CCC,No,No
VCS1485,Chorokhi Hydro Power Plant Project,VCS,Registered,Renewable Energy,Hydropower,Reduction,Western Asia,Georgia,Achar Energy 2007 Ltd. Co.,2017.0,76974.0,2.68,B,No,No
VCS1493,"Mangrove restoration and coastal greenbelt protection in the East coast of Aceh and North Sumatra Province, Indonesia",VCS,Verification approval requested,Forestry & Land Use,Wetland Restoration,Mixed,South-Eastern Asia,Indonesia,Livelihoods Fund SICAV SIF,2015.0,102684.0,19.33,,Yes,No
VCS1496,Jubilación Segura : Agroforestry And Reforestation With Smallscale Farmers in Peru,VCS,Registered,Forestry & Land Use,Afforestation/Reforestation,Impermanent Removal,Latin America and the Caribbean,Peru,The PURE PROJECT SAS,2015.0,23364.0,22.08,B,Yes,No
VCS1497,VCS Grouped Project for Renewable Power Generation by Essel Mining and Industries Limited,VCS,Crediting Period Renewal and Verification Approval Requested,Renewable Energy,RE Bundled,Reduction,Southern Asia,India,Multiple Proponents,2014.0,635604.0,2.17,,No,No
VCS1499,Toros Hydroelectric Power Plant,VCS,Registered,Renewable Energy,Hydropower,Reduction,Western Asia,Türkiye,Aydem Yenilenebilir Enerji A.Ş.,2013.0,201122.0,2.13,BBB,No,No
VCS1500,Reis Enerji Grouped HEPP Project,VCS,Registered,Renewable Energy,Hydropower,Reduction,Western Asia,Türkiye,Reis Rs Enerji Elektrik Üretim Sanayi ve Ticaret A.Ş.,2016.0,42252.0,2.34,CCC,No,No
VCS1502,"Reduction of GHG emissions in Propylene Oxide production at MTP HPPO Manufacturing Co., Ltd",VCS,Late to verify,Chemical Processes,Propylene Oxide Production,Reduction,South-Eastern Asia,Thailand,MTP HPPO Manufacturing Co.,2011.0,129969.0,6.89,AA,No,No
VCS1503,RESEX Rio Preto-Jacundá REDD+ Project,VCS,Registered,Forestry & Land Use,REDD+,Reduction,Latin America and the Caribbean,Brazil,Multiple Proponents,2013.0,7173.0,13.39,CCC,Yes,Yes
VCS1506,Cirakdami Hydro Electricity Power Plant,VCS,Registered,Renewable Energy,Hydropower,Reduction,Western Asia,Türkiye,Aydem Yenilenebilir Enerji A.Ş.,2012.0,30174.0,2.07,CCC,No,No
VCS1520,"Wind Project in Maharashtra, India by Kayathar and Jath",VCS,Registered,Renewable Energy,Wind,Reduction,Southern Asia,India,M/s NSL Wind Power Company (Kayathar) Pvt. Ltd.,2015.0,93305.0,2.51,,No,No
VCS1521,Wind Based Power Generation by Mytrah Energy (India) Limited (EKIESL-VCS-January-16-01),VCS,Registered,Renewable Energy,Wind,Reduction,Southern Asia,India,JSW NEO ENERGY LIMITED,2014.0,967792.0,2.97,BB,No,No
VCS1522,Soubre Hydropower Project,VCS,Registered,Renewable Energy,Hydropower,Reduction,Sub-Saharan Africa,Côte d'Ivoire,CI-ENERGIES,2017.0,4556072.0,1.77,CCC,No,No
VCS1523,"Wind Based Power Generation by Panama Wind Energy Godawari Private Limited, Pune in the State of Maharashtra, India",VCS,Registered,Renewable Energy,Wind,Reduction,Southern Asia,India,Panama Wind Energy Godawari Private Limited,2014.0,138849.0,2.39,BB,No,No
VCS1529,Inner Mongolia Chao'er Improved Forest Management Project,VCS,On Hold - see notification letter,Forestry & Land Use,Improved Forest Management,Mixed,Eastern Asia,China,Chaoer Forest Bureau of Inner Mongolia Autonomous Region,2010.0,213211.0,8.75,B,Yes,No
VCS1530,Grouped Project for Commercial Forest Plantations Initiatives in the Department of Vichada,VCS,Registered,Forestry & Land Use,Afforestation/Reforestation,Impermanent Removal,Latin America and the Caribbean,Colombia,Multiple Proponents,2011.0,100057.0,17.45,BBB,No,No
VCS1532,COMACO Landscape Management Project,VCS,On Hold - see notification letter,Forestry & Land Use,REDD+,Reduction,Sub-Saharan Africa,Zambia,Community Markets for Conservation (COMACO),2013.0,544739.0,7.51,BB,Yes,No
VCS1533,Grouped Dairy Manure Separation Projects; Phase I,VCS,Late to verify,Agriculture,Solid Waste Separation,Reduction,North America,United States,Green Dream Farm,2014.0,1020.0,14.83,BB,No,No
VCS1535,Biomass/Biogas based heat and power generation at Everest Starch,VCS,Registered,Renewable Energy,Biomass,Reduction,Southern Asia,India,Everest Starch India Private Limited,2014.0,115048.0,3.18,B,No,No
VCS1538,ECO2 Rubber Forests Guatemala,VCS,Verification approval requested,Forestry & Land Use,Afforestation/Reforestation,Impermanent Removal,Latin America and the Caribbean,Guatemala,"Negocios Energeticos De Occidente, S.A.",2016.0,90500.0,22.82,BB,Yes,No
VCS1539,Gangakhed Sugar & Energy Private Ltd (GSEPL) 30 MW Bagasse Based Co-generation Power Project,VCS,Registered,Renewable Energy,Biomass,Reduction,Southern Asia,India,Gangakhed Sugar & Energy Private Limited (GSEPL),2011.0,119248.0,2.54,B,No,No
VCS1541,Lacandon – Forest for life REDD+ Project,VCS,Late to verify,Forestry & Land Use,REDD+,Reduction,Latin America and the Caribbean,Guatemala,Multiple Proponents,2012.0,1403067.0,12.76,B,Yes,No
VCS1542,Yunnan Kunming Liangqu Improved Forest Management Project,VCS,On Hold - see notification letter,Forestry & Land Use,Improved Forest Management,Mixed,Eastern Asia,China,"Kunming Yuming Investment Development Co., Ltd.",2011.0,91967.0,11.18,B,Yes,No
VCS1543,Bosques del Uruguay Afforestation through High Quality Timber in Grasslands Project,VCS,Registered,Forestry & Land Use,Afforestation/Reforestation,Impermanent Removal,Latin America and the Caribbean,Uruguay,Agroempresa Forestal S.A .,2013.0,493350.0,16.62,A,Yes,No
VCS1546,Usak Wind Power Plant,VCS,Registered,Renewable Energy,Wind,Reduction,Western Asia,Türkiye,Aydem Yenilenebilir Enerji A.Ş.,2014.0,39287.0,2.08,BBB,No,No
VCS1547,5MW Biomass Based Cogeneration Project at Sainsons,VCS,Registered,Renewable Energy,Biomass,Reduction,Southern Asia,India,Multiple Proponents,2017.0,30847.0,1.93,BB,No,No
VCS1549,AAC Block Project By Aerocon Buildwell Pvt. Ltd. (EKIESL- June 2016-02),VCS,Registered,Industrial & Commercial,Brick Manufacturing Emission Reductions,Reduction,Southern Asia,India,Aerocon Buildwell Pvt Ltd,2014.0,62318.0,2.6,B,No,No
VCS1554,La Mina Hydropower Plant,VCS,Verification approval requested,Renewable Energy,Hydropower,Reduction,Latin America and the Caribbean,Chile,Colbun S.A.,2018.0,60613.0,2.23,CCC,No,No
VCS1558,"Agroforestry and forest restoration for ecological connectivity, poverty reduction and biodiversity conservation in Cerro San Gil, Caribbean Guatemala",VCS,Registered,Forestry & Land Use,Afforestation/Reforestation,Impermanent Removal,Latin America and the Caribbean,Guatemala,Livelihoods Fund SICAV SIF,2016.0,137492.0,20.81,,Yes,No
VCS1560,Tejuva-Chandgarh Wind Project,VCS,Registered,Renewable Energy,Wind,Reduction,Southern Asia,India,CLP Wind Farms (India) Private Limited,2015.0,484938.0,1.86,,No,No
VCS1566,REDD+ Project Resguardo Indigena Unificado Selva de Mataven (RIU SM),VCS,Verification approval requested,Forestry & Land Use,REDD+,Reduction,Latin America and the Caribbean,Colombia,Multiple Proponents,2013.0,6687958.0,10.07,B,Yes,No
VCS1569,Karacabey Wind Power Project,VCS,Registered,Renewable Energy,Wind,Reduction,Western Asia,Türkiye,Yalova Rüzgar Enerjisinden Elektrik Üretim Anonim Sirketi,2016.0,255924.0,2.58,BB,No,No
VCS1570,BUNDLED WIND VCS PROJECT BY EKIESL (EKIESL- VCS.SEPT 2016-01),VCS,Late to verify,Renewable Energy,Wind,Reduction,Southern Asia,India,Multiple Proponents,2016.0,68224.0,2.93,CCC,No,No
VCS1571,Manoa REDD+ Project,VCS,Verification approval requested,Forestry & Land Use,REDD+,Reduction,Latin America and the Caribbean,Brazil,Manoa Sustentável Exploração e Serviçoes Florestais LTDA,2013.0,45390.0,14.9,,Yes,No
VCS1572,Maldonado II Wind Farm,VCS,Registered,Renewable Energy,Wind,Reduction,Latin America and the Caribbean,Uruguay,"R DEL ESTE, S.A.",2016.0,434291.0,2.39,B,No,No
VCS1577,Fujian Yong'an Improved Forest Management Project,VCS,On Hold - see notification letter,Forestry & Land Use,Improved Forest Management,Mixed,Eastern Asia,China,"Yong'an Forestry Bureau of Fujian province, P.R.China",2011.0,322276.0,11.09,BB,Yes,No
VCS1580,Solar Grouped project by ACME Group (EKIESL-VCS-Aug-16-01),VCS,Registered,Renewable Energy,Solar - Centralized,Reduction,Southern Asia,India,Multiple Proponents,2015.0,239989.0,1.41,CCC,No,No
VCS1582,Wind Grouped project by Hero Future Energies Private Limited (EKIESL-VCS-Aug-16-03),VCS,Verification approval requested,Renewable Energy,Wind,Reduction,Southern Asia,India,Hero Future Energies Private Limited,2016.0,774487.0,2.54,BB,No,No
VCS1587,Fatma WEPP,VCS,Verification approval requested,Renewable Energy,Wind,Reduction,Western Asia,Türkiye,Derne Temiz Enerji A.S.,2016.0,435962.0,4.49,,No,No
VCS1622,REDD+ Project for Caribbean Guatemala: The Conservation Coast,VCS,Verification approval requested,Forestry & Land Use,REDD+,Reduction,Latin America and the Caribbean,Guatemala,Fundacion para el Ecodesarrollo y la Conservacion [FUNDAECO],2012.0,1080056.0,8.47,,Yes,No
VCS1623,Denizli Bundled Solar Project,VCS,Registered,Renewable Energy,Solar - Centralized,Reduction,Western Asia,Türkiye,Yesilvadi Elektrik Üretim A.S.,2015.0,40434.0,1.53,CCC,No,No
VCS1644,Larimar Wind Farm Project,VCS,Registered,Renewable Energy,Wind,Reduction,Latin America and the Caribbean,Dominican Republic,EMPRESA GENERADORA DE ELECTRICIDAD HAINA S.A. (EGE HAINA),2016.0,522107.0,2.63,,No,No
VCS1650,Reduced Emissions from Deforestation and Degradation in Keo Seima Wildlife Sanctuary,VCS,Registered,Forestry & Land Use,REDD+,Reduction,South-Eastern Asia,Cambodia,"Royal Government of Cambodia (RGC), Ministry of Environment",2013.0,3619483.0,6.86,B,Yes,No
VCS1651,AAC Block Manufacturing Using Energy Efficient Technology by JKLCL,VCS,Late to verify,Industrial & Commercial,Brick Manufacturing Emission Reductions,Reduction,Southern Asia,India,JK Lakshmi Cement Ltd.,2016.0,71545.0,4.3,BB,No,No
VCS1654,Fortaleza Ituxi REDD Project,VCS,On Hold - see notification letter,Forestry & Land Use,REDD+,Reduction,Latin America and the Caribbean,Brazil,Fazenda Nossa Senhora das Cachoeiras do Ituxi,2015.0,112222.0,10.19,B,Yes,No
VCS1660,Wind bundle project in Maharashtra by Sispara,VCS,Verification approval requested,Renewable Energy,Wind,Reduction,Southern Asia,India,M/s Sispara Renewable Power Private Limited,2015.0,62927.0,2.25,CCC,No,No
VCS1661,Costa Rica Grouped Wind Project,VCS,Verification approval requested,Renewable Energy,Wind,Reduction,Latin America and the Caribbean,Costa Rica,"Alisios Holdings, S.A.",2018.0,180089.0,1.78,CCC,No,No
VCS1663,Fazenda Sao Paulo Afforestation,VCS,On Hold - see notification letter,Forestry & Land Use,Afforestation/Reforestation,Impermanent Removal,Latin America and the Caribbean,Brazil,MARONESE SERVICOS AGRICOLAS E LOCACAO LTDA,2013.0,18634.0,24.16,BB,Yes,No
VCS1664,Yunnan Xishuangbanna Improved Forest Management Project,VCS,On Hold - see notification letter,Forestry & Land Use,Improved Forest Management,Mixed,Eastern Asia,China,"Xishuangbanna Forestry Bureau of Yunnan province, P.R.China.",2012.0,129417.0,10.74,BB,No,No
VCS1665,HPP Project Liberia,VCS,Registered,Renewable Energy,Biomass,Reduction,Sub-Saharan Africa,Liberia,Liberian Agricultural Company,2018.0,9680.0,3.11,BB,No,No
VCS1667,Çerçikaya Wind Power Project,VCS,Registered,Renewable Energy,Wind,Reduction,Western Asia,Türkiye,ZT Enerji Elektrik Üretim San. Ve Tic. A.S.,2015.0,641887.0,3.27,BBB,No,No
VCS1669,Bundled Wind Power Project by Giriraj Enterprises,VCS,Verification approval requested,Renewable Energy,Wind,Reduction,Southern Asia,India,Giriraj Enterprises,2015.0,24599.0,3.54,B,No,No
VCS1670,Bundled Solar Power Project by D.J. Malpani and Giriraj Enterprises,VCS,Verification approval requested,Renewable Energy,Solar - Centralized,Reduction,Southern Asia,India,Multiple Proponents,2015.0,25393.0,1.46,B,No,No
VCS1671,"Wind based power generation by Panama Wind Energy Private Limited in Maharashtra, India",VCS,Registered,Renewable Energy,Wind,Reduction,Southern Asia,India,Panama Wind Energy Private Limited,2016.0,247823.0,1.89,BB,No,No
VCS1679,"Bundled Wind Power Project in Madhya Pradesh, Gujarat and Kerala by D.J. Malpani",VCS,Verification approval requested,Renewable Energy,Wind,Reduction,Southern Asia,India,D. J Malpani,2016.0,125711.0,2.43,B,No,No
VCS1682,Regenerating Colombian Coffee Ecosystems,VCS,Registered,Forestry & Land Use,Afforestation/Reforestation,Impermanent Removal,Latin America and the Caribbean,Colombia,The PURE PROJECT SAS,2015.0,40623.0,30.02,A,Yes,No
VCS1683,Kahone Solar PV Plant,VCS,Registered,Renewable Energy,Solar - Centralized,Reduction,Sub-Saharan Africa,Senegal,ENERGY RESOURCES SENEGAL SA,2018.0,65417.0,1.33,,No,No
VCS1684,"Mitigation of GHG: Rubber based agro-forestry system for sustainable development and poverty reduction in Pakkading, Bolikhamsay Province, Lao PDR",VCS,Registered,Forestry & Land Use,Afforestation/Reforestation,Impermanent Removal,South-Eastern Asia,Laos,Lao Thai Hua Rubber Co. Ltd,2015.0,37597.0,25.83,A,Yes,No
VCS1685,Grid connected 25 MW PV solar power project at Charanka in Gujarat,VCS,Registered,Renewable Energy,Solar - Centralized,Reduction,Southern Asia,India,GMR Gujarat Solar Power Private Limited,2012.0,9537.0,1.53,B,No,No
VCS1686,Agrocortex REDD Project,VCS,Registered,Forestry & Land Use,REDD+,Reduction,Latin America and the Caribbean,Brazil,Agrocortex Madeiras do Acre Agroflorestal Ltda.,2014.0,970829.0,8.33,CCC,Yes,No
VCS1689,Tumring REDD+ Project,VCS,Late to verify,Forestry & Land Use,REDD+,Reduction,South-Eastern Asia,Cambodia,"The Royal Government of Cambodia, Forestry Administration",2015.0,563648.0,13.49,BB,Yes,No
VCS1691,5 MW Upper Awa Hydro Power Project in Himachal Pradesh by M/s Astha Projects (India) Limited,VCS,Registered,Renewable Energy,Hydropower,Reduction,Southern Asia,India,M/s Astha Projects (India) Limited,2008.0,105521.0,1.36,,No,No
VCS1695,PAYMENT FOR ENVIRONMENTAL SERVICES SCHEME FOR FOREST MANAGEMENT AND CONSERVATION OF WATER SOURCES IN THE JURISDICTION OF CORPOCHIVOR,VCS,Registered,Forestry & Land Use,REDD+,Reduction,Latin America and the Caribbean,Colombia,Local Environmental Authority of Chivor (CORPOCHIVOR– Corporación Autónoma Regional de Chivor),2015.0,5014.0,9.17,B,Yes,No
VCS1709,140 MW Solar Photovoltaic Project in Rajasthan,VCS,Registered,Renewable Energy,Solar - Centralized,Reduction,Southern Asia,India,Multiple Proponents,2017.0,611119.0,1.88,CCC,No,No
VCS1712,Replacement of existing luminaires with LED lighting luminaires in several buildings across 12 Town Councils in Singapore,VCS,Registered,Household & Community,Lighting,Reduction,South-Eastern Asia,Singapore,Multiple Proponents,2017.0,36901.0,6.84,BB,No,No
VCS1715,Inner Mongolia Wu'erqihan IFM (conversion of logged to protected forest) Project,VCS,On Hold - see notification letter,Forestry & Land Use,Improved Forest Management,Mixed,Eastern Asia,China,Multiple Proponents,2013.0,700296.0,11.75,B,Yes,No
VCS1716,Matebe Hydroelectric plant,VCS,Registered,Renewable Energy,Hydropower,Reduction,Sub-Saharan Africa,DRC,Virunga Energies,2016.0,109533.0,2.32,B,No,No
VCS1718,Inner Mongolia Keyihe IFM (conversion of logged to protected forest) Project,VCS,On Hold - see notification letter,Forestry & Land Use,Improved Forest Management,Mixed,Eastern Asia,China,Inner Mongolia Keyihe Forest Industry LLC.,2013.0,223593.0,11.12,CCC,Yes,No
VCS1720,ONIL Stoves —Guatemala – CPA 002,VCS,Registered,Household & Community,Cookstoves,Reduction,Latin America and the Caribbean,Guatemala,Multiple Proponents,2015.0,101509.0,8.3,BB,No,No
VCS1721,ONIL Stoves  Guatemala Uspantan,VCS,Registered,Household & Community,Cookstoves,Reduction,Latin America and the Caribbean,Guatemala,Multiple Proponents,2010.0,52734.0,12.13,B,No,No
VCS1723,Escuela de Minas Hydroelectric Project,VCS,Registered,Renewable Energy,Hydropower,Reduction,Latin America and the Caribbean,Colombia,HIDROELECTRICA DEL ALTO PORCE S.A.S E.S.P,2019.0,312529.0,3.19,BB,No,No
VCS1728,Bundled Wind Power Project by Mytrah Group,VCS,Crediting Period Renewal Requested,Renewable Energy,Wind,Reduction,Southern Asia,India,Multiple Proponents,2016.0,2839365.0,2.49,BB,No,No
VCS1732,Kinik Wind Power Plant,VCS,Registered,Renewable Energy,Wind,Reduction,Western Asia,Türkiye,Esinti Enerji Uretim Ticaret ve Sanayi Anonim Sirketi.,2016.0,343268.0,2.85,BB,No,No
VCS1733,Nouakchott 30 MW wind power plant,VCS,Registered,Renewable Energy,Wind,Reduction,Sub-Saharan Africa,Mauritania,SOMELEC,2016.0,151971.0,2.74,AA,No,No
VCS1734,Large scale grid connected solar PV Project in Toujounine (Nouakchott),VCS,Registered,Renewable Energy,Solar - Centralized,Reduction,Sub-Saharan Africa,Mauritania,SOMELEC,2017.0,64828.0,1.9,B,No,No
VCS1735,Negros Island Solar Power Inc.,VCS,Registered,Renewable Energy,Solar - Centralized,Reduction,South-Eastern Asia,Philippines,Negros Island Solar Power Inc.,2016.0,29800.0,2.02,BB,No,No
VCS1736,Grid connected electricity generation plant using natural gas at Jurong Island in Singapore,VCS,Verification approval requested,Industrial & Commercial,Natural Gas Electricity Generation,Reduction,South-Eastern Asia,Singapore,Pacificlight Power Pte. Ltd.,2014.0,1060598.0,5.1,AA,No,No
VCS1739,3 MW Hydro Power Project by Darjeeling Power Pvt. Ltd.,VCS,Registered,Renewable Energy,Hydropower,Reduction,Southern Asia,India,Darjeeling Power Pvt. Ltd,2016.0,7300.0,2.4,BBB,No,No
VCS1740,Reforestation with Teak  CO2e TEAKMEX,VCS,Registered,Forestry & Land Use,Afforestation/Reforestation,Impermanent Removal,Latin America and the Caribbean,Mexico,Agropecuaria Santa Genoveva S.A.P.I. de C.V,2013.0,257964.0,18.56,B,Yes,No
VCS1741,Yumrutepe Regulator and 15.013 MW Hydroelectric Power Plant Project,VCS,Registered,Renewable Energy,Hydropower,Reduction,Western Asia,Türkiye,YUMRUTEPE ENERJI URETIM ANONIM SIRKETI,2016.0,52367.0,2.59,CCC,No,No
VCS1742,Hydroelectric Project in Kinnaur District in Himachal Pradesh,VCS,Registered,Renewable Energy,Hydropower,Reduction,Southern Asia,India,JSW Hydro Energy Limited,2014.0,17158951.0,1.83,CCC,No,No
VCS1744,4 MW Biomass based cogeneration plant by Godrej Agrovet Ltd.,VCS,Registered,Renewable Energy,Biomass,Reduction,Southern Asia,India,Godrej Agrovet Limited,2018.0,91923.0,2.82,CCC,No,No
VCS1745,Bundled Solar Power Project by Vector Green Sunshine Private Limited and Polepally Solar Parks Private Limited,VCS,Registered,Renewable Energy,Solar - Centralized,Reduction,Southern Asia,India,Multiple Proponents,2016.0,391471.0,1.3,CCC,No,No
VCS1746,108 MW Fatanpur Wind Power Project in Madhya Pradesh,VCS,Verification approval requested,Renewable Energy,Wind,Reduction,Southern Asia,India,Vena Energy Fatanpur Power Private Limited,2016.0,3113.0,2.47,BB,No,No
VCS1748,Southern Cardamom REDD+ Project,VCS,Verification approval requested,Forestry & Land Use,REDD+,Reduction,South-Eastern Asia,Cambodia,"Royal Government of Cambodia (RGC), Ministry of Environment",2015.0,19046389.0,11.98,B,Yes,No
VCS1752,TW Ghana ODS Project,VCS,Late to verify,Chemical Processes,Ozone Depleting Substances Recovery & Destruction,Reduction,Sub-Saharan Africa,Ghana,"Tradewater, LLC",2018.0,3000.0,8.03,AAA,No,No
VCS1753,Bundled Solar Photovoltaic Project by ACME,VCS,Registered,Renewable Energy,Solar - Centralized,Reduction,Southern Asia,India,Multiple Proponents,2017.0,3422067.0,2.19,CCC,No,No
VCS1754,"Reading Wind Energy, LLC",VCS,Registered,Renewable Energy,Wind,Reduction,North America,United States,Southern Power Company,2020.0,2052627.0,1.62,BB,No,No
VCS1758,Dereli Hydroelectric Power Plant,VCS,Registered,Renewable Energy,Hydropower,Reduction,Western Asia,Türkiye,Aydem Yenilenebilir Enerji A.S.,2014.0,9591.0,1.45,B,No,No
VCS1759,Methane Recovery and Power Generation Project at ESIPL,VCS,Registered,Waste Management,Methane Recovery in Wastewater,Reduction,Southern Asia,India,Everest Starch India Pvt. Ltd.,2016.0,123002.0,6.28,AA,No,No
VCS1762,Bundled Solar Power Project by Solararise India Projects PVT. LTD.,VCS,Verification approval requested,Renewable Energy,Solar - Centralized,Reduction,Southern Asia,India,SolarArise India Projects Pvt. Ltd.,2016.0,774733.0,1.57,CCC,No,No
VCS1764,"Reforestation and Restoration of degraded mangrove lands, sustainable livelihoods and community development in Myanmar",VCS,Registered,Forestry & Land Use,Wetland Restoration,Mixed,South-Eastern Asia,Myanmar,Worldview International Foundation,2018.0,69384.0,27.62,AA,Yes,No
VCS1766,Outapi Pv Plant,VCS,Registered,Renewable Energy,Solar - Centralized,Reduction,Sub-Saharan Africa,Namibia,Camelthorm Business Ventures No. 2,2018.0,30165.0,2.25,CCC,No,No
VCS1767,Bundled Solar Power Project by Mahindra Susten Private Limited,VCS,Registered,Renewable Energy,Solar - Centralized,Reduction,Southern Asia,India,Multiple Proponents,2016.0,556426.0,1.42,CCC,No,No
VCS1768,216 MWac Kamuthi Solar Power Project,VCS,Verification approval requested,Renewable Energy,Solar - Centralized,Reduction,Southern Asia,India,Kamuthi Solar Power Limited,2016.0,81304.0,1.79,CCC,No,No
VCS1769,"Grouped Project for restoration of degraded lands in Jaguar Corridors, Colombia",VCS,Late to verify,Forestry & Land Use,Afforestation/Reforestation,Impermanent Removal,Latin America and the Caribbean,Colombia,Multiple Proponents,2015.0,1997.0,23.35,A,Yes,No
VCS1770,Bundled Solar Power Project by Vector Green Energy Private Limited,VCS,Registered,Renewable Energy,Solar - Centralized,Reduction,Southern Asia,India,Multiple Proponents,2016.0,357029.0,1.39,CCC,No,No
VCS1771,46 MW Mangoli Wind Power Project in Karnataka,VCS,Verification approval requested,Renewable Energy,Wind,Reduction,Southern Asia,India,Vena Energy Fatanpur Power Private Limited,2016.0,393892.0,2.0,B,No,No
VCS1772,Solar and Wind Power Project by NTPC Limited,VCS,Registered,Renewable Energy,RE Bundled,Reduction,Southern Asia,India,NTPC GREEN ENERGY LIMITED,2016.0,576320.0,2.25,CCC,No,No
VCS1774,Grid-connected Solar PV project in Bokhol,VCS,Registered,Renewable Energy,Solar - Centralized,Reduction,Sub-Saharan Africa,Senegal,Senergy 2 SAS,2016.0,2553.0,2.0,B,No,No
VCS1775,Luangwa Community Forests Project,VCS,Registered,Forestry & Land Use,REDD+,Reduction,Sub-Saharan Africa,Zambia,Multiple Proponents,2015.0,671089.0,15.75,A,Yes,No
VCS1776,Wind Power Project by Green Infra Wind Power Generation Limited,VCS,Verification approval requested,Renewable Energy,Wind,Reduction,Southern Asia,India,Green Infra Wind Power Generation Limited,2016.0,518641.0,2.45,CCC,No,No
VCS1782,"Solar PV Power Project by Prayatna Developers Pvt. Ltd. at Bhatinda, Punjab",VCS,Verification approval requested,Renewable Energy,Solar - Centralized,Reduction,Southern Asia,India,Prayatna Developers Private Limited,2016.0,247000.0,1.97,CCC,No,No
VCS1783,72 MWac Ramnad Renewable Energy Project,VCS,Verification approval requested,Renewable Energy,Solar - Centralized,Reduction,Southern Asia,India,Ramnad Renewable Energy Limited,2016.0,315982.0,1.78,CCC,No,No
VCS1784,Solar Power Project by Mytrah Energy India Private Limited,VCS,Verification approval requested,Renewable Energy,Solar - Centralized,Reduction,Southern Asia,India,JSW NEO ENERGY LIMITED,2017.0,1633947.0,1.49,CCC,No,No
VCS1786,Solar Photovoltaic Project by Giriraj Renewables Private Limited,VCS,Registered,Renewable Energy,Solar - Centralized,Reduction,Southern Asia,India,Avaada Energy Private Limited,2018.0,538010.0,1.56,B,No,No
VCS1787,Renewable Power Project by Animala Wind Power Private Limited,VCS,Registered,Renewable Energy,Wind,Reduction,Southern Asia,India,Animala Wind Power Private Limited,2017.0,419705.0,1.9,BB,No,No
VCS1788,Renewable Power Project by Saipuram Wind Energies Private Limited,VCS,Registered,Renewable Energy,Wind,Reduction,Southern Asia,India,Saipuram Wind Energies Private Limited,2017.0,429272.0,3.16,BBB,No,No
VCS1789,Renewable Power Project by SEI Kathiravan Power Private Limited,VCS,Registered,Renewable Energy,RE Bundled,Reduction,Southern Asia,India,SEI Kathiravan Power Private Limited,2017.0,390325.0,2.49,CCC,No,No
VCS1790,Renewable Power Project by Axis Wind Farms (MPR Dam) Private Limited,VCS,Registered,Renewable Energy,Wind,Reduction,Southern Asia,India,Axis Wind Farms (MPR Dam) Private Limited,2017.0,635385.0,1.81,BBB,No,No
VCS1791,Pavagada Solar Renewable Power Project by Greenko Group,VCS,Registered,Renewable Energy,Solar - Centralized,Reduction,Southern Asia,India,SEI Suryashakti Power Private Limited,2017.0,277970.0,1.89,CCC,No,No
VCS1792,Ghani Solar Renewable Power Project by Greenko Group,VCS,Registered,Renewable Energy,Solar - Centralized,Reduction,Southern Asia,India,Zuvan Energy Private Limited,2017.0,1729099.0,1.52,B,No,No
VCS1793,Renewable Power Project by Devarahipparigi Wind Power Private Limited,VCS,Registered,Renewable Energy,Wind,Reduction,Southern Asia,India,Devarahipparigi Wind Power Private Limited,2017.0,807420.0,2.56,B,No,No
VCS1794,Interwaste Landfill gas Grouped Project,VCS,Registered,Waste Management,Landfill Methane,Reduction,Sub-Saharan Africa,South Africa,Interwaste (Pty) Ltd,2018.0,1289.0,6.63,A,No,No
VCS1797,El Molino-San Matias hydroelectric projects,VCS,Verification approval requested,Renewable Energy,Hydropower,Reduction,Latin America and the Caribbean,Colombia,Multiple Proponents,2017.0,265138.0,3.08,BBB,No,No
VCS1798,Hydroelectric projects at Oibita River,VCS,Registered,Renewable Energy,Hydropower,Reduction,Latin America and the Caribbean,Colombia,PCH San Bartolomé S.A.S .ES.P.,2023.0,346141.0,2.23,CCC,No,No
VCS1800,12 MW Raura Hydro Project by DLI Power,VCS,Registered,Renewable Energy,Hydropower,Reduction,Southern Asia,India,DLI Power (India) Private Limited,2019.0,26936.0,2.81,BB,No,No
VCS1803,"Distribution of ONIL Stoves – Mexico, CPA 002",VCS,Registered,Household & Community,Cookstoves,Reduction,Latin America and the Caribbean,Mexico,Multiple Proponents,2017.0,30470.0,11.75,A,No,No
VCS1804,Combio Renewable Biomass Project - Três Marias,VCS,Registered,Renewable Energy,Biomass,Reduction,Latin America and the Caribbean,Brazil,Combio Energia S.A.,2017.0,225646.0,3.96,CCC,No,No
VCS1805,Solar Energy Project(s) by SB Energy Private Limited,VCS,Registered,Renewable Energy,Solar - Centralized,Reduction,Southern Asia,India,Adani Renewable Energy Devco Private Limited,2017.0,2977638.0,1.53,CCC,No,No
VCS1806,Riscales REDD+ Project,VCS,Registered,Forestry & Land Use,REDD+,Reduction,Latin America and the Caribbean,Colombia,Consejo Comunitario General Los Riscales.,2014.0,245700.0,13.93,BB,Yes,No
VCS1807,"Biomass based thermal energy generation project by Dynamic Fine Paper Mill at Polai Kalan, Deegod, Kota",VCS,Registered,Renewable Energy,Biomass,Reduction,Southern Asia,India,Dynamic Fine Paper Mill Pvt. Ltd.,2016.0,14936.0,2.2,CCC,No,No
VCS1811,Jari/Pará REDD+ Project,VCS,Verification approval requested,Forestry & Land Use,REDD+,Reduction,Latin America and the Caribbean,Brazil,Multiple Proponents,2015.0,9610.0,13.67,CCC,Yes,No
VCS1812,VTRM Renewable Energy,VCS,Registered,Renewable Energy,RE Bundled,Reduction,Latin America and the Caribbean,Brazil,AUREN ENERGIA S.A.,2016.0,791805.0,2.08,,No,No
VCS1815,Renewable Solar Power Project by Adani Green Energy Limited,VCS,Registered,Renewable Energy,Solar - Centralized,Reduction,Southern Asia,India,Adani Green Energy Limited,2017.0,1633090.0,1.42,CCC,No,No
VCS1820,Manantiales Behr Wind Farm,VCS,Registered,Renewable Energy,Wind,Reduction,Latin America and the Caribbean,Argentina,YPF Energia Electrica S.A.,2018.0,583152.0,3.07,BBB,No,No
VCS1822,10 MW wind power project by Powerica at BDS - Gujarat,VCS,Registered,Renewable Energy,Wind,Reduction,Southern Asia,India,POWERICA LIMITED,2017.0,59690.0,1.96,A,No,No
VCS1823,"21.8 MW Wind Power Project at Jangi Vandhiya, Gujarat by Powerica Limited",VCS,Registered,Renewable Energy,Wind,Reduction,Southern Asia,India,POWERICA LIMITED,2014.0,118169.0,3.54,BB,No,No
VCS1824,"Liucheng Biomass Power Generation Project in Guangxi Zhuang Autonomous Region, China",VCS,Registered,Renewable Energy,Biomass,Reduction,Eastern Asia,China,"Liuzhou City Xin'neng Biomass Power Generation Co., Ltd.",2009.0,237667.0,2.44,CCC,No,No
VCS1830,Wind Power Project at Theni by Powerica Limited,VCS,Registered,Renewable Energy,Wind,Reduction,Southern Asia,India,POWERICA LIMITED,2010.0,24921.0,2.54,CCC,No,No
VCS1831,"Wind Energy Project at Devbhoomi Dwaraka,Gujarat by Powerica Limited",VCS,Registered,Renewable Energy,Wind,Reduction,Southern Asia,India,POWERICA LIMITED,2015.0,118124.0,1.87,,No,No
VCS1839,CECIC HKC Danjinghe Wind Farm Project,VCS,Late to verify,Renewable Energy,Wind,Reduction,Eastern Asia,China,"CECIC HKE Wind Power CO.,LTD",2015.0,70000.0,2.43,A,No,No
VCS1840,Ovejería Photovoltaic Power Plant,VCS,Verification approval requested,Renewable Energy,Solar - Centralized,Reduction,Latin America and the Caribbean,Chile,Colbun S.A.,2018.0,17526.0,3.81,CCC,No,No
VCS1841,Santa Teresa Hydropower Plant,VCS,Registered,Renewable Energy,Hydropower,Reduction,Latin America and the Caribbean,Peru,INLAND ENERGY,2015.0,666406.0,1.91,CCC,No,No
VCS1842,100 MW SOLAR PROJECT IN BHADLA IN RAJASTHAN.,VCS,Registered,Renewable Energy,Solar - Centralized,Reduction,Southern Asia,India,Clean Sustainable Energy Pvt. Ltd.,2018.0,347147.0,1.99,,No,No
VCS1844,80 MW SOLAR BY FERMI SOLAR FARMS PVT LTD - CHALISGAON.,VCS,Registered,Renewable Energy,Solar - Centralized,Reduction,Southern Asia,India,Fermi Solar Farms Pvt. Ltd.,2018.0,211331.0,2.15,,No,No
VCS1851,Renewable Solar Power Project by ReNew Solar Power Private Limited,VCS,Registered,Renewable Energy,Solar - Centralized,Reduction,Southern Asia,India,ReNew Solar Power Private Limited,2017.0,1948506.0,2.35,BB,No,No
VCS1852,"Northern Fuel Pipeline Transportation Project, Thailand",VCS,Verification approval requested,Transportation,Fuel Transport,Reduction,South-Eastern Asia,Thailand,Multiple Proponents,2019.0,44844.0,8.14,A,No,No
VCS1853,9.9 MW Wind Power Project by KPL International Ltd. in Gujarat,VCS,Registered,Renewable Energy,Wind,Reduction,Southern Asia,India,KPL International Limited,2017.0,61930.0,2.66,B,No,No
VCS1854,20 MWAC (22 MWDC) SKCIL SOLAR POWER PLANT PROJECT,VCS,Registered,Renewable Energy,Solar - Centralized,Reduction,Southern Asia,India,Shri Keshav Cements & Infra Ltd.,2018.0,42456.0,1.78,CCC,No,No
VCS1856,Bundled Wind Power Project by Sembcorp Green Infra Limited in India,VCS,Registered,Renewable Energy,Wind,Reduction,Southern Asia,India,Green Infra Wind Energy Limited,2017.0,815231.0,2.06,BB,No,No
VCS1857,Grouped OFF-GRID Renewable Energy Project in India,VCS,Registered,Renewable Energy,RE Bundled,Reduction,Southern Asia,India,Multiple Proponents,2017.0,1153.0,2.94,CCC,No,No
VCS1859,Heqing Solar Cooker Project II,VCS,Registered,Household & Community,Cookstoves,Reduction,Eastern Asia,China,"Clean Air Trade, Inc.",2016.0,524618.0,11.46,B,No,No
VCS1860,Heqing Solar Cooker Project I,VCS,Registered,Household & Community,Cookstoves,Reduction,Eastern Asia,China,"Clean Air Trade, Inc.",2016.0,580628.0,8.07,B,No,No
VCS1861,3.5MW Manuni Hydro Electric Project in Himanchal Pradesh by Winsome Textile Industries Ltd,VCS,Registered,Renewable Energy,Hydropower,Reduction,Southern Asia,India,Winsome Textile Industries Limited,2019.0,22246.0,2.15,CCC,No,No
VCS1862,Bundled Wind Power Project in Gujarat and Tamil Nadu,VCS,Registered,Renewable Energy,Wind,Reduction,Southern Asia,India,Multiple Proponents,2017.0,36758.0,2.42,B,No,No
VCS1863,ENERGY EFFICIENCY COOK STOVE IMPLEMENTATION IN NEPAL,VCS,Late to verify,Household & Community,Cookstoves,Reduction,Southern Asia,Nepal,Enen Green Services Private Limited,2017.0,13928.0,10.07,BBB,No,No
VCS1867,Ningxia Xiangshan Wind Farm Project,VCS,Registered,Renewable Energy,Wind,Reduction,Eastern Asia,China,"Ningxia Zhongwei Aluminum New Energy Co., Ltd",2017.0,2388013.0,2.03,CCC,No,No
VCS1870,Gezin Solar Power Project,VCS,Registered,Renewable Energy,Solar - Centralized,Reduction,Western Asia,Türkiye,Solarges Elektrik Üretim A.Ş,2018.0,6473.0,2.32,CCC,No,No
VCS1875,Guangxi Fusui Qiquan biomass power generation project,VCS,Registered,Renewable Energy,Biomass,Reduction,Eastern Asia,China,"Guangxi Fusui Qiquan biomass power generation Co., Ltd.",2018.0,32556.0,2.64,B,No,No
VCS1877,Thangarabalu Small Hydel Project at Karnataka,VCS,Late to verify,Renewable Energy,Hydropower,Reduction,Southern Asia,India,Kare Power Resources Private Limited. (KPRPL),2015.0,2581.0,2.58,BB,No,No
VCS1878,"Bundled renewable energy project in Gujarat and Karnataka, India",VCS,Registered,Renewable Energy,Wind,Reduction,Southern Asia,India,Multiple Proponents,2018.0,38443.0,2.17,CCC,No,No
VCS1883,Pichacay Landfill Gas Renewable Energy Project,VCS,Registered,Waste Management,Landfill Methane,Reduction,Latin America and the Caribbean,Ecuador,EMAC-BGP ENERGY COMPANÍA DE ECONOMÍA MIXTA CEM,2017.0,61058.0,4.29,BB,No,No
VCS1884,Bikes for the Planet - Brazil,VCS,Registered,Transportation,Bicycles,Reduction,Latin America and the Caribbean,Brazil,ZSCORE S. A.,2018.0,2840.0,5.44,AA,No,No
VCS1885,Ejuva One and Ejuva Two Solar Projects,VCS,Registered,Renewable Energy,Solar - Centralized,Reduction,Sub-Saharan Africa,Namibia,Multiple Proponents,2017.0,51267.0,2.55,BBB,No,No
VCS1890,Grid Connected Solar Energy Project,VCS,Verification approval requested,Renewable Energy,Solar - Centralized,Reduction,Southern Asia,India,Apraava Energy Private Limited,2017.0,384473.0,1.3,B,No,No
VCS1891,Kishanganga Hydroelectric Project,VCS,Registered,Renewable Energy,Hydropower,Reduction,Southern Asia,India,NHPC Ltd,2018.0,376979.0,2.98,,No,No
VCS1893,"18 MW Kemphole Mini Hydel Scheme (KMHS), by International Power Corporation Limited, India",VCS,Registered,Renewable Energy,Hydropower,Reduction,Southern Asia,India,International Power Corporation Limited,2014.0,111076.0,2.57,BB,No,No
VCS1896,Hunan Northern and Northwestern Area Afforestation Project,VCS,On Hold - see notification letter,Forestry & Land Use,Afforestation/Reforestation,Impermanent Removal,Eastern Asia,China,"Jilin Forest Industry Environmental Technology Co., Ltd.",2018.0,47306.0,24.45,B,Yes,No
VCS1897,Ntakata Mountains REDD,VCS,Registered,Forestry & Land Use,REDD+,Reduction,Sub-Saharan Africa,Tanzania,Carbon Tanzania,2018.0,317600.0,13.69,B,Yes,No
VCS1898,50 MW Tsetsii Wind Farm in Mongolia,VCS,Registered,Renewable Energy,Wind,Reduction,Eastern Asia,Mongolia,Clean Energy Asia LLC.,2017.0,567172.0,2.64,B,No,No
VCS1899,Sumatra Merang Peatland Project (SMPP),VCS,Registered,Forestry & Land Use,Wetland Restoration,Mixed,South-Eastern Asia,Indonesia,Multiple Proponents,2016.0,44926.0,32.06,BBB,Yes,No
VCS1900,Makame Savannah REDD,VCS,Registered,Forestry & Land Use,REDD+,Reduction,Sub-Saharan Africa,Tanzania,Carbon Tanzania,2017.0,338751.0,18.04,CCC,Yes,No
VCS1903,VTRM Renewable Energy 2,VCS,Registered,Renewable Energy,Wind,Reduction,Latin America and the Caribbean,Brazil,AUREN ENERGIA S.A.,2017.0,811247.0,1.6,BBB,No,No
VCS1904,Wind Power Project in Tamil Nadu by Green Infra Renewable Energy Limited,VCS,Verification approval requested,Renewable Energy,Wind,Reduction,Southern Asia,India,Green Infra Renewable Energy Limited,2018.0,2618165.0,1.94,B,No,No
VCS1905,"Kocalar Wind Power Project, Turkey",VCS,Registered,Renewable Energy,Wind,Reduction,Western Asia,Türkiye,Isider Enerji Uretim Pazarlama Ithalat ve Ihracat A.S.,2019.0,363262.0,2.99,B,No,No
VCS1906,"Hasanoba Wind Power Project, Turkey",VCS,Verification approval requested,Renewable Energy,Wind,Reduction,Western Asia,Türkiye,Kovanci Enerji Uretim Pazarlama Ithalat ve Ihracat A.S.,2019.0,389107.0,2.81,B,No,No
VCS1907,"Üçpinar Wind Power Project, Turkey",VCS,Registered,Renewable Energy,Wind,Reduction,Western Asia,Türkiye,Derbent Enerji Uretim Pazarlama Ithalat ve Ihracat A.S.,2019.0,1077649.0,2.67,BBB,No,No
VCS1908,"Denizli Wind Power Project, Turkey",VCS,Verification approval requested,Renewable Energy,Wind,Reduction,Western Asia,Türkiye,Korda Enerji Uretim Pazarlama Ithalat ve Ihracat A.S.,2019.0,572198.0,2.7,CCC,No,No
VCS1911,King County Rural Forest Carbon Project,VCS,Registered,Forestry & Land Use,Improved Forest Management,Mixed,North America,United States,King County Department of Natural Resources and Parks,2018.0,53378.0,16.69,BBB,Yes,No
VCS1913,Erzurum Hinis Solar Power Plant,VCS,Registered,Renewable Energy,Solar - Centralized,Reduction,Western Asia,Türkiye,Galata Wind Enerji A.S.,2019.0,41231.0,1.43,,No,No
VCS1914,150 MW Solar Project in Karnataka by Avaada Solar,VCS,Registered,Renewable Energy,Solar - Centralized,Reduction,Southern Asia,India,Avaada Solar Energy Private Limited,2019.0,361743.0,2.32,B,No,No
VCS1915,Ombepo Wind,VCS,Registered,Renewable Energy,Wind,Reduction,Sub-Saharan Africa,Namibia,Ombepo Energy (Pty) Ltd,2017.0,52982.0,2.48,,No,No
VCS1916,Quebec Forestry Sector Carbon Sequestration Grouped Project Pivot,VCS,Registered,Forestry & Land Use,Improved Forest Management,Mixed,North America,Canada,Multiple Proponents,2018.0,44680.0,15.71,A,Yes,No
VCS1918,Paradigm Kenya Clean Cookstoves Project,VCS,Registered,Household & Community,Cookstoves,Reduction,Sub-Saharan Africa,Kenya,"Blue Source, LLC",2017.0,48351.0,7.02,BB,No,No
VCS1920,24.45 MW Biomass based project in Punjab,VCS,Registered,Renewable Energy,Biomass,Reduction,Southern Asia,India,Satia Industries Limited,2017.0,157173.0,3.95,,No,No
VCS1921,Van Solar Power Project,VCS,Registered,Renewable Energy,Solar - Centralized,Reduction,Western Asia,Türkiye,Omicron Güneş Enerjisi Elektrik Üretim ve Tic. A.Ş.,2018.0,188041.0,2.57,BB,No,No
VCS1923,Yaysun-MT Solar Power Project,VCS,Registered,Renewable Energy,Solar - Centralized,Reduction,Western Asia,Türkiye,Yaysun Elektrik Üretim Sanayi ve Ticaret A.Ş.,2018.0,122096.0,1.89,A,No,No
VCS1925,ME-SE Solar Power Project,VCS,Registered,Renewable Energy,Solar - Centralized,Reduction,Western Asia,Türkiye,ME-SE Enerji Elektrik Üretim Sanayi ve Ticaret A.Ş.,2018.0,57575.0,2.76,B,No,No
VCS1926,Iota M. Firinci Solar Power Project,VCS,Registered,Renewable Energy,Solar - Centralized,Reduction,Western Asia,Türkiye,IOTA Gunes Enerjisi Elektrik Uretim ve Ticaret A.S.,2020.0,40957.0,2.04,B,No,No
VCS1931,Energising India using Solar Energy Projects,VCS,Registered,Renewable Energy,Solar - Centralized,Reduction,Southern Asia,India,Azure Power India Pvt ltd,2017.0,2326498.0,2.15,CCC,No,No
VCS1933,Mavibayrak Biomass Power Plant Project,VCS,Registered,Renewable Energy,Biomass,Reduction,Western Asia,Türkiye,Mavibayrak Enerji Uretim A.S.,2018.0,119118.0,3.73,,No,No
VCS1935,Hubei Hongshan IFM (Conversion of Logged to Protected Forest) Project,VCS,On Hold - see notification letter,Forestry & Land Use,Improved Forest Management,Mixed,Eastern Asia,China,"Zhejiang Zhongzheng Forestry Development Co.,Ltd",2015.0,384974.0,14.21,B,Yes,No
VCS1937,Song Lo 4 Hydropower Project,VCS,Late to verify,Renewable Energy,Hydropower,Reduction,South-Eastern Asia,Viet Nam,Multiple Proponents,2018.0,83066.0,2.2,CCC,No,No
VCS1939,CECEP Gansu Yumen Changma Daba South Wind Farm Project,VCS,Verification approval requested,Renewable Energy,Wind,Reduction,Eastern Asia,China,"CECEP Wind Power (Gansu) Co., Ltd",2016.0,284128.0,2.59,,No,No
VCS1940,CECEP Gansu Yumen Changma Daba North Wind Farm Project.,VCS,Registered,Renewable Energy,Wind,Reduction,Eastern Asia,China,"CECEP Wind Power (Gansu) Co., Ltd",2016.0,143177.0,2.38,,No,No
VCS1941,Sustainable City Projects at India's Cleanest City- Indore,VCS,Registered,Waste Management,Composting,Reduction,Southern Asia,India,Indore Smart City Development Ltd,2017.0,287239.0,5.87,AA,No,No
VCS1943,"20MW Samal Grid-connected Hydroelectric Project in Orissa, India",VCS,Verification approval requested,Renewable Energy,Hydropower,Reduction,Southern Asia,India,Orissa Power Consortium Ltd.,2014.0,229893.0,2.17,BB,No,No
VCS1944,Livelihoods Mount Elgon Project,VCS,Verification approval requested,Agriculture,Sustainable Agriculture,Mixed,Sub-Saharan Africa,Kenya,Livelihoods Fund SICAV SIF,2016.0,43656.0,8.87,CCC,Yes,No
VCS1945,MSA-1 Hydropower Plant,VCS,Registered,Renewable Energy,Hydropower,Reduction,Latin America and the Caribbean,Chile,Araucania Power SpA,2019.0,10015.0,1.79,CCC,No,No
VCS1946,Renewable Wind Power Project by Hero Future Energies,VCS,Verification approval requested,Renewable Energy,Wind,Reduction,Southern Asia,India,Hero Future Energies Private Limited,2019.0,79272.0,2.81,B,No,No
VCS1947,Inner Mongolia Wujier Phase I Wind Power Project,VCS,Registered,Renewable Energy,Wind,Reduction,Eastern Asia,China,"Inner Mongolia Xinjin Wind Power Co., Ltd.",2016.0,145993.0,2.37,B,No,No
VCS1949,Longyuan Mulilo De Aar Maanhaarberg Wind Energy Facility,VCS,Registered,Renewable Energy,Wind,Reduction,Sub-Saharan Africa,South Africa,Multiple Proponents,2017.0,825859.0,1.84,,No,No
VCS1950,Longyuan Mulilo De Aar 2 North Wind Energy Facility,VCS,Registered,Renewable Energy,Wind,Reduction,Sub-Saharan Africa,South Africa,Multiple Proponents,2017.0,1715163.0,2.42,B,No,No
VCS1953,Floresta Verde REDD+ Project,VCS,Registered,Forestry & Land Use,REDD+,Reduction,Latin America and the Caribbean,Brazil,Floresta Verde Serviços Ltda.,2016.0,658150.0,7.1,BB,Yes,No
VCS1954,Badamsha Wind Farm in Kazakhstan,VCS,Registered,Renewable Energy,Wind,Reduction,Central Asia,Kazakhstan,Multiple Proponents,2020.0,295867.0,2.96,B,No,No
VCS1958,My Son - Hoan Loc Viet Solar Energy Project,VCS,Registered,Renewable Energy,Solar - Centralized,Reduction,South-Eastern Asia,Viet Nam,My Son - Hoan Loc Viet Solar Energy Joint Stock Company,2019.0,11987.0,2.64,BBB,No,No
VCS1959,Aussenkehr solar,VCS,Registered,Renewable Energy,Solar - Centralized,Reduction,Sub-Saharan Africa,Namibia,ALCON CONSULTING SERVICES (PTY) LTD,2017.0,57561.0,2.36,B,No,No
VCS1960,Northern Great Plains Regenerative Grazing Project,VCS,Verification approval requested,Forestry & Land Use,Sustainable Grassland Management,Mixed,North America,United States,"Native, a Public Benefit Corporation",2019.0,20220.0,14.09,AA,Yes,No
VCS1964,Quang Minh Solar Power Project,VCS,Registered,Renewable Energy,Solar - Centralized,Reduction,South-Eastern Asia,Viet Nam,Srepok Solar Power Joint Stock Company,2019.0,150420.0,1.88,CCC,No,No
VCS1965,Cat Hiep Solar Power Project,VCS,Registered,Renewable Energy,Solar - Centralized,Reduction,South-Eastern Asia,Viet Nam,Binh Dinh TTP Energy and High Technology Joint Stock Company,2019.0,22166.0,1.01,CCC,No,No
VCS1968,Grid Connected Wind Energy Project in Gujarat,VCS,Registered,Renewable Energy,Wind,Reduction,Southern Asia,India,Apraava Energy Private Limited,2023.0,817589.0,3.76,BBB,No,No
VCS1970,Ventus Wind Farm in El Salvador,VCS,Registered,Renewable Energy,Wind,Reduction,Latin America and the Caribbean,El Salvador,"Ventus, S.A.de C.V",2020.0,34726.0,3.35,,No,No
VCS1972,Guangxi Longan Biomass Power Project,VCS,Registered,Renewable Energy,Biomass,Reduction,Eastern Asia,China,Guangxi Deli New energy Technology Co. ltd,2019.0,127554.0,3.19,CCC,No,No
VCS1974,Srepok 1 Solar Power Project,VCS,Registered,Renewable Energy,Solar - Centralized,Reduction,South-Eastern Asia,Viet Nam,Dai Hai Power Development and Invesment Joint Stock Company,2019.0,74466.0,0.93,B,No,No
VCS1975,Hong Phong 4 Solar 48 MW Project,VCS,Registered,Renewable Energy,Solar - Centralized,Reduction,South-Eastern Asia,Viet Nam,"Ha Do Binh Thuan Co., Ltd",2019.0,31319.0,1.33,CCC,No,No
VCS1976,Renewable Solar Power Project by Shapoorji Pallonji,VCS,Registered,Renewable Energy,Solar - Centralized,Reduction,Southern Asia,India,Multiple Proponents,2018.0,569233.0,1.5,B,No,No
VCS1982,Ngodwana Biomass to Energy Project,VCS,Verification approval requested,Renewable Energy,Biomass,Reduction,Sub-Saharan Africa,South Africa,Ngodwana Energy (Pty) Ltd.,2022.0,23172.0,4.0,BBB,No,No
VCS1985,"100 MW Bundled Wind Power Project in Anantapuram, Andhra Pradesh",VCS,Registered,Renewable Energy,Wind,Reduction,Southern Asia,India,Multiple Proponents,2018.0,262314.0,2.24,BB,No,No
VCS1987,GENNEIA WIND PROJECTS IN ARGENTINA,VCS,Registered,Renewable Energy,Wind,Reduction,Latin America and the Caribbean,Argentina,GENNEIA S.A.,2018.0,877617.0,2.42,A,No,No
VCS1989,Oualidia 1&2 Wind Projects.,VCS,Registered,Renewable Energy,Wind,Reduction,Northern Africa,Morocco,AERA Group,2021.0,24475.0,2.62,,No,No
VCS1990,"40MW Bundled Solar Project in Telangana, India",VCS,Registered,Renewable Energy,Solar - Centralized,Reduction,Southern Asia,India,Multiple Proponents,2017.0,170988.0,2.07,CCC,No,No
VCS1993,Bundled Wind Power project in Koppal Karnataka,VCS,Registered,Renewable Energy,Wind,Reduction,Southern Asia,India,Multiple Proponents,2018.0,973509.0,2.76,BBB,No,No
VCS1996,GENNEIA SOLAR PROJECTS IN  ARGENTINA,VCS,Registered,Renewable Energy,Solar - Centralized,Reduction,Latin America and the Caribbean,Argentina,GENNEIA S.A.,2018.0,313393.0,1.69,B,No,No
VCS1997,TROPICAL WIND IN THAILAND,VCS,Verification approval requested,Renewable Energy,Wind,Reduction,South-Eastern Asia,Thailand,"Tropical Wind Co., Ltd",2018.0,296601.0,2.38,B,No,No
VCS1998,Cerro Dominador Concentrating Solar Power Plant in Chile,VCS,Registered,Renewable Energy,Solar - Centralized,Reduction,Latin America and the Caribbean,Chile,CERRO DOMINADOR CSP S.A.,2021.0,139563.0,2.05,BBB,No,No
VCS1999,KRISSANA WIND POWER IN THAILAND,VCS,Verification approval requested,Renewable Energy,Wind,Reduction,South-Eastern Asia,Thailand,"Krissana Wind Power Co., Ltd",2018.0,366860.0,2.71,BB,No,No
VCS2000,K.R.S. THREE IN THAILAND,VCS,Verification approval requested,Renewable Energy,Wind,Reduction,South-Eastern Asia,Thailand,"KRS Three Co., Ltd",2018.0,483287.0,2.19,CCC,No,No
VCS2001,K.R. ONE IN THAILAND,VCS,Verification approval requested,Renewable Energy,Wind,Reduction,South-Eastern Asia,Thailand,"KR One Co., Ltd",2019.0,307123.0,4.94,,No,No
VCS2002,THEPARAK WIND IN THAILAND,VCS,Verification approval requested,Renewable Energy,Wind,Reduction,South-Eastern Asia,Thailand,"Thepharak Wind Co., Ltd",2018.0,423462.0,2.42,A,No,No
VCS2003,Benban Solar PV Project (Plot 3_1),VCS,Registered,Renewable Energy,Solar - Centralized,Reduction,Northern Africa,Egypt,Alcom Energy,2019.0,190090.0,1.27,CCC,No,No
VCS2004,Ouarzazate II Concentrated Solar Power Project,VCS,Registered,Renewable Energy,Solar - Centralized,Reduction,Northern Africa,Morocco,Numerco Limited,2018.0,743476.0,1.86,B,No,No
VCS2005,OUARZAZATE III CONCENTRATED SOLAR POWER PROJECT,VCS,Registered,Renewable Energy,Solar - Centralized,Reduction,Northern Africa,Morocco,Numerco Limited,2018.0,40857.0,1.85,CCC,No,No
VCS2007,Benban Solar PV Project (Plot 43_4),VCS,Registered,Renewable Energy,Solar - Centralized,Reduction,Northern Africa,Egypt,Acwa Ben Ban one for Energy,2019.0,153162.0,2.16,B,No,No
VCS2008,Benban Solar PV Project (Plot 42_4),VCS,Registered,Renewable Energy,Solar - Centralized,Reduction,Northern Africa,Egypt,TK for Solar and Renewable Energy Systems,2019.0,77154.0,1.9,CCC,No,No
VCS2017,Karnataka Pavagada-II Solar Project by Avaada (150 MW),VCS,Registered,Renewable Energy,Solar - Centralized,Reduction,Southern Asia,India,Avaada Solarise Energy Private Limited,2019.0,186671.0,1.9,B,No,No
VCS2019,"100 MW grid connected Wind Power project in Jamnagar Gujarat, India",VCS,Registered,Renewable Energy,Wind,Reduction,Southern Asia,India,Verdant Renewables Private Limited,2019.0,360059.0,1.66,CCC,No,No
VCS2020,250 MW Wind Power Project by Mytrah Energy,VCS,Verification approval requested,Renewable Energy,Wind,Reduction,Southern Asia,India,M/s Mytrah Vayu (Sabarmati) Pvt. Ltd,2019.0,1437078.0,2.29,B,No,No
VCS2023,Renewable Solar Power Project By Rishabh Renergy,VCS,Registered,Renewable Energy,Solar - Centralized,Reduction,Southern Asia,India,Rishabh Renergy Private Limited,2018.0,18328.0,2.13,BB,No,No
VCS2026,Allain Duhangan Hydroelectric Project (ADHP),VCS,Late to verify,Renewable Energy,Hydropower,Reduction,Southern Asia,India,AD Hydro Power Limited,2016.0,133884.0,3.27,,No,No
VCS2033,3.5 MW Small Hydro Project In Himachal Pradesh,VCS,Registered,Renewable Energy,Hydropower,Reduction,Southern Asia,India,Multiple Proponents,2018.0,7815.0,1.77,BBB,No,No
VCS2036,OUARZAZATE IV CONCENTRATED SOLAR POWER PROJECT,VCS,Registered,Renewable Energy,Solar - Centralized,Reduction,Northern Africa,Morocco,Numerco Limited,2018.0,25644.0,1.66,CCC,No,No
VCS2038,Energising Indian homes by Solar rooftop projects,VCS,Late to verify,Renewable Energy,Solar - Distributed,Reduction,Southern Asia,India,Azure Power India Pvt ltd,2017.0,58280.0,3.49,BB,No,No
VCS2039,Badamsha 2 Wind Farm in Kazakhstan,VCS,Registered,Renewable Energy,Wind,Reduction,Central Asia,Kazakhstan,Multiple Proponents,2021.0,287345.0,2.93,,No,No
VCS2040,Vinh Hao 6 Solar Power Project,VCS,Registered,Renewable Energy,Solar - Centralized,Reduction,South-Eastern Asia,Viet Nam,Vinh Hao 6 Power Limited Liability Company,2019.0,128046.0,1.63,CCC,No,No
VCS2042,Renewable Wind Power Project by Adani,VCS,Registered,Renewable Energy,Wind,Reduction,Southern Asia,India,Adani Green Energy Limited,2019.0,536823.0,2.64,CCC,No,No
VCS2052,Renewable Wind Power Project by Axis Wind Farms (Rayalaseema) Pvt. Ltd,VCS,Registered,Renewable Energy,Wind,Reduction,Southern Asia,India,Axis Wind Farms (Rayalaseema) Pvt. Ltd,2018.0,263762.0,1.88,B,No,No
VCS2053,Smart Anatolia Bundled Solar Project,VCS,Registered,Renewable Energy,Solar - Centralized,Reduction,Western Asia,Türkiye,Smart Holding Anonim Sirketi,2018.0,37431.0,1.68,BB,No,No
VCS2057,Renewable Solar Power Project By SolarArise India Projects Pvt. Ltd.,VCS,Verification approval requested,Renewable Energy,Solar - Centralized,Reduction,Southern Asia,India,SolarArise India Projects Pvt. Ltd.,2021.0,93231.0,3.06,CCC,No,No
VCS2058,50MW Greenfield Solar Plant in UP by Jakson Group,VCS,Registered,Renewable Energy,Solar - Centralized,Reduction,Southern Asia,India,TEQ GREEN (JP) POWER XXXI PRIVATE LIMITED,2021.0,50186.0,1.2,CCC,No,No
VCS2059,Renewable Solar Power Project by Mahindra Renewables Private Limited,VCS,Registered,Renewable Energy,Solar - Centralized,Reduction,Southern Asia,India,Mahindra Renewables Private Limited.,2018.0,725205.0,1.6,CCC,No,No
VCS2060,Suba and Usaquen Hydroelectric Umbrella Project,VCS,Registered,Renewable Energy,Hydropower,Reduction,Latin America and the Caribbean,Colombia,Empresa de Acueducto y Alcantarillado de Bogota E.S.P,2014.0,12815.0,2.39,CCC,No,No
VCS2065,Renewable Energy Power Projects by Atria Power,VCS,Registered,Renewable Energy,RE Bundled,Reduction,Southern Asia,India,Multiple Proponents,2018.0,640514.0,3.06,BB,No,No
VCS2069,Greenfield Solar Power Mission by Fortum India,VCS,Registered,Renewable Energy,Solar - Centralized,Reduction,Southern Asia,India,Fortum India Private Limited,2021.0,570940.0,3.38,,No,No
VCS2072,UK CowCredit project: A UK dairy initiative to reduce methane from enteric fermentation,VCS,Registered,Agriculture,Feed Additives,Reduction,Europe,United Kingdom,MOOTRAL SA,2019.0,2194.0,17.61,BB,No,No
VCS2073,Electric Vehicle Charger Premier Aggregation,VCS,Registered,Transportation,Electric Vehicles & Charging,Reduction,North America,United States,Connecticut Green Bank,2016.0,218781.0,7.84,AAA,No,No
VCS2079,Fazenda Nascente do Luar Agroforestry Project,VCS,On Hold - see notification letter,Forestry & Land Use,Afforestation/Reforestation,Impermanent Removal,Latin America and the Caribbean,Brazil,AGROBUSINESS FLORESTAS E PECUARIA LTDA,2020.0,1643.0,18.08,CCC,Yes,No
VCS2085,"Revegetation with fruit trees in North Manica Province, Mozambique",VCS,Registered,Forestry & Land Use,Afforestation/Reforestation,Impermanent Removal,Sub-Saharan Africa,Mozambique,Agrimoz S.a r.l.,2019.0,2258.0,38.49,,Yes,No
VCS2092,Kirazlık Hydroelectric  Power Plant Project,VCS,Registered,Renewable Energy,Hydropower,Reduction,Western Asia,Türkiye,Baren Enerji Sanayi ve Ticaret Üretim A.Ş.,2013.0,363312.0,2.8,BB,No,No
VCS2093,Waste to Energy Projects by Mahindra Waste to Energy Solutions Limited,VCS,Registered,Renewable Energy,Biomass,Reduction,Southern Asia,India,MAHINDRA WASTE TO ENERGY SOLUTIONS LTD.,2019.0,20805.0,2.66,CCC,No,No
VCS2094,Koclu Regulator and Hydroelectric Power Plant (Koçlu Regulator & HEPP),VCS,Registered,Renewable Energy,Hydropower,Reduction,Western Asia,Türkiye,SANKO Enerji Sanayi ve Ticaret A.Ş,2014.0,451416.0,2.0,B,No,No
VCS2095,Duzce Aksu Hydro Electricity Power Plant,VCS,Registered,Renewable Energy,Hydropower,Reduction,Western Asia,Türkiye,Aydem Yenilenebilir Enerji A.Ş.,2014.0,81784.0,3.23,,No,No
VCS2097,Tepekisla Dam & Hydropower Plant Project,VCS,Registered,Renewable Energy,Hydropower,Reduction,Western Asia,Türkiye,SANKO Enerji Sanayi ve Ticaret A.Ş,2015.0,609121.0,2.26,CCC,No,No
VCS2098,Nanhai MSW Incineration II Project,VCS,Registered,Waste Management,Waste Incineration,Reduction,Eastern Asia,China,"Foshan Nanhai Green Renewable Energy Co., Ltd.",2015.0,385719.0,5.0,BB,No,No
VCS2250,Delta Blue Carbon – 1,VCS,Registered,Forestry & Land Use,Wetland Restoration,Mixed,Southern Asia,Pakistan,Multiple Proponents,2015.0,1197571.0,17.01,BB,Yes,No
VCS2252,Rio Anapu-Pacaja REDD Project,VCS,On Hold - see notification letter,Forestry & Land Use,REDD+,Reduction,Latin America and the Caribbean,Brazil,Brazil AgFor LLC,2016.0,5294454.0,11.84,BB,Yes,No
VCS2260,Shandong Laiwu Landfill Gas Recovery and Power Generation Project,VCS,Late to verify,Waste Management,Landfill Methane,Reduction,Eastern Asia,China,"Shandong Micropowers New Energy Co., Ltd.",2014.0,44606.0,5.25,A,No,No
VCS2261,"CYY Biopower Wastewater treatment plant including biogas reuse for thermal oil replacement and electricity generation Project, Thailand",VCS,Registered,Waste Management,Methane Recovery in Wastewater,Reduction,South-Eastern Asia,Thailand,Chokyuenyong Industry Co. Ltd.,2019.0,30018.0,5.73,A,No,No
VCS2278,The Jaguar Amazon REDD+ Project,VCS,Registered,Forestry & Land Use,REDD+,Reduction,Latin America and the Caribbean,Peru,Multiple Proponents,2018.0,190304.0,8.57,,Yes,No
VCS2290,"BLUE CARBON PROJECT GULF OF MORROSQUILLO ""VIDA MANGLAR""",VCS,Late to verify,Forestry & Land Use,REDD+,Reduction,Latin America and the Caribbean,Colombia,Conservation International Foundation,2015.0,1994.0,9.53,CCC,Yes,No
VCS2291,Guizhou Panjiang Low Concentration Coal Mine Methane Power Generation Project Phase 2,VCS,Registered,Industrial & Commercial,Mine Methane Capture,Reduction,Eastern Asia,China,"Guizhou Panjiang CBM Development&Utilization Co., Ltd.",2018.0,704062.0,7.73,,No,No
VCS2292,Guizhou Panjiang Low Concentration Coal Mine Methane Power Generation Project Phase 3,VCS,Registered,Industrial & Commercial,Mine Methane Capture,Reduction,Eastern Asia,China,"Guizhou Panjiang CBM Development&Utilization Co., Ltd.",2018.0,1305440.0,6.83,AAA,No,No
VCS2293,NIHT Topaiyo REDD +,VCS,Late to verify,Forestry & Land Use,REDD+,Reduction,Oceania,Papua New Guinea,NIHT Inc.,2019.0,795250.0,9.93,CCC,Yes,No
VCS2296,CYY Global Plus Wastewater Treatment and Biogas Utilization Project,VCS,Registered,Waste Management,Methane Recovery in Wastewater,Reduction,South-Eastern Asia,Thailand,"CYY Global Plus Co., Ltd.",2019.0,58495.0,6.28,BBB,No,No
VCS2297,REDD+ Project Pueblos indígenas resguardando la selva,VCS,Registered,Forestry & Land Use,REDD+,Reduction,Latin America and the Caribbean,Colombia,Multiple Proponents,2017.0,3465324.0,13.06,,Yes,No
VCS2299,Hunan Xiangtan Landfill Gas Power Generation Project,VCS,Registered,Waste Management,Landfill Methane,Reduction,Eastern Asia,China,"Xiangtan Xiangneng New Energy Technology Co., Ltd.",2019.0,220106.0,6.96,AA,No,No
VCS2302,Guizhou Dongyijing CMM Power Generation Project,VCS,Registered,Industrial & Commercial,Mine Methane Capture,Reduction,Eastern Asia,China,"Liupanshui Zhongding New Energy Development Co., Ltd.",2019.0,72584.0,10.87,AA,No,No
VCS2303,Energy Efficient Cooking Solution for low emission development in Nepal-2,VCS,Registered,Household & Community,Cookstoves,Reduction,Southern Asia,Nepal,Environment Protection Centre (EPC),2018.0,71282.0,10.95,B,No,No
VCS2307,Ambatolampy Solar PV,VCS,Registered,Renewable Energy,Solar - Centralized,Reduction,Sub-Saharan Africa,Madagascar,New Energy Africa Ambatolampy (NEA Ambatolampy),2018.0,125861.0,1.56,CCC,No,No
VCS2308,Solitude 16 MW solar PV,VCS,Registered,Renewable Energy,Solar - Centralized,Reduction,Sub-Saharan Africa,Mauritius,Voltas Yellow Ltd,2018.0,35297.0,1.92,B,No,No
VCS2309,Henrietta solar PV project,VCS,Registered,Renewable Energy,Solar - Centralized,Reduction,Sub-Saharan Africa,Mauritius,Akuo Energy (Mauritius) Ltd,2019.0,102292.0,1.57,CCC,No,No
VCS2311,Madagascar Improved Cookstove Project by KCM-Wood#CPA-W-001,VCS,Registered,Household & Community,Cookstoves,Reduction,Sub-Saharan Africa,Madagascar,Korea Carbon Management Ltd,2021.0,158134.0,13.04,B,No,No
VCS2312,Madagascar Improved Cookstove Project by KCM-Wood#CPA-W-002,VCS,Verification approval requested,Household & Community,Cookstoves,Reduction,Sub-Saharan Africa,Madagascar,Korea Carbon Management Ltd,2021.0,108842.0,7.76,BB,No,No
VCS2313,Madagascar Improved Cookstove Project by KCM-Wood#CPA-W-003,VCS,Verification approval requested,Household & Community,Cookstoves,Reduction,Sub-Saharan Africa,Madagascar,Korea Carbon Management Ltd,2021.0,108920.0,8.93,,No,No
VCS2314,Madagascar Improved Cookstove Project by KCM-Wood#CPA-W-004,VCS,Verification approval requested,Household & Community,Cookstoves,Reduction,Sub-Saharan Africa,Madagascar,Korea Carbon Management Ltd,2021.0,111359.0,10.1,BB,No,No
VCS2315,Madagascar Improved Cookstove Project by KCM-Wood#CPA-W-005,VCS,Registered,Household & Community,Cookstoves,Reduction,Sub-Saharan Africa,Madagascar,Korea Carbon Management Ltd,2021.0,120624.0,9.19,,No,No
VCS2317,REDD+ Project Magnolios de Yarumal,VCS,Registered,Forestry & Land Use,REDD+,Reduction,Latin America and the Caribbean,Colombia,Multiple Proponents,2016.0,4462.0,9.73,A,Yes,No
VCS2319,"Agroforestry plantation Bateke Plateau, Republic of Congo",VCS,Registered,Forestry & Land Use,Afforestation/Reforestation,Impermanent Removal,Sub-Saharan Africa,Congo,FRM Commitment,2019.0,52112.0,22.18,,Yes,No
VCS2322,Monet Forest Conservation Project,VCS,Registered,Forestry & Land Use,Improved Forest Management,Mixed,North America,Canada,Solifor Bloc Monet S.E.C.,2021.0,26803.0,22.26,B,Yes,No
VCS2324,COMMUNITY BASED AVOIDED DEFORESTATION PROJECT IN GUINEA-BISSAU - REDD,VCS,Late to verify,Forestry & Land Use,REDD+,Reduction,Sub-Saharan Africa,Guinea-Bissau,BioGuinea Foundation,2016.0,160477.0,14.43,BB,Yes,No
VCS2326,Guangxi Jinxiu IFM (conversion  of  logged  to  protected  forest)  Project,VCS,On Hold - see notification letter,Forestry & Land Use,Improved Forest Management,Mixed,Eastern Asia,China,"Jinxiu Yao Autonomous County Zhengtong Asset Management Co., Ltd",2017.0,469934.0,14.57,BBB,Yes,No
VCS2327,Guangxi Huanjiang IFM (conversion of logged to protected forest) Project,VCS,On Hold - see notification letter,Forestry & Land Use,Improved Forest Management,Mixed,Eastern Asia,China,"Huanjiang Maonan Autonomous County Huashan Forestry Investment Co., Ltd",2017.0,448306.0,17.21,A,Yes,No
VCS2335,Zhangjiakou Landfill Gas Power Generation Project,VCS,Registered,Waste Management,Landfill Methane,Reduction,Eastern Asia,China,Zhangjiakou Xinzhongshui Energy Technology Ltd.,2019.0,129131.0,6.01,BBB,No,No
VCS2337,Sanya Landfill Gas Power Generation Project,VCS,Registered,Waste Management,Landfill Methane,Reduction,Eastern Asia,China,"Hainan Sanya Xinzhongshui Enviromental Protection Technology Co., Ltd.",2019.0,66403.0,3.12,A,No,No
VCS2339,"TIST Program in Uganda, VCS-CCB 010",VCS,Registered,Forestry & Land Use,Afforestation/Reforestation,Impermanent Removal,Sub-Saharan Africa,Uganda,Clean Air Action Corporation,2020.0,29413.0,26.12,BBB,Yes,No
VCS2342,Installation of high efficiency wood burning cookstoves in Malawi,VCS,Registered,Household & Community,Cookstoves,Reduction,Sub-Saharan Africa,Malawi,Bridge Carbon Africa Stoves Development Private Limited,2020.0,1323506.0,6.06,CCC,No,No
VCS2343,Zhanjiang Mangrove Afforestation Project,VCS,On Hold - see notification letter,Forestry & Land Use,Wetland Restoration,Mixed,Eastern Asia,China,"Third Institute of Oceanography, Ministry of Natural Resources",2020.0,5199.0,39.15,A,Yes,No
VCS2345,Green Gold Loreto 1,VCS,Verification approval requested,Forestry & Land Use,Improved Forest Management,Mixed,Latin America and the Caribbean,Peru,Green Gold Forestry Peru SA,2020.0,155810.0,18.37,BB,Yes,No
VCS2347,FOÇA BIOGAS ENERGY POWER PLANT,VCS,Registered,Agriculture,Manure Methane Digester,Reduction,Western Asia,Türkiye,Multiple Proponents,2019.0,412136.0,6.48,BBB,No,No
VCS2348,Motion Energy EV Industry Charger Project,VCS,Registered,Transportation,Electric Vehicles & Charging,Reduction,Europe,United Kingdom,Motion Energy Group Pty Ltd,2021.0,59490.0,6.01,,No,No
VCS2349,Installation of high efficiency wood burning cookstoves in Kenya,VCS,Registered,Household & Community,Cookstoves,Reduction,Sub-Saharan Africa,Kenya,Bridge Carbon Africa Stoves Development Private Limited,2020.0,284451.0,6.18,CCC,No,No
VCS2350,Installation of high efficiency wood burning cookstoves in Uganda,VCS,Registered,Household & Community,Cookstoves,Reduction,Sub-Saharan Africa,Uganda,Bridge Carbon Africa Stoves Development Private Limited,2021.0,31545.0,6.4,BB,No,No
VCS2351,Installation of high efficiency wood burning cookstoves in Mozambique,VCS,Registered,Household & Community,Cookstoves,Reduction,Sub-Saharan Africa,Mozambique,Bridge Carbon Africa Stoves Development Private Limited,2021.0,178766.0,9.44,CCC,No,No
VCS2352,Shizaiqian MSW landfill site LFG recovery to power project,VCS,Registered,Waste Management,Landfill Methane,Reduction,Eastern Asia,China,"Quanzhou BCCY New Energy CO., Ltd.",2019.0,248668.0,6.73,BBB,No,No
VCS2353,Qingdao Xiaojianxi Phase II MSW landfill site LFG recovery to power project,VCS,Registered,Waste Management,Landfill Methane,Reduction,Eastern Asia,China,"Henan BCCY Environmental Energy CO.,LTD.",2019.0,210127.0,3.68,AA,No,No
VCS2354,Yichang Sunjiawan MSW landfill site LFG recovery to power project,VCS,Registered,Waste Management,Landfill Methane,Reduction,Eastern Asia,China,"Yichang BCCY New Power Co., Ltd.",2019.0,161118.0,5.26,BBB,No,No
VCS2355,Suzhou Qizishan MSW landfill site redundant LFG recovery to power project,VCS,Registered,Waste Management,Landfill Methane,Reduction,Eastern Asia,China,"Suzhou Baichang Renewable Energy Co., Ltd.",2020.0,393466.0,5.28,AA,No,No
VCS2357,Improved cook stove market development in rural Nepal,VCS,Registered,Household & Community,Cookstoves,Reduction,Southern Asia,Nepal,Practical Action,2018.0,87694.0,9.85,BBB,No,No
VCS2358,Nanchang Zhonglan Huanneng Technical Service Co. Ltd. Maiyuan LFG Power Generation Project,VCS,Registered,Waste Management,Landfill Methane,Reduction,Eastern Asia,China,Nanchang Zhonglan Huanneng Technical Service Co. Ltd.,2019.0,289551.0,6.13,A,No,No
VCS2361,Afforestation in cooperation with local landowners for Forestal San Pedro S.A,VCS,Registered,Forestry & Land Use,Afforestation/Reforestation,Impermanent Removal,Latin America and the Caribbean,Paraguay,Forestal San Pedro S.A.,2015.0,184437.0,26.96,BB,Yes,No
VCS2365,Integrated Project for Reforestation and Agroforestry on Degraded lands in Nicaragua,VCS,Registered,Forestry & Land Use,Afforestation/Reforestation,Impermanent Removal,Latin America and the Caribbean,Nicaragua,MLR Forestal de Nicaragua S.A.,2021.0,36224.0,24.52,,Yes,No
VCS2366,Installation of high efficiency wood burning cookstoves in Tanzania,VCS,Registered,Household & Community,Cookstoves,Reduction,Sub-Saharan Africa,Tanzania,Bridge Carbon Africa Stoves Development Private Limited,2020.0,740945.0,8.58,B,No,No
VCS2367,"Afforestation in Eucalyptus and Acacia plantations for Burapha Agroforestry Co., Ltd.",VCS,Registered,Forestry & Land Use,Afforestation/Reforestation,Impermanent Removal,South-Eastern Asia,Laos,Burapha Agroforestry Co. Ltd,2017.0,117608.0,27.4,BB,Yes,No
VCS2372,Installation of high efficiency wood burning cookstoves in Malawi - Project 2,VCS,Registered,Household & Community,Cookstoves,Reduction,Sub-Saharan Africa,Malawi,Bridge Carbon Africa Stoves Development Private Limited,2020.0,1948440.0,8.91,B,No,No
VCS2373,Yellow Ipê Grouped REDD Project,VCS,Registered,Forestry & Land Use,REDD+,Reduction,Latin America and the Caribbean,Brazil,Ecológica Assessoria Ltda.,2020.0,14972.0,17.65,CCC,Yes,No
VCS2383,Guizhou Wenjiaba CMM Power Generation Project,VCS,Registered,Industrial & Commercial,Mine Methane Capture,Reduction,Eastern Asia,China,"Guizhou Shuikuang Orion Clean Energy Co., Ltd.",2020.0,49822.0,9.41,A,No,No
VCS2384,Recipe for Change Grouped Project,VCS,Registered,Household & Community,Cookstoves,Reduction,Sub-Saharan Africa,South Africa,Wonderbag UK,2021.0,281637.0,6.45,,No,No
VCS2390,Installation of high efficiency wood burning cookstoves in Angola,VCS,Registered,Household & Community,Cookstoves,Reduction,Sub-Saharan Africa,Angola,C-Quest Capital Stoves Asia Limited,2021.0,11058.0,9.43,A,No,No
VCS2401,Reforestation of Degraded Lands in Sierra Leone,VCS,Verification approval requested,Forestry & Land Use,Afforestation/Reforestation,Impermanent Removal,Sub-Saharan Africa,Sierra Leone,Miro Forestry Developments Limited,2017.0,17400.0,30.56,B,Yes,No
VCS2402,Linshu Biogas Recovery and Power Generation Project,VCS,Registered,Waste Management,Methane Recovery in Wastewater,Reduction,Eastern Asia,China,VPOWER New Energy Technology (LinYi) LTD,2019.0,380243.0,6.34,AA,No,No
VCS2404,Reforestation of degraded land by MTPL in India,VCS,Registered,Forestry & Land Use,Afforestation/Reforestation,Impermanent Removal,Southern Asia,India,Mangalam Timber Unit of Mangalam Cement Limited,2011.0,188804.0,21.45,BBB,Yes,No
VCS2405,Gansu Dingxi Afforestation Project,VCS,Registered,Forestry & Land Use,Afforestation/Reforestation,Impermanent Removal,Eastern Asia,China,Dingxi City Chankou Forestry Proving Ground,2016.0,28555.0,18.8,BBB,Yes,No
VCS2409,Cleaner Cooking Solutions Program,VCS,Registered,Household & Community,Cookstoves,Reduction,South-Eastern Asia,Cambodia,Bridge Carbon SGT Asia Stoves Private Limited,2022.0,337814.0,9.69,CCC,No,No
VCS2410,"REFORESTATION OF DEGRADED FOREST RESERVE AREAS IN GHANA, WEST AFRICA",VCS,Verification approval requested,Forestry & Land Use,Afforestation/Reforestation,Impermanent Removal,Sub-Saharan Africa,Ghana,Miro Forestry Developments Limited,2017.0,5091.0,24.68,B,Yes,No
VCS2411,Bosques del Uruguay II (BDU II) Afforestation through High Quality Timber in Grasslands Project,VCS,Verification approval requested,Forestry & Land Use,Afforestation/Reforestation,Impermanent Removal,Latin America and the Caribbean,Uruguay,Agroempresa Forestal S.A .,2019.0,4304.0,24.82,A,Yes,No
VCS2412,Mindanao Tree Planting Program for our Climate and Communities (MinTrees),VCS,Registered,Forestry & Land Use,Afforestation/Reforestation,Impermanent Removal,South-Eastern Asia,Philippines,Multiple Proponents,2015.0,36734.0,25.22,BB,Yes,No
VCS2414,Davidson County Landfill,VCS,Registered,Waste Management,Landfill Methane,Reduction,North America,United States,"ANEW ENVIRONMENTAL, LLC",2015.0,320417.0,3.82,B,No,No
VCS2416,Distribution of Improved cook stove - Phase 12,VCS,Registered,Household & Community,Cookstoves,Reduction,Southern Asia,India,G K Energy Marketers Pvt. Ltd,2013.0,39189.0,8.6,CCC,No,No
VCS2417,Distribution of Improved cook stove - Phase 13,VCS,Registered,Household & Community,Cookstoves,Reduction,Southern Asia,India,G K Energy Marketers Pvt. Ltd,2013.0,23728.0,7.99,CCC,No,No
VCS2422,Distribution of Improved cook stove - Phase I,VCS,Registered,Household & Community,Cookstoves,Reduction,Southern Asia,India,G K Energy Marketers Pvt. Ltd,2013.0,50675.0,7.49,BB,No,No
VCS2423,Distribution of Improved cook stove - Phase II,VCS,Registered,Household & Community,Cookstoves,Reduction,Southern Asia,India,G K Energy Marketers Pvt. Ltd,2013.0,55376.0,6.56,BB,No,No
VCS2424,Distribution of Improved cook stove - Phase III,VCS,Registered,Household & Community,Cookstoves,Reduction,Southern Asia,India,G K Energy Marketers Pvt. Ltd,2013.0,55190.0,6.81,B,No,No
VCS2428,Distribution of Improved cook stove - Phase 14,VCS,Registered,Household & Community,Cookstoves,Reduction,Southern Asia,India,G K Energy Marketers Pvt. Ltd,2013.0,61559.0,7.66,CCC,No,No
VCS2429,Distribution of Improved cook stove- Phase 15,VCS,Registered,Household & Community,Cookstoves,Reduction,Southern Asia,India,G K Energy Marketers Pvt. Ltd,2013.0,58532.0,8.15,BB,No,No
VCS2434,Off grid Solar PV project at IAMGOLD Essakane SA Gold Mine,VCS,Registered,Renewable Energy,Solar - Distributed,Reduction,Sub-Saharan Africa,Burkina Faso,Essakane Solar S.A.S.,2019.0,105162.0,5.73,,No,No
VCS2435,Distribution of Improved cook stove - Phase 7,VCS,Registered,Household & Community,Cookstoves,Reduction,Southern Asia,India,G K Energy Marketers Pvt. Ltd,2013.0,56705.0,7.31,B,No,No
VCS2437,Distribution of Improved cook stove - Phase 9,VCS,Registered,Household & Community,Cookstoves,Reduction,Southern Asia,India,G K Energy Marketers Pvt. Ltd,2013.0,37098.0,8.98,CCC,No,No
VCS2439,Distribution of Improved cook stove - Phase 18,VCS,Registered,Household & Community,Cookstoves,Reduction,Southern Asia,India,G K Energy Marketers Pvt. Ltd,2013.0,37410.0,7.21,BB,No,No
VCS2440,Distribution of Improved cook stove - Phase 20,VCS,Registered,Household & Community,Cookstoves,Reduction,Southern Asia,India,G K Energy Marketers Pvt. Ltd,2013.0,48501.0,10.2,CCC,No,No
VCS2441,Distribution of Improved cook stove - Phase 22,VCS,Registered,Household & Community,Cookstoves,Reduction,Southern Asia,India,G K Energy Marketers Pvt. Ltd,2013.0,60865.0,7.58,BB,No,No
VCS2442,Distribution of Improved cook stove - Phase 24,VCS,Registered,Household & Community,Cookstoves,Reduction,Southern Asia,India,G K Energy Marketers Pvt. Ltd,2013.0,23402.0,6.29,CCC,No,No
VCS2443,Distribution of Improved cook stove - Phase 25,VCS,Registered,Household & Community,Cookstoves,Reduction,Southern Asia,India,G K Energy Marketers Pvt. Ltd,2013.0,23511.0,7.89,CCC,No,No
VCS2444,Distribution of Improved cook stove - Phase 17,VCS,Registered,Household & Community,Cookstoves,Reduction,Southern Asia,India,G K Energy Marketers Pvt. Ltd,2013.0,46106.0,11.03,,No,No
VCS2446,Distribution of Improved cook stove - Phase 23,VCS,Registered,Household & Community,Cookstoves,Reduction,Southern Asia,India,G K Energy Marketers Pvt. Ltd,2013.0,32183.0,6.45,,No,No
VCS2447,Distribution of Improved cook stove - Phase 21,VCS,Registered,Household & Community,Cookstoves,Reduction,Southern Asia,India,G K Energy Marketers Pvt. Ltd,2013.0,6756.0,7.81,BB,No,No
VCS2448,Distribution of Improved cook stove - Phase 19,VCS,Registered,Household & Community,Cookstoves,Reduction,Southern Asia,India,G K Energy Marketers Pvt. Ltd,2013.0,60086.0,9.7,BB,No,No
VCS2449,Tradewater International Dominican Republic,VCS,Late to verify,Chemical Processes,Ozone Depleting Substances Recovery & Destruction,Reduction,Latin America and the Caribbean,Dominican Republic,Tradewater International SRL,2021.0,14810.0,9.5,A,No,No
VCS2451,Shanxi Loufan Afforestation Project,VCS,Registered,Forestry & Land Use,Afforestation/Reforestation,Impermanent Removal,Eastern Asia,China,Loufan County Forestry Workstation,2016.0,142002.0,18.05,BBB,Yes,No
VCS2452,Laizhou Landfill Gas Power Generation Project,VCS,Registered,Waste Management,Landfill Methane,Reduction,Eastern Asia,China,"Laizhou Xinzhongshui Environmental Protection Technology Co., Ltd.",2019.0,122477.0,4.27,A,No,No
VCS2455,Haicheng Landfill Gas Power Generation Project,VCS,Registered,Waste Management,Landfill Methane,Reduction,Eastern Asia,China,"Haicheng Xinzhongshui Environmental Protection Technology Co., Ltd",2019.0,74228.0,4.7,A,No,No
VCS2457,BYZ GLOBAL ENERGY BIOGAS PLANT,VCS,Registered,Agriculture,Manure Methane Digester,Reduction,Western Asia,Türkiye,Multiple Proponents,2019.0,168812.0,7.04,AA,No,No
VCS2458,Guoluo Grassland Sustainable Management Project,VCS,Registered,Forestry & Land Use,Sustainable Grassland Management,Mixed,Eastern Asia,China,"Qinghai Guanglv Landscaping Co., Ltd.",2016.0,1226287.0,13.02,AA,Yes,No
VCS2464,Nanning Landfill Gas Power Generation Project,VCS,Registered,Waste Management,Landfill Methane,Reduction,Eastern Asia,China,"Guangxi Ruirong Energy Technology Co., Ltd.",2020.0,38115.0,4.7,A,No,No
VCS2465,Avoided Conversion Cerrado,VCS,Verification approval requested,Forestry & Land Use,Avoided Grassland Conversion,Reduction,Latin America and the Caribbean,Brazil,ERA Assessoria e Projetos Ambientais e Agricolas Ltd.,2017.0,102147.0,11.46,B,Yes,No
VCS2468,Gaizhou Landfill Gas Power Generation Project,VCS,Verification approval requested,Waste Management,Landfill Methane,Reduction,Eastern Asia,China,"Gaizhou Xinzhongshui Environmental Protection Technology Co., Ltd.",2021.0,140279.0,4.32,AA,No,No
VCS2469,Afforestation and restoration of degraded forests in Eastern Paraguay or Forestal Azul Carbon Project,VCS,Registered,Forestry & Land Use,Afforestation/Reforestation,Impermanent Removal,Latin America and the Caribbean,Paraguay,Forestal Azul S.A.,2018.0,1956.0,24.05,BB,Yes,No
VCS2471,Agroforestry and reforestation with small-scale farmers in Uganda,VCS,Registered,Forestry & Land Use,Afforestation/Reforestation,Impermanent Removal,Sub-Saharan Africa,Uganda,The PURE PROJECT SAS,2017.0,4692.0,28.43,A,Yes,No
VCS2473,Installation of High Efficient Cook Stoves by Enking International,VCS,On Hold - see notification letter,Household & Community,Cookstoves,Reduction,Southern Asia,India,EKI Energy Services Limited,2019.0,9961.0,14.35,A,No,No
VCS2479,Mahogany Plantation in India,VCS,Registered,Forestry & Land Use,Afforestation/Reforestation,Impermanent Removal,Southern Asia,India,Mahogani Vishwa Agro Pvt Ltd,2019.0,3760.0,14.25,CCC,Yes,No
VCS2481,Generation Forest Group Project,VCS,Verification approval requested,Forestry & Land Use,Afforestation/Reforestation,Impermanent Removal,Latin America and the Caribbean,Panama,"Futuro Forestal, S.A.",2017.0,12909.0,16.9,BB,Yes,No
VCS2483,Tavolo Community Forest Conservation Project,VCS,Registered,Forestry & Land Use,REDD+,Reduction,Oceania,Papua New Guinea,FORCERT Limited,2020.0,730622.0,16.18,CCC,Yes,No
VCS2487,Viet Nam Improved Cookstove Project by KCM – Improved Cookstove Project in Hoa Binh Province – CPA 001,VCS,Registered,Household & Community,Cookstoves,Reduction,South-Eastern Asia,Viet Nam,Korea Carbon Management Ltd,2021.0,71492.0,6.43,CCC,No,No
VCS2489,Viet Nam Improved Cookstove Project by KCM – Improved Cookstove Project in Hoa Binh Province – CPA 002,VCS,Registered,Household & Community,Cookstoves,Reduction,South-Eastern Asia,Viet Nam,Korea Carbon Management Ltd,2021.0,65286.0,5.48,CCC,No,No
VCS2490,Viet Nam Improved Cookstove Project by KCM – Improved Cookstove Project in Phu Tho Province – CPA 003,VCS,Registered,Household & Community,Cookstoves,Reduction,South-Eastern Asia,Viet Nam,Korea Carbon Management Ltd,2021.0,63987.0,7.02,CCC,No,No
VCS2491,Viet Nam Improved Cookstove Project by KCM – Improved Cookstove Project in Phu Tho Province – CPA 004,VCS,Registered,Household & Community,Cookstoves,Reduction,South-Eastern Asia,Viet Nam,Korea Carbon Management Ltd,2021.0,28833.0,8.92,CCC,No,No
VCS2492,Viet Nam Improved Cookstove Project by KCM – Improved Cookstove Project in Thai Nguyen Province – CPA 005,VCS,Registered,Household & Community,Cookstoves,Reduction,South-Eastern Asia,Viet Nam,Korea Carbon Management Ltd,2021.0,76090.0,8.69,,No,No
VCS2493,Viet Nam Improved Cookstove Project by KCM – Improved Cookstove Project in Thai Nguyen Province – CPA 006,VCS,Registered,Household & Community,Cookstoves,Reduction,South-Eastern Asia,Viet Nam,Korea Carbon Management Ltd,2021.0,109125.0,7.4,CCC,No,No
VCS2497,"TIST Program in Uganda, VCS-CCB 011",VCS,Registered,Forestry & Land Use,Afforestation/Reforestation,Impermanent Removal,Sub-Saharan Africa,Uganda,Clean Air Action Corporation,2003.0,199733.0,17.37,,Yes,No
VCS2498,Afforestation of degraded grasslands in Caazapa and Guairá,VCS,Registered,Forestry & Land Use,Afforestation/Reforestation,Impermanent Removal,Latin America and the Caribbean,Paraguay,Miller Forest Investment AG,2016.0,248567.0,37.95,BBB,Yes,No
VCS2499,Guangzhou Huadu Shiling LFG Power Generation Project,VCS,Registered,Waste Management,Landfill Methane,Reduction,Eastern Asia,China,"Guangzhou Zhongshui Recycling Environmental Protection Technology Co., Ltd.",2020.0,25228.0,5.24,BBB,No,No
VCS2502,TAHUAMANU AMAZON REDD PROJECT,VCS,Registered,Forestry & Land Use,REDD+,Reduction,Latin America and the Caribbean,Peru,MADERERA RIO ACRE SAC,2017.0,2852779.0,12.14,B,Yes,No
VCS2503,Liling LFG Power Generation Project,VCS,Registered,Waste Management,Landfill Methane,Reduction,Eastern Asia,China,"Zhuzhou Xinzhongshui Environmental Protection Technology Co., Ltd.",2020.0,32244.0,5.56,AA,No,No
VCS2508,UNITOR REDD+ PROJECT,VCS,On Hold - see notification letter,Forestry & Land Use,REDD+,Reduction,Latin America and the Caribbean,Brazil,Multiple Proponents,2018.0,1260231.0,17.46,,Yes,No
VCS2510,"CHINKO CONSERVATION AREA REDD+ PROJECT, CENTRAL AFRICAN REPUBLIC",VCS,Verification approval requested,Forestry & Land Use,REDD+,Reduction,Sub-Saharan Africa,Central African Republic,African Parks RCA,2016.0,1189122.0,12.48,BB,Yes,No
VCS2512,"AFFORESTATION OF DEGRADED GRASSLANDS IN VICHADA, COLOMBIA",VCS,Registered,Forestry & Land Use,Afforestation/Reforestation,Impermanent Removal,Latin America and the Caribbean,Colombia,Forest First Colombia S.A.S.,2017.0,127177.0,26.45,B,Yes,No
VCS2516,Lianyuan LFG Power Generation Project,VCS,Registered,Waste Management,Landfill Methane,Reduction,Eastern Asia,China,"Lianyuan Xinzhongshui Environmental Protection Technology Co., Ltd.",2021.0,31701.0,6.51,AA,No,No
VCS2521,Installation of high efficiency wood burning cookstoves in Laos,VCS,Registered,Household & Community,Cookstoves,Reduction,South-Eastern Asia,Laos,Bridge Carbon SGT Asia Stoves Private Limited,2022.0,370981.0,9.6,CCC,No,No
VCS2522,Installation of high efficiency wood burning cookstoves in Thailand,VCS,Registered,Household & Community,Cookstoves,Reduction,South-Eastern Asia,Thailand,Bridge Carbon SGT Asia Stoves Private Limited,2021.0,99988.0,10.72,B,No,No
VCS2523,Installation of high efficiency wood burning cookstoves in Vietnam,VCS,Registered,Household & Community,Cookstoves,Reduction,South-Eastern Asia,Viet Nam,Bridge Carbon SGT Asia Stoves Private Limited,2021.0,85189.0,8.27,,No,No
VCS2525,Ziyang LFG Power Generation Project,VCS,Registered,Waste Management,Landfill Methane,Reduction,Eastern Asia,China,Ziyang Oasis Xinzhongshui Environmental Protection Technology Co. Ltd.,2020.0,35598.0,6.3,BB,No,No
VCS2532,Cumare carbon project,VCS,Registered,Forestry & Land Use,Afforestation/Reforestation,Impermanent Removal,Latin America and the Caribbean,Colombia,Reforestadora Cumare S.A.S.,2017.0,927790.0,24.14,BB,Yes,No
VCS2533,Improved Cookstove Programme by SDG13 in India,VCS,Registered,Household & Community,Cookstoves,Reduction,Southern Asia,India,SDG 13 Ventures Pte. Ltd.,2022.0,1482360.0,8.96,,No,No
VCS2535,Skyridge Farms Advanced Solid Separation Project,VCS,Verification approval requested,Agriculture,Solid Waste Separation,Reduction,North America,United States,Western Valley Farms,2019.0,1985.0,16.38,BBB,No,No
VCS2537,Gansu Gaotai Biogas Recovery and Utilization Project,VCS,Registered,Agriculture,Manure Methane Digester,Reduction,Eastern Asia,China,"Gansu Founder Energy Conservation Sci&Tech Service Co., Ltd.",2019.0,29739.0,7.52,AAA,No,No
VCS2538,Pendjari and W-Benin National Parks REDD+ Project,VCS,Registered,Forestry & Land Use,REDD+,Reduction,Sub-Saharan Africa,Benin,African Parks Benin (A Branch of African Parks Network),2017.0,290700.0,12.5,BBB,Yes,No
VCS2539,EVERGREEN REDD+ PROJECT,VCS,On Hold - see notification letter,Forestry & Land Use,REDD+,Reduction,Latin America and the Caribbean,Brazil,Multiple Proponents,2020.0,292034.0,11.09,BB,Yes,No
VCS2540,Improved cookstoves for Burundi restaurants,VCS,Registered,Household & Community,Cookstoves,Reduction,Sub-Saharan Africa,Burundi,OBEN EAC S.A,2020.0,170566.0,8.63,B,No,No
VCS2548,Grouped projects for Improved cookstove for climate and community action,VCS,Verification approval requested,Household & Community,Cookstoves,Reduction,South-Eastern Asia,Viet Nam,Sustainability Investment Promotion and Development Joint Stock Company,2021.0,455918.0,11.05,BB,No,No
VCS2551,BRAZILIAN AMAZON APD GROUPED PROJECT,VCS,Registered,Forestry & Land Use,REDD+,Reduction,Latin America and the Caribbean,Brazil,BRCARBON SERVICOS AMBIENTAIS LTDA,2021.0,2457132.0,13.19,CCC,Yes,No
VCS2552,"Improving rural livelihood through agroforestry practices in Punjab, India- I",VCS,On Hold - see notification letter,Forestry & Land Use,Afforestation/Reforestation,Impermanent Removal,Southern Asia,India,"Department of Forests and Wildlife Preservation, Punjab",2018.0,206017.0,19.42,CCC,Yes,No
VCS2555,"Improving rural livelihood through agroforestry practices in Punjab, India- II",VCS,On Hold - see notification letter,Forestry & Land Use,Afforestation/Reforestation,Impermanent Removal,Southern Asia,India,"Department of Forests and Wildlife Preservation, Punjab",2018.0,1900.0,25.83,B,Yes,No
VCS2556,Southern Paraguay Sustainable Afforestation Project,VCS,Verification approval requested,Forestry & Land Use,Afforestation/Reforestation,Impermanent Removal,Latin America and the Caribbean,Paraguay,SAIFF HoldCo Ltd.,2016.0,83549.0,22.51,A,Yes,No
VCS2557,Grouped projects for water purifiers for climate and community action,VCS,Registered,Household & Community,Clean Water,Reduction,South-Eastern Asia,Viet Nam,Sustainability Investment Promotion and Development Joint Stock Company,2022.0,953384.0,12.17,B,No,No
VCS2558,ABC Norte REDD Project,VCS,Verification approval requested,Forestry & Land Use,REDD+,Reduction,Latin America and the Caribbean,Brazil,Multiple Proponents,2017.0,653060.0,9.06,CCC,Yes,No
VCS2565,Yunnan Qiubei Afforestation Project,VCS,On Hold - see notification letter,Forestry & Land Use,Afforestation/Reforestation,Impermanent Removal,Eastern Asia,China,Multiple Proponents,2017.0,43374.0,23.82,BBB,Yes,No
VCS2566,The Serra do Amolar REDD+ Project,VCS,Registered,Forestry & Land Use,REDD+,Reduction,Latin America and the Caribbean,Brazil,Instituto Homem Pantaneiro,2016.0,57253.0,19.08,CCC,Yes,No
VCS2576,Montes del Este afforestation through high quality timber in degraded grasslands,VCS,Verification approval requested,Forestry & Land Use,Afforestation/Reforestation,Impermanent Removal,Latin America and the Caribbean,Uruguay,Fideicomiso Financiero Forestal Montes del Este,2016.0,204639.0,21.73,A,Yes,No
VCS2581,Grouped projects for Mekong River Delta Water Purifier,VCS,Verification approval requested,Household & Community,Clean Water,Reduction,South-Eastern Asia,Viet Nam,Sustainability Investment Promotion and Development Joint Stock Company,2022.0,3914556.0,5.41,,No,No
VCS2582,Zhijiang Shibaoshan LFG Power Generation Project,VCS,Registered,Waste Management,Landfill Methane,Reduction,Eastern Asia,China,"Zhijiang Xinzhongshui Chufeng Environmental Protection Technology Co., Ltd",2021.0,72080.0,5.08,AA,No,No
VCS2588,Taiba N'Diaye Wind Power,VCS,Registered,Renewable Energy,Wind,Reduction,Sub-Saharan Africa,Senegal,Parc Eolien Taiba N'Diaye S.A.U,2019.0,737667.0,1.86,,No,No
VCS2590,REGENERATIVE AGRICULTURE IN RICE-WHEAT-MAIZE SYSTEM FOR INCOME GENERATION,VCS,Verification approval requested,Agriculture,Sustainable Agriculture,Mixed,Southern Asia,India,Grow Indigo Private Ltd,2019.0,57463.0,12.53,BBB,Yes,No
VCS2591,Yongkang huachuan MSW landfill site LFG comprehensive utilization project,VCS,Registered,Waste Management,Landfill Methane,Reduction,Eastern Asia,China,"Henan BCCY Environmental Energy CO.,LTD.",2020.0,84996.0,5.62,AAA,No,No
VCS2592,Hongya MSW landfill site biogas power generation project,VCS,Registered,Waste Management,Landfill Methane,Reduction,Eastern Asia,China,"Henan BCCY Environmental Energy CO.,LTD.",2021.0,50600.0,4.55,AAA,No,No
VCS2593,Botou Hengjie MSW landfill site LFG comprehensive utilization project,VCS,Registered,Waste Management,Landfill Methane,Reduction,Eastern Asia,China,"Henan BCCY Environmental Energy CO.,LTD.",2020.0,37106.0,7.28,AA,No,No
VCS2594,Viet Nam Improved Cookstove Project by KCM – Improved Cookstove Project in Yen Bai Province – CPA 007,VCS,Registered,Household & Community,Cookstoves,Reduction,South-Eastern Asia,Viet Nam,Korea Carbon Management Ltd,2021.0,108451.0,10.25,CCC,No,No
VCS2595,Viet Nam Improved Cookstove Project by KCM – Improved Cookstove Project in Yen Bai Province – CPA 008,VCS,Registered,Household & Community,Cookstoves,Reduction,South-Eastern Asia,Viet Nam,Korea Carbon Management Ltd,2021.0,108628.0,10.08,,No,No
VCS2603,Composting of organic waste project in Guangxi,VCS,Registered,Waste Management,Composting,Reduction,Eastern Asia,China,"Guangxi Liyuanbao Science and Technology Co., Ltd.",2022.0,689009.0,5.24,,No,No
VCS2605,İZMIR LANDFILL GAS (LFG) CAPTURE AND UTILIZATION PROJECT,VCS,Registered,Waste Management,Landfill Methane,Reduction,Western Asia,Türkiye,Multiple Proponents,2019.0,2445711.0,4.42,AAA,No,No
VCS2606,Fujian Qingliu IFM (conversion of logged to protected forest) Project,VCS,On Hold - see notification letter,Forestry & Land Use,Improved Forest Management,Mixed,Eastern Asia,China,"Fujian Qingliu Forestry Co., Ltd.",2017.0,284485.0,12.01,,Yes,No
VCS2609,KUAMUT RAINFOREST CONSERVATION PROJECT,VCS,Registered,Forestry & Land Use,Improved Forest Management,Mixed,South-Eastern Asia,Malaysia,Permian Malaysia SDN. BHD,2016.0,847981.0,13.18,,Yes,No
VCS2610,Unitán afforestation and reforestation of grazing lands project,VCS,Registered,Forestry & Land Use,Afforestation/Reforestation,Impermanent Removal,Latin America and the Caribbean,Argentina,UNITAN SAICA,2016.0,8675.0,27.56,BBB,Yes,No
VCS2611,CORAZÓN VERDE DEL CHACO PROJECT,VCS,Verification approval requested,Forestry & Land Use,REDD+,Reduction,Latin America and the Caribbean,Paraguay,Quadriz Paraguay S.A.,2020.0,394769.0,18.06,BBB,Yes,No
VCS2614,Lingbi County Wastewater Treatment Plant Project,VCS,Registered,Waste Management,Methane Recovery in Wastewater,Reduction,Eastern Asia,China,"Lingbi Chenxin Green Industry Development Co., Ltd",2020.0,15493.0,9.32,AAA,No,No
VCS2615,Jinjia Jiayi CMM Power Generation Project,VCS,Registered,Industrial & Commercial,Mine Methane Capture,Reduction,Eastern Asia,China,"Guizhou Panjiang CBM Development&Utilization Co., Ltd.",2020.0,155368.0,6.07,AAA,No,No
VCS2616,BQS improved cookstoves for Burundi's schools,VCS,Registered,Household & Community,Cookstoves,Reduction,Sub-Saharan Africa,Burundi,Burundi Quality Stoves S.A.,2016.0,203321.0,12.05,,No,No
VCS2623,Komaza Smallholder Farmer Forestry Kenya,VCS,Registered,Forestry & Land Use,Afforestation/Reforestation,Impermanent Removal,Sub-Saharan Africa,Kenya,Komaza Group Inc.,2017.0,74902.0,32.26,,Yes,No
VCS2635,Luohe Geothermal Based Space Heating System,VCS,Registered,Renewable Energy,Geothermal,Reduction,Eastern Asia,China,"Wanjiang New Energy Group Co., Ltd.",2020.0,684819.0,2.73,BB,No,No
VCS2636,Eastern DRC Cookstove Project - South Kivu,VCS,Registered,Household & Community,Cookstoves,Reduction,Sub-Saharan Africa,DRC,OBEN EAC S.A,2020.0,1083927.0,10.29,BBB,No,No
VCS2645,BALIKESİR LANDFILL GAS (LFG) CAPTURE AND UTILIZATION PROJECT,VCS,Registered,Waste Management,Landfill Methane,Reduction,Western Asia,Türkiye,Multiple Proponents,2020.0,472277.0,6.37,A,No,No
VCS2647,Reforestation grouped project Norteak Nicaragua,VCS,Registered,Forestry & Land Use,Afforestation/Reforestation,Impermanent Removal,Latin America and the Caribbean,Nicaragua,Norteak Nicaragua S.A.,2016.0,29077.0,24.24,BB,Yes,No
VCS2649,HOUSING DECARBONISATION IN THE UNITED KINGDOM,VCS,Registered,Household & Community,Weatherization,Reduction,Europe,United Kingdom,PNZ  CARBON LIMITED,2022.0,24357.0,8.84,B,No,No
VCS2656,IMPROVED COOK STOVE PROGRAMME IN FIJI – CPA02,VCS,Registered,Household & Community,Cookstoves,Reduction,Oceania,Fiji,Korea Carbon Management Ltd,2021.0,221214.0,12.9,,No,No
VCS2659,Ruijing Geothermal Based Space Heating System,VCS,Registered,Renewable Energy,Geothermal,Reduction,Eastern Asia,China,"Wanjiang New Energy Group Co., Ltd.",2020.0,166516.0,3.17,,No,No
VCS2664,Installation of High Efficient Cook Stoves by EKI Energy Services Limited,VCS,Registered,Household & Community,Cookstoves,Reduction,Southern Asia,India,EKI Energy Services Limited,2020.0,26875.0,10.15,,No,No
VCS2671,Viet Nam Improved Cookstove Project by KCM – Improved Cookstove Project in Thanh Hoa Province – CPA 009,VCS,Registered,Household & Community,Cookstoves,Reduction,South-Eastern Asia,Viet Nam,Korea Carbon Management Ltd,2021.0,55823.0,4.21,,No,No
VCS2672,Viet Nam Improved Cookstove Project by KCM – Improved Cookstove Project in Thanh Hoa Province – CPA 010,VCS,Registered,Household & Community,Cookstoves,Reduction,South-Eastern Asia,Viet Nam,Korea Carbon Management Ltd,2021.0,56049.0,7.45,CCC,No,No
VCS2673,UpEnergy-Social and Climate Impact Programme- Nigeria-1,VCS,Registered,Household & Community,Cookstoves,Reduction,Sub-Saharan Africa,Nigeria,UpEnergy Group,2022.0,41647.0,8.21,BB,No,No
VCS2676,Community Carbon Efficient Cooking Programme - Tanzania-1,VCS,Registered,Household & Community,Cookstoves,Reduction,Sub-Saharan Africa,Tanzania,Community Carbon,2022.0,657293.0,5.54,B,No,No
VCS2679,Jiyuan MSW Landfill Site LFG Recovery to Power Project,VCS,Registered,Waste Management,Landfill Methane,Reduction,Eastern Asia,China,"Henan BCCY Environmental Energy CO.,LTD.",2016.0,158009.0,7.02,AA,No,No
VCS2680,Yichang Huangjiawan MSW Landfill site LFG Recovery to power project,VCS,Registered,Waste Management,Landfill Methane,Reduction,Eastern Asia,China,"Henan BCCY Environmental Energy CO.,LTD.",2016.0,224201.0,5.57,BB,No,No
VCS2685,Madagascar Improved Cook Stove Project by KCM-Wood#CPA-W-009,VCS,Verification approval requested,Household & Community,Cookstoves,Reduction,Sub-Saharan Africa,Madagascar,Korea Carbon Management Ltd,2021.0,117149.0,6.38,CCC,No,No
VCS2687,Madagascar Improved Cook Stove Project by KCM-Wood#CPA-W-010,VCS,Registered,Household & Community,Cookstoves,Reduction,Sub-Saharan Africa,Madagascar,Korea Carbon Management Ltd,2021.0,175866.0,7.87,B,No,No
VCS2688,Madagascar Improved Cook Stove Project by KCM-Wood#CPA-W-011,VCS,Registered,Household & Community,Cookstoves,Reduction,Sub-Saharan Africa,Madagascar,Korea Carbon Management Ltd,2021.0,156412.0,10.44,BBB,No,No
VCS2689,Madagascar Improved Cook Stove Project by KCM-Wood#CPA-W-012,VCS,Registered,Household & Community,Cookstoves,Reduction,Sub-Saharan Africa,Madagascar,Korea Carbon Management Ltd,2021.0,174799.0,6.16,BBB,No,No
VCS2690,Madagascar Improved Cook Stove Project by KCM-Wood#CPA-W-013,VCS,Verification approval requested,Household & Community,Cookstoves,Reduction,Sub-Saharan Africa,Madagascar,Korea Carbon Management Ltd,2021.0,79804.0,7.16,CCC,No,No
VCS2691,Aonong AWMS GHG Mitigation Project in Jiangxi Province,VCS,Registered,Agriculture,Manure Methane Digester,Reduction,Eastern Asia,China,Fujian Aonong Biological Technology Group Incorporation Limited,2020.0,482911.0,7.68,AAA,No,No
VCS2692,Aonong AWMS GHG Mitigation Project in Fujian Province,VCS,Registered,Agriculture,Manure Methane Digester,Reduction,Eastern Asia,China,Fujian Aonong Biological Technology Group Incorporation Limited,2020.0,164792.0,7.07,AAA,No,No
VCS2693,Yizheng Zhongxing Recycled PET Project,VCS,Registered,Waste Management,Waste Recycling,Reduction,Eastern Asia,China,"Yizheng Zhongxing Environmental Protection Technology Co., Ltd.",2020.0,77223.0,6.09,AAA,No,No
VCS2695,SHINE - Distribution of LED lightbulbs in India-5,VCS,Registered,Renewable Energy,Solar Lighting,Reduction,Southern Asia,India,Brightspark Energy Pvt. Ltd.,2021.0,331101.0,5.25,,No,No
VCS2696,Zhengbang AWMS GHG Mitigation Project in Guangdong Province,VCS,Registered,Agriculture,Manure Methane Digester,Reduction,Eastern Asia,China,Jiangxi Zhengbang Technology Co. Ltd,2020.0,250749.0,13.18,BBB,No,No
VCS2697,Zhengbang AWMS GHG Mitigation Project in Sichuan Province,VCS,Registered,Agriculture,Manure Methane Digester,Reduction,Eastern Asia,China,Jiangxi Zhengbang Technology Co. Ltd,2020.0,105418.0,6.18,AA,No,No
VCS2700,SHINE - Distribution of LED lightbulbs in India-6,VCS,Registered,Household & Community,Lighting,Reduction,Southern Asia,India,Brightspark Energy Pvt. Ltd.,2021.0,384096.0,6.52,BB,No,No
VCS2701,SHINE - Distribution of LED lightbulbs in India-7,VCS,Registered,Household & Community,Lighting,Reduction,Southern Asia,India,Brightspark Energy Pvt. Ltd.,2021.0,12384.0,9.9,A,No,No
VCS2706,Shuangbaotai AWMS GHG Mitigation Project in Jiangsu Province,VCS,Registered,Agriculture,Manure Methane Digester,Reduction,Eastern Asia,China,"Shuangbaotai Animal Husbandry Group Co., Ltd.",2020.0,187513.0,10.55,AA,No,No
VCS2707,ICS distribution for Improving life style of Malagasy Community,VCS,Registered,Household & Community,Cookstoves,Reduction,Sub-Saharan Africa,Madagascar,PA Research & Consultants Pvt. Ltd.,2022.0,118655.0,8.17,AAA,No,No
VCS2709,Juruena River REDD+ Project,VCS,Registered,Forestry & Land Use,REDD+,Reduction,Latin America and the Caribbean,Brazil,Beatris Tormena Fabris Gradela Ltda.,2020.0,22346.0,10.99,CCC,Yes,No
VCS2710,"Soil carbon improvement Project through Grassland Management, in South Africa",VCS,Registered,Forestry & Land Use,Sustainable Grassland Management,Mixed,Sub-Saharan Africa,South Africa,WeAct Pty Ltd.,2018.0,777660.0,12.7,A,Yes,No
VCS2711,Distribution of Improved Cook Stoves in Sub-Saharan Africa-Malawi-CPA-002,VCS,Registered,Household & Community,Cookstoves,Reduction,Sub-Saharan Africa,Malawi,Bridge Carbon Africa Stoves Development Private Limited,2021.0,436196.0,12.62,CCC,No,No
VCS2713,Distribution of Improved Cook Stoves in Sub-Saharan Africa-Zambia-CPA-007,VCS,Registered,Household & Community,Cookstoves,Reduction,Sub-Saharan Africa,Zambia,Bridge Carbon Africa Stoves Development Private Limited,2021.0,1598600.0,10.25,BBB,No,No
VCS2723,CONDOTO REDD+,VCS,Verification approval requested,Forestry & Land Use,REDD+,Reduction,Latin America and the Caribbean,Colombia,Multiple Proponents,2019.0,22919.0,16.31,,Yes,No
VCS2728,Huaibin MSW Landfill Site LFG Recovery and Comprehensive Utilization Project,VCS,Registered,Waste Management,Landfill Methane,Reduction,Eastern Asia,China,"Henan BCCY Environmental Energy CO.,LTD.",2020.0,97441.0,3.72,,No,No
VCS2731,Xuzhou Yanqun MSW Landfill Site LFG Recovery to Power Project,VCS,Registered,Waste Management,Landfill Methane,Reduction,Eastern Asia,China,"Henan BCCY Environmental Energy CO.,LTD.",2020.0,252983.0,3.92,,No,No
VCS2734,Fuel Efficient Stoves in Zambia – Korea Carbon Management Ltd. CPA No.1,VCS,Registered,Household & Community,Cookstoves,Reduction,Sub-Saharan Africa,Zambia,Korea Carbon Management Ltd,2021.0,95610.0,7.07,CCC,No,No
VCS2735,Fuel Efficient Stoves in Zambia (Korea Carbon Management Ltd. CPA No.02),VCS,Registered,Household & Community,Cookstoves,Reduction,Sub-Saharan Africa,Zambia,Korea Carbon Management Ltd,2021.0,451656.0,8.51,CCC,No,No
VCS2736,Reducing Gas Leakages within the Bakhrabad Gas Distribution Network in Bangladesh,VCS,Registered,Industrial & Commercial,Leak Detection & Repair in Gas Systems,Reduction,Southern Asia,Bangladesh,Multiple Proponents,2019.0,4037455.0,4.81,A,No,No
VCS2737,Reducing Gas Leakages within the Jalalabad Gas Distribution Network in Bangladesh,VCS,Registered,Industrial & Commercial,Leak Detection & Repair in Gas Systems,Reduction,Southern Asia,Bangladesh,Multiple Proponents,2019.0,2543762.0,5.64,BBB,No,No
VCS2738,Reducing Gas Leakages within the Karnaphuli Gas Distribution Network in Bangladesh,VCS,Registered,Industrial & Commercial,Leak Detection & Repair in Gas Systems,Reduction,Southern Asia,Bangladesh,Multiple Proponents,2019.0,1420385.0,4.66,A,No,No
VCS2739,Reducing Gas Leakages within the Pashchimanchal Gas Distribution Network in Bangladesh,VCS,Registered,Industrial & Commercial,Leak Detection & Repair in Gas Systems,Reduction,Southern Asia,Bangladesh,Multiple Proponents,2020.0,468586.0,4.31,BB,No,No
VCS2744,The Paraguayan Chaco Neem Reforestation Project,VCS,Registered,Forestry & Land Use,Afforestation/Reforestation,Impermanent Removal,Latin America and the Caribbean,Paraguay,El Retiro S.A.,2020.0,7319.0,32.33,AAA,Yes,No
VCS2745,Wuwei City Afforestation Project in Gansu Province,VCS,On Hold - see notification letter,Forestry & Land Use,Afforestation/Reforestation,Impermanent Removal,Eastern Asia,China,Multiple Proponents,2017.0,45259.0,32.03,B,Yes,No
VCS2746,Guangzhou Eastern Solid Resource Recycling Center MSW Integrated treatment Plant Project,VCS,Registered,Renewable Energy,Biomass,Reduction,Eastern Asia,China,"Guangzhou LEO-KING Environmental Technology Co., Ltd.",2020.0,547123.0,3.99,BBB,No,No
VCS2748,Zhangye Improved Grassland Management Project,VCS,Verification approval requested,Forestry & Land Use,Sustainable Grassland Management,Mixed,Eastern Asia,China,Zhangye Academy of Forestry Sciences,2017.0,1103051.0,9.92,B,Yes,No
VCS2749,DelAgua Clean Cooking Grouped Project,VCS,Registered,Household & Community,Bundled Energy Efficiency,Reduction,Sub-Saharan Africa,Rwanda,DelAgua Health Rwanda (Voluntary) Limited,2019.0,1908958.0,3.76,BBB,No,No
VCS2751,"MOOH COOPERATIVE GROUPED PROJECT, Reduction of methane emissions in the Swiss dairy sector",VCS,Registered,Agriculture,Feed Additives,Reduction,Europe,Switzerland,Mooh Cooperative,2022.0,13040.0,12.7,BB,No,No
VCS2752,Waste Energy project in Andhra Pradesh & Rajasthan,VCS,Verification approval requested,Renewable Energy,Biomass,Reduction,Southern Asia,India,MAHINDRA WASTE TO ENERGY SOLUTIONS LTD.,2020.0,7999.0,3.8,B,No,No
VCS2753,Sustainable Biogas Project for Community Empowerment,VCS,Registered,Household & Community,Biodigesters,Reduction,Southern Asia,India,Green Solutions,2020.0,36799.0,7.52,CCC,No,No
VCS2762,Guizhou Xintian CMM Power Generation Project,VCS,Registered,Industrial & Commercial,Mine Methane Capture,Reduction,Eastern Asia,China,"Yonggui Energy Development Co., Ltd. Xintian Branch",2020.0,656481.0,8.0,AA,No,No
VCS2767,Associated Gas Recovery and Utilization at Block 9,VCS,Under development,Industrial & Commercial,Waste Gas Recovery,Reduction,Western Asia,Oman,OQ Trading Limited,2019.0,277405.0,5.16,BB,No,No
VCS2768,Associated Gas Recovery and Utilization at Khamilah oil field area at Block-27 in Wilayat lbri of the Sultanate of Oman,VCS,Registered,Industrial & Commercial,Waste Gas Recovery,Reduction,Western Asia,Oman,OQ Trading Limited,2020.0,1098172.0,5.29,BB,No,No
VCS2772,Madagascar Improved Cook Stove Project by KCM-Wood#CPA-W-014,VCS,Registered,Household & Community,Cookstoves,Reduction,Sub-Saharan Africa,Madagascar,Korea Carbon Management Ltd,2021.0,104781.0,8.62,B,No,No
VCS2773,Madagascar Improved Cook Stove Project by KCM-Wood#CPA-W-015,VCS,Registered,Household & Community,Cookstoves,Reduction,Sub-Saharan Africa,Madagascar,Korea Carbon Management Ltd,2021.0,162750.0,10.44,B,No,No
VCS2774,Madagascar Improved Cook Stove Project by KCM-Wood#CPA-W-016,VCS,Registered,Household & Community,Cookstoves,Reduction,Sub-Saharan Africa,Madagascar,Korea Carbon Management Ltd,2021.0,91829.0,9.14,CCC,No,No
VCS2775,Madagascar Improved Cook Stove Project by KCM-Wood#CPA-W-017,VCS,Registered,Household & Community,Cookstoves,Reduction,Sub-Saharan Africa,Madagascar,Korea Carbon Management Ltd,2021.0,150378.0,7.02,BBB,No,No
VCS2776,Madagascar Improved CookStove Project by KCM-Wood#CPA-W-018,VCS,Registered,Household & Community,Cookstoves,Reduction,Sub-Saharan Africa,Madagascar,Korea Carbon Management Ltd,2022.0,126154.0,11.33,A,No,No
VCS2777,Madagascar Improved Cook Stove Project by KCM-Wood#CPA-W-019,VCS,Registered,Household & Community,Cookstoves,Reduction,Sub-Saharan Africa,Madagascar,Korea Carbon Management Ltd,2021.0,141430.0,11.09,BB,No,No
VCS2778,Madagascar Improved CookStove Project by KCM-Wood#CPA-W-020,VCS,Registered,Household & Community,Cookstoves,Reduction,Sub-Saharan Africa,Madagascar,Korea Carbon Management Ltd,2022.0,67986.0,10.03,B,No,No
VCS2779,Madagascar Improved Cook Stove Project by KCM-Wood#CPA-W-021,VCS,Registered,Household & Community,Cookstoves,Reduction,Sub-Saharan Africa,Madagascar,Korea Carbon Management Ltd,2021.0,131582.0,11.05,B,No,No
VCS2780,Madagascar Improved Cook Stove Project by KCM-Wood#CPA-W-022,VCS,Registered,Household & Community,Cookstoves,Reduction,Sub-Saharan Africa,Madagascar,Korea Carbon Management Ltd,2022.0,105290.0,9.37,B,No,No
VCS2789,UpEnergy-Social and Climate Impact Programme-Uganda 1,VCS,Registered,Household & Community,Cookstoves,Reduction,Sub-Saharan Africa,Uganda,UpEnergy Group,2022.0,383201.0,8.45,BB,No,No
VCS2794,Madagascar Improved Cook Stove Project by KCM-Wood#CPA-W-030,VCS,Registered,Household & Community,Cookstoves,Reduction,Sub-Saharan Africa,Madagascar,Korea Carbon Management Ltd,2022.0,1522896.0,8.9,,No,No
VCS2825,Madagascar Improved Cook Stove Project by KCM-Wood#CPA-W-006,VCS,Verification approval requested,Household & Community,Cookstoves,Reduction,Sub-Saharan Africa,Madagascar,Korea Carbon Management Ltd,2021.0,119387.0,9.17,B,No,No
VCS2826,Madagascar Improved Cook Stove Project by KCM-Wood#CPA-W-007,VCS,Verification approval requested,Household & Community,Cookstoves,Reduction,Sub-Saharan Africa,Madagascar,Korea Carbon Management Ltd,2021.0,120542.0,9.08,BB,No,No
VCS2827,Madagascar Improved Cook Stove Project by KCM-Wood#CPA-W-008,VCS,Registered,Household & Community,Cookstoves,Reduction,Sub-Saharan Africa,Madagascar,Korea Carbon Management Ltd,2021.0,127734.0,10.58,CCC,No,No
VCS2828,Improved Cooking Stove Programme in Burundi,VCS,Registered,Household & Community,Cookstoves,Reduction,Sub-Saharan Africa,Burundi,POWA S.A,2021.0,1123187.0,7.21,BB,No,No
VCS2830,Huineng Low Concentration Coal Mine Methane Utilization Project,VCS,Registered,Industrial & Commercial,Mine Methane Capture,Reduction,Eastern Asia,China,"Beijing Yonder Environmental Energy Technology Co., Ltd",2016.0,835401.0,9.07,AA,No,No
VCS2833,Grouped Reforestation Project by Cropzone Agro Forestry Private Limited,VCS,Registered,Forestry & Land Use,Afforestation/Reforestation,Impermanent Removal,Southern Asia,India,CropZone Agro Forestry Private Limited,2017.0,8527.0,21.61,CCC,Yes,No
VCS2835,MicroEnergy Credits – Microfinance for Clean Energy Product Lines – Africa – Solar Lamps & Efficient cook stoves – 10341 –CPA - 0001,VCS,Registered,Household & Community,Bundled Energy Efficiency,Reduction,Sub-Saharan Africa,Kenya,MicroEnergy Credits Corp,2016.0,215264.0,3.54,,No,No
VCS2836,MicroEnergy Credits – Microfinance for Clean Energy Product Lines – Africa – Solar Lamps & Efficient cook stoves – 10341 –CPA - 0002,VCS,Registered,Household & Community,Bundled Energy Efficiency,Reduction,Sub-Saharan Africa,Kenya,MicroEnergy Credits Corp,2018.0,282512.0,3.31,B,No,No
VCS2837,MicroEnergy Credits – Microfinance for Clean Energy Product Lines – Africa – Solar Lamps & Efficient cook stoves – 10341 –CPA - 0003,VCS,Registered,Household & Community,Bundled Energy Efficiency,Reduction,Sub-Saharan Africa,Kenya,MicroEnergy Credits Corp,2019.0,236272.0,3.04,BBB,No,No
VCS2838,MicroEnergy Credits – Microfinance for Clean Energy Product Lines – Africa – Solar Lamps & Efficient cook stoves – 10341 –CPA - 0004,VCS,Registered,Household & Community,Bundled Energy Efficiency,Reduction,Sub-Saharan Africa,Uganda,MicroEnergy Credits Corp,2018.0,67806.0,3.31,B,No,No
VCS2839,MicroEnergy Credits – Microfinance for Clean Energy Product Lines – Africa – Solar Lamps & Efficient cook stoves – 10341 –CPA - 0005,VCS,Registered,Household & Community,Bundled Energy Efficiency,Reduction,Sub-Saharan Africa,Uganda,MicroEnergy Credits Corp,2019.0,54342.0,4.11,BBB,No,No
VCS2840,Nanzhao County MSW Landfill Site LFG Pollution Treatment and Comprehensive Utilization Project,VCS,Registered,Waste Management,Landfill Methane,Reduction,Eastern Asia,China,"Henan BCCY Environmental Energy CO.,LTD.",2021.0,95959.0,6.69,AA,No,No
VCS2846,FSW AMMS GHG Mitigation Project in Nanyang City,VCS,Registered,Agriculture,Manure Methane Digester,Reduction,Eastern Asia,China,"Muyuan Foods Co., Ltd.",2020.0,8683.0,6.62,BBB,No,No
VCS2848,Taikefeng Composting Project in Gaomi City,VCS,Registered,Waste Management,Composting,Reduction,Eastern Asia,China,"Gaomi Nanyang Taikefeng Environmental Protection Techonology Co., Ltd.",2020.0,89291.0,8.23,AA,No,No
VCS2852,Xinjiang Burqin Improved Grassland Management Project,VCS,Registered,Forestry & Land Use,Sustainable Grassland Management,Mixed,Eastern Asia,China,Burqin Jinhua Urban Construction and Investment Co.Ltd.,2017.0,671927.0,10.39,BBB,Yes,No
VCS2861,Laifeng County Jiulongpan domestic waste landfill pollution control and comprehensive utilization project,VCS,Registered,Waste Management,Landfill Methane,Reduction,Eastern Asia,China,"Henan BCCY Environmental Energy CO.,LTD.",2021.0,74293.0,4.59,AA,No,No
VCS2862,Wuyang domestic waste treatment plant domestic waste landfill gas (biogas) pollution control and comprehensive utilization project,VCS,Registered,Waste Management,Landfill Methane,Reduction,Eastern Asia,China,"Henan BCCY Environmental Energy CO.,LTD.",2021.0,93555.0,4.48,AAA,No,No
VCS2863,Xinmi urban domestic waste gas harmless treatment and comprehensive utilization project,VCS,Registered,Waste Management,Landfill Methane,Reduction,Eastern Asia,China,"Henan BCCY Environmental Energy CO.,LTD.",2021.0,218881.0,4.18,AAA,No,No
VCS2864,Xuancheng Composting Project Phase I,VCS,Registered,Waste Management,Composting,Reduction,Eastern Asia,China,"Xuancheng Nanyang Biotechnology Co., Ltd",2020.0,79687.0,5.47,AAA,No,No
VCS2866,Xuan Cheng Composting Project Phase II,VCS,Registered,Waste Management,Composting,Reduction,Eastern Asia,China,"Xuancheng Nanyang Biotechnology Co., Ltd",2020.0,22302.0,5.19,,No,No
VCS2868,Women led cleaner cooking initiative in Odisha,VCS,Registered,Household & Community,Cookstoves,Reduction,Southern Asia,India,SDG 13 Ventures Pte. Ltd.,2022.0,805477.0,12.41,A,No,No
VCS2878,Rio Madeira Grouped REDD+ Project,VCS,Registered,Forestry & Land Use,REDD+,Reduction,Latin America and the Caribbean,Brazil,Future Carbon International LLC,2019.0,1299259.0,14.12,BBB,Yes,No
VCS2880,"BINZHOU TOPIGS NORSVIN BREEDING SWINE CO., LTD. BINHAI SWINE FARM BIOGAS RECOVERY AND UTILIZATION PROJECT",VCS,Registered,Agriculture,Manure Methane Digester,Reduction,Eastern Asia,China,"Binzhou Topigs Norsvin Breeding Swine Co., Ltd. Binhai Branch",2020.0,13516.0,7.73,,No,No
VCS2886,Installation of high efficiency wood burning cookstoves in Malawi – Project 3,VCS,Registered,Household & Community,Cookstoves,Reduction,Sub-Saharan Africa,Malawi,Bridge Carbon Africa Stoves Development Private Limited,2022.0,61204.0,10.05,,No,No
VCS2887,Boomitra Grassland Restoration in Northern Mexico,VCS,Registered,Forestry & Land Use,Sustainable Grassland Management,Mixed,Latin America and the Caribbean,Mexico,Boomitra Inc,2019.0,2887660.0,11.15,BBB,Yes,No
VCS2888,Installation of high efficiency wood burning cookstoves in Mozambique – Project 2,VCS,Registered,Household & Community,Cookstoves,Reduction,Sub-Saharan Africa,Mozambique,Bridge Carbon Africa Stoves Development Private Limited,2021.0,49121.0,14.02,B,No,No
VCS2897,Forest Conservation in Boumba-et-Ngoko,VCS,Registered,Forestry & Land Use,Improved Forest Management,Mixed,Sub-Saharan Africa,Cameroon,CarbonSinkGroup S.R.L.,2018.0,1806.0,14.53,BB,Yes,No
VCS2908,Biomass Cookstove Project in Meghalaya,VCS,Registered,Household & Community,Cookstoves,Reduction,Southern Asia,India,Multiple Proponents,2021.0,18067.0,8.49,CCC,No,No
VCS2913,Guizhou Yingxing CMM Power Generation Project,VCS,Registered,Industrial & Commercial,Mine Methane Capture,Reduction,Eastern Asia,China,"Guizhou Jinyan Energy Technology Co., Ltd.",2020.0,134683.0,9.29,AAA,No,No
VCS2922,Improved Cookstoves for Communities,VCS,Registered,Household & Community,Cookstoves,Reduction,Southern Asia,India,Outreach Projects Pvt. Ltd.,2021.0,34209.0,8.48,A,No,No
VCS2923,Grouped Projects for Viet Nam Cookstove Program.,VCS,Registered,Household & Community,Cookstoves,Reduction,South-Eastern Asia,Viet Nam,Sustainability Investment Promotion and Development Joint Stock Company,2022.0,7292616.0,12.6,BB,No,No
VCS2924,Grouped Projects for Laos Improved Cookstove,VCS,Registered,Household & Community,Cookstoves,Reduction,South-Eastern Asia,Laos,Sustainability Investment Promotion and Development Joint Stock Company,2023.0,951542.0,6.89,,No,No
VCS2925,Grouped Projects for Cambodia Improved Cookstove,VCS,Registered,Household & Community,Cookstoves,Reduction,South-Eastern Asia,Cambodia,Sustainability Investment Promotion and Development Joint Stock Company,2022.0,3162791.0,12.48,AA,No,No
VCS2930,Reducing Gas Leakages within the Titas Gas Distribution Network in Bangladesh,VCS,Verification approval requested,Industrial & Commercial,Leak Detection & Repair in Gas Systems,Reduction,Southern Asia,Bangladesh,NE Climate A/S,2021.0,11761545.0,5.2,A,No,No
VCS2931,Grassland Restoration and Stewardship in South Africa (GRASS),VCS,Registered,Agriculture,Sustainable Agriculture,Mixed,Sub-Saharan Africa,South Africa,Multiple Proponents,2021.0,240180.0,20.51,BB,Yes,No
VCS2939,Global Cookstove Program (EKI Phase 01),VCS,Verification approval requested,Household & Community,Cookstoves,Reduction,Southern Asia,India,EKI Energy Services Limited,2021.0,91169.0,11.01,BB,No,No
VCS2941,Global Cookstove Program (EKI Phase 03),VCS,Verification approval requested,Household & Community,Cookstoves,Reduction,Southern Asia,India,EKI Energy Services Limited,2022.0,148156.0,12.2,A,No,No
VCS2942,Clean Cooking - Cook Stove for Rural India,VCS,Verification approval requested,Household & Community,Cookstoves,Reduction,Southern Asia,India,Multiple Proponents,2022.0,135971.0,7.08,CCC,No,No
VCS2943,Global Cookstove Program (EKI Phase 05),VCS,Registered,Household & Community,Cookstoves,Reduction,Southern Asia,India,EKI Energy Services Limited,2022.0,426710.0,9.1,AA,No,No
VCS2951,Liaoning Xinwang Swine Farm Manure Management System GHG Mitigation Project,VCS,Registered,Agriculture,Manure Methane Digester,Reduction,Eastern Asia,China,"Kangping Xinwang agriculture and animal husbandry Co., Ltd.",2020.0,181486.0,8.17,A,No,No
VCS2957,Wuhan Chenjiachong Landfill Gas Power Generation Project Phase II,VCS,Registered,Waste Management,Landfill Methane,Reduction,Eastern Asia,China,"Wuhan Jianghuan OneCarbon Energy Development Co., Ltd.",2020.0,269773.0,4.9,A,No,No
VCS2960,Changing Lives via Improved Cooking Initiative - India,VCS,Registered,Household & Community,Cookstoves,Reduction,Southern Asia,India,Multiple Proponents,2023.0,397821.0,10.31,B,No,No
VCS2964,POLATLI ENERBES BIOGAS PROJECT,VCS,Registered,Agriculture,Manure Methane Digester,Reduction,Western Asia,Türkiye,Multiple Proponents,2020.0,59257.0,12.63,AA,No,No
VCS2971,OKA 2 PROJECT,VCS,Registered,Forestry & Land Use,Afforestation/Reforestation,Impermanent Removal,Sub-Saharan Africa,Congo,Acacia Bateke Capital,2020.0,14284.0,20.91,A,Yes,No
VCS2980,Feijó REDD+ Project,VCS,Registered,Forestry & Land Use,REDD+,Reduction,Latin America and the Caribbean,Brazil,Multiple Proponents,2019.0,29153.0,11.34,BB,Yes,No
VCS2984,Rwandan Improved Cookstove Project,VCS,Registered,Household & Community,Cookstoves,Reduction,Sub-Saharan Africa,Rwanda,Likano Project Development GmbH,2022.0,484726.0,9.37,BBB,No,No
VCS2989,Solar Water Pump Project in Kenya,VCS,Verification approval requested,Agriculture,Improved Irrigation Management,Reduction,Sub-Saharan Africa,Kenya,SunCulture Kenya Ltd,2020.0,28031.0,11.59,A,No,No
VCS2992,HG Afforestation Through High Quality Timber Over Degraded Grasslands,VCS,Registered,Forestry & Land Use,Afforestation/Reforestation,Impermanent Removal,Latin America and the Caribbean,Uruguay,Pike Carbosur S.A.,2020.0,2270.0,25.22,BB,Yes,No
VCS2998,Brascarbon Methane Recovery Project BCA-BRA-16,VCS,Registered,Agriculture,Manure Methane Digester,Reduction,Latin America and the Caribbean,Brazil,Brascarbon Consultoria Projetos e Representacao S/A,2022.0,75437.0,6.89,,No,No
VCS3000,Nankang District MSW Landfill Site LFG Recovery and Comprehensive Utilization Project,VCS,Registered,Waste Management,Landfill Methane,Reduction,Eastern Asia,China,"Henan BCCY Environmental Energy CO.,LTD.",2021.0,405915.0,5.36,A,No,No
VCS3002,Hiwi REDD+ Project,VCS,Registered,Forestry & Land Use,REDD+,Reduction,Latin America and the Caribbean,Brazil,Multiple Proponents,2019.0,97323.0,12.0,B,Yes,No
VCS3005,Tongxu Biogas Recovery and Utilization Project,VCS,Registered,Agriculture,Manure Methane Digester,Reduction,Eastern Asia,China,"Tongxu Agro-pastoral Co., Ltd.",2020.0,99487.0,6.99,AA,No,No
VCS3006,Taiqian County MSW Landfill Site LFG Comprehensive Utilization Project,VCS,Registered,Waste Management,Landfill Methane,Reduction,Eastern Asia,China,"Henan BCCY Environmental Energy CO.,LTD.",2021.0,56868.0,6.69,AA,No,No
VCS3007,Installation of high efficiency cookstoves in India by AGS Carbon,VCS,Registered,Household & Community,Cookstoves,Reduction,Southern Asia,India,AGS Carbon Advisory,2022.0,14607.0,9.22,CCC,No,No
VCS3011,Mengzi MSW Landfill Site LFG Comprehensive Utilization and Power Generation Project,VCS,Registered,Waste Management,Landfill Methane,Reduction,Eastern Asia,China,"Henan BCCY Environmental Energy CO.,LTD.",2021.0,131861.0,4.49,,No,No
VCS3016,Guoyang MSW Landfill Site LFG Recovery and Comprehensive Utilization Project,VCS,Registered,Waste Management,Landfill Methane,Reduction,Eastern Asia,China,"Henan BCCY Environmental Energy CO.,LTD.",2021.0,163417.0,6.57,AA,No,No
VCS3017,Jiangsu REO-ECO PET RECYCLING PROJECT,VCS,Verification approval requested,Waste Management,Waste Recycling,Reduction,Eastern Asia,China,"Jiangsu REO-ECO New Material Tech Co., Ltd",2021.0,8120.0,5.15,A,No,No
VCS3018,BigCoast Forest Climate Initiative,VCS,Under validation,Forestry & Land Use,Improved Forest Management,Mixed,North America,Canada,Mosaic Forest Management Corporation,2018.0,236944.0,14.1,BB,Yes,Yes
VCS3019,REGENERATING DEGRADED LANDS IN FLORIDA THROUGH PONGAMIA,VCS,Registered,Forestry & Land Use,Afforestation/Reforestation,Impermanent Removal,North America,United States,Multiple Proponents,2018.0,3296.0,24.91,A,Yes,No
VCS3021,Reducing Gas Leakages within North West and other sub-areas of the Titas Gas Distribution Network in Bangladesh,VCS,Registered,Industrial & Commercial,Leak Detection & Repair in Gas Systems,Reduction,Southern Asia,Bangladesh,Carbon Projects LLC,2022.0,1678775.0,5.89,A,No,No
VCS3031,Global Cookstove Program (EKI Phase 12),VCS,Registered,Household & Community,Cookstoves,Reduction,Southern Asia,India,EKI Energy Services Limited,2023.0,15754.0,10.04,AA,No,No
VCS3041,EZVOLT - EV CHARGING NETWORK CARBON CREDITS PROJECT,VCS,Registered,Transportation,Electric Vehicles & Charging,Reduction,Latin America and the Caribbean,Brazil,Easy Volt Brasil Ltda,2022.0,1835.0,6.05,BB,No,No
VCS3046,BATMAN LANDFILL GAS (LFG) CAPTURE AND UTILIZATION PROJECT,VCS,Registered,Waste Management,Landfill Methane,Reduction,Western Asia,Türkiye,Multiple Proponents,2020.0,102512.0,5.53,AA,No,No
VCS3047,Nanyang Dongjia Composting Project in Fangcheng County,VCS,Registered,Waste Management,Composting,Reduction,Eastern Asia,China,"Nanyang Dongjia Agriculture and Animal Husbandry Development Co., Ltd.",2020.0,103818.0,4.2,BBB,No,No
VCS3052,Grouped Projects For Cambodia Water Purifier,VCS,Verification approval requested,Household & Community,Clean Water,Reduction,South-Eastern Asia,Cambodia,Sustainability Investment Promotion and Development Joint Stock Company,2022.0,624030.0,13.78,AA,No,No
VCS3056,Brascarbon Methane Recovery Project BCA-BRA-17,VCS,Registered,Agriculture,Manure Methane Digester,Reduction,Latin America and the Caribbean,Brazil,Brascarbon Consultoria Projetos e Representacao S/A,2021.0,90542.0,6.4,AAA,No,No
VCS3059,"Replacement of ICLs with LED lamps in Gujarat, India",VCS,Verification approval requested,Household & Community,Lighting,Reduction,Southern Asia,India,AGS Carbon Advisory,2022.0,94353.0,10.62,,No,No
VCS3061,Hexian MSW Landfill Site LFG recovery to power project,VCS,Registered,Waste Management,Landfill Methane,Reduction,Eastern Asia,China,"Henan BCCY Environmental Energy CO.,LTD.",2024.0,20010.0,6.06,A,No,No
VCS3063,Pengmai Composting Project in Fangcheng County,VCS,Registered,Waste Management,Composting,Reduction,Eastern Asia,China,"Fangcheng County Pengmai Agriculture and animal husbandry development Co., Ltd.",2020.0,94809.0,4.72,BB,No,No
VCS3068,DENIZLI ENERGY BIOGAS PLANT,VCS,Registered,Agriculture,Manure Methane Digester,Reduction,Western Asia,Türkiye,DENİZLİ BİYOGAZ ENERJİ ÜRETİM ANONİM ŞİRKETİ,2023.0,22229.0,7.37,AA,No,No
VCS3069,Tangyin County MSW Landfill Site LFG Pollution Control and Comprehensive Utilization Project,VCS,Registered,Waste Management,Landfill Methane,Reduction,Eastern Asia,China,"Henan BCCY Environmental Energy CO.,LTD.",2022.0,69473.0,6.79,AA,No,No
VCS3078,Puyang County Rural MSW Landfill Site LFG Pollution Treatment and Comprehensive Utilization Project,VCS,Registered,Waste Management,Landfill Methane,Reduction,Eastern Asia,China,"Henan BCCY Environmental Energy CO.,LTD.",2021.0,35761.0,7.71,AAA,No,No
VCS3092,IMPROVED COOKSTOVES DISTRIBUTION IN IVORY COAST,VCS,Verification approval requested,Household & Community,Cookstoves,Reduction,Sub-Saharan Africa,Côte d'Ivoire,Multiple Proponents,2022.0,62487.0,7.04,BB,No,No
VCS3094,REDUCING CARBON EMISSIONS ON I-64 CAPACITY IMPROVEMENT PROJECT WITH THE USE OF FSB AND EMULSION ASPHALT MIXTURES,VCS,Registered,Industrial & Commercial,Road Construction Emission Reductions,Reduction,North America,United States,"Global Emissionairy, LLC",2018.0,7772.0,8.18,BB,No,No
VCS3095,Biodiesel Project by Kotyark Industries Limited,VCS,Registered,Industrial & Commercial,Fuel Switching,Reduction,Southern Asia,India,Kotyark Industries Limited,2020.0,43777.0,5.66,B,No,No
VCS3096,UPLIFTING OF MALAGASY COMMUNITIES BY DISTRIBUTING EFFICIENT COOKING APPLIANCE,VCS,Verification approval requested,Household & Community,Cookstoves,Reduction,Sub-Saharan Africa,Madagascar,GSG Cleantech Private Limited,2022.0,111351.0,7.96,,No,No
VCS3099,Spectra Solar Park Ltd _35 MW AC Grid-Tied by Spectra Solar Park Limited,VCS,Registered,Renewable Energy,Solar - Centralized,Reduction,Southern Asia,Bangladesh,Spectra Solar Park Limited,2021.0,33223.0,2.92,BB,No,No
VCS3109,Biomass Cookstove Project in Jharkhand,VCS,Registered,Household & Community,Cookstoves,Reduction,Southern Asia,India,Fair Climate Fund India Private Limited,2020.0,6593.0,11.29,A,No,No
VCS3115,Sustainable agricultural practices for carbon sequestration by Organic and Natural farming groups,VCS,Registered,Agriculture,Sustainable Agriculture,Mixed,Southern Asia,India,Multiple Proponents,2017.0,994233.0,10.69,CCC,Yes,No
VCS3116,CAMBODIA PREY MOAN KHMER IMPROVED COOKSTOVE PROGRAM I,VCS,Registered,Household & Community,Cookstoves,Reduction,South-Eastern Asia,Cambodia,Multiple Proponents,2022.0,230519.0,16.76,BB,No,No
VCS3128,Luyi Biogas Recovery and Utilization Project,VCS,Verification approval requested,Agriculture,Manure Methane Digester,Reduction,Eastern Asia,China,"Luyi Agro-pastoral Co., Ltd.",2021.0,125676.0,7.36,A,No,No
VCS3132,Shangcai Chenfazhai Biogas Recovery and Utilization Project,VCS,Registered,Agriculture,Manure Methane Digester,Reduction,Eastern Asia,China,"Shangcai Agro-pastoral Co., Ltd.",2021.0,31114.0,9.33,AA,No,No
VCS3134,Huaxian Caiying Biogas Recovery and Utilization Project,VCS,Verification approval requested,Agriculture,Manure Methane Digester,Reduction,Eastern Asia,China,"Huaxian Agro-pastoral Co., Ltd.",2021.0,93190.0,7.29,AAA,No,No
VCS3135,Henan Grouped Biogas Recovery and Utilization Project,VCS,Registered,Agriculture,Manure Methane Digester,Reduction,Eastern Asia,China,"Muyuan Foods Co., Ltd.",2020.0,17638.0,6.09,BBB,No,No
VCS3154,"Household Biogas Project in Uttarakhand, India",VCS,Registered,Household & Community,Biodigesters,Reduction,Southern Asia,India,Green Solutions,2020.0,38876.0,12.31,BB,No,No
VCS3161,Displacement of firewood by household biogas stoves in India,VCS,Registered,Household & Community,Biodigesters,Reduction,Southern Asia,India,Greneity Infocom Service Pvt Ltd,2020.0,82151.0,11.65,AA,No,No
VCS3204,Grouped Projects For Laos Water Purifier,VCS,Verification approval requested,Household & Community,Clean Water,Reduction,South-Eastern Asia,Laos,Sustainability Investment Promotion and Development Joint Stock Company,2023.0,308963.0,14.62,BB,No,No
VCS3206,Installation of high efficiency wood burning cookstoves in Kenya 2,VCS,Registered,Household & Community,Cookstoves,Reduction,Sub-Saharan Africa,Kenya,Bridge Carbon EA Stoves Private Limited,2025.0,2208.0,14.06,,No,No
VCS3207,CO2 UTILIZATION IN CONCRETE - Removals & Reductions - CarbonCure - U.S. Project #1,VCS,Verification approval requested,Carbon Capture & Storage,Carbon Capture in Concrete,Reduction,North America,United States,CarbonCure Technologies Inc.,2019.0,34654.0,47.14,AA,No,No
VCS3220,Mbakaou Carriere Small Hydro Power Plant,VCS,Registered,Renewable Energy,Hydropower,Reduction,Sub-Saharan Africa,Cameroon,IED Invest Cameroun,2022.0,13852.0,3.25,CCC,No,No
VCS3222,MARDIN LFG POWER PLANT,VCS,Registered,Waste Management,Landfill Methane,Reduction,Western Asia,Türkiye,Multiple Proponents,2023.0,29652.0,7.77,,No,No
VCS3225,Yingkou MSW Incineration and Power Generation Project,VCS,Registered,Waste Management,Waste Incineration,Reduction,Eastern Asia,China,Yingkou Canvest Environmental Power Company Limited.,2021.0,438046.0,5.74,B,No,No
VCS3239,Madagascar Fahatokiana Improved Cookstove Program,VCS,Registered,Household & Community,Cookstoves,Reduction,Sub-Saharan Africa,Madagascar,"Guangzhou Iceberg Environmental Consulting Services Co., Ltd.",2022.0,162144.0,12.12,BBB,No,No
VCS3240,The Core Carbon,VCS,Registered,Household & Community,Cookstoves,Reduction,Southern Asia,India,Core CarbonX Solutions Private Limited,2022.0,303685.0,7.74,,No,No
VCS3244,Grouped Projects For Vietnam Energy Efficiency Program,VCS,Registered,Household & Community,Lighting,Reduction,South-Eastern Asia,Viet Nam,Sustainability Investment Promotion and Development Joint Stock Company,2022.0,237051.0,8.58,,No,No
VCS3262,Livelihoods Chitetezo Mbaula Project,VCS,Registered,Household & Community,Cookstoves,Reduction,Sub-Saharan Africa,Malawi,Livelihoods Fund SICAV SIF,2022.0,74885.0,6.17,CCC,No,No
VCS3282,Solid Waste Management Project at Moradabad,VCS,Registered,Renewable Energy,Biomass,Reduction,Southern Asia,India,HARI BHARI MORADABAD WASTE MANAGEMENT PRIVATE LIMITED,2020.0,16615.0,4.29,BB,No,No
VCS3286,Grouped Water Purification Project in India,VCS,Registered,Household & Community,Clean Water,Reduction,Southern Asia,India,Multiple Proponents,2021.0,1537.0,6.3,BBB,No,No
VCS3298,Blitta – Togo Solar Power Plant,VCS,Registered,Renewable Energy,Solar - Centralized,Reduction,Sub-Saharan Africa,Togo,Multiple Proponents,2021.0,85175.0,1.61,B,No,No
VCS3308,Dongyuan Xiantang Landfill Gas Power Generation Phase I Project,VCS,Registered,Waste Management,Landfill Methane,Reduction,Eastern Asia,China,"Shenzhen PhasCon Technologies Co., Ltd.",2022.0,48802.0,6.89,AAA,No,No
VCS3342,XiCO2e: Mexican Reforestation Project,VCS,Registered,Forestry & Land Use,Afforestation/Reforestation,Impermanent Removal,Latin America and the Caribbean,Mexico,Multiple Proponents,2017.0,75325.0,33.7,,Yes,No
VCS3344,The Last Habitat REDD+ project,VCS,Registered,Forestry & Land Use,REDD+,Reduction,Latin America and the Caribbean,Peru,Bosques Amazonicos,2020.0,561023.0,12.45,BB,No,No
VCS3346,DEVELOPING CARBON FINANCE PROJECT FOR FARMERS ADOPTING REGENERATIVE AGRICULTURE PRACTICES IN THE INDO-GANGETIC PLAINS,VCS,Registered,Agriculture,Sustainable Agriculture,Mixed,Southern Asia,India,Varaha ClimateAg Private Limited,2019.0,363182.0,13.24,CCC,Yes,No
VCS3348,Huizhou Landfill Gas Power Generation Phase III and IV Project,VCS,Registered,Waste Management,Landfill Methane,Reduction,Eastern Asia,China,"Shenzhen PhasCon Technologies Co., Ltd.",2020.0,483622.0,6.09,AAA,No,No
VCS3350,THE ARR HORIZONTE CARBON PROJECT,VCS,Verification approval requested,Forestry & Land Use,Afforestation/Reforestation,Impermanent Removal,Latin America and the Caribbean,Brazil,Suzano SA,2017.0,1163875.0,25.67,A,Yes,No
VCS3352,Improving Energy Efficiency in Homes Through Smart Thermostat Optimization,VCS,Verification approval requested,Household & Community,Lighting,Reduction,North America,United States,ecobee Technologies ULC,2021.0,339466.0,11.61,A,No,No
VCS3356,Changing Lives via Improved Cooking Initiatives – Philippines,VCS,Registered,Household & Community,Cookstoves,Reduction,South-Eastern Asia,Philippines,SD Environmental Projects Pte. Ltd.,2023.0,432268.0,10.31,CCC,No,No
VCS3363,Westphalen Forest Carbon Project,VCS,Registered,Forestry & Land Use,Improved Forest Management,Mixed,Europe,Germany,Matthias Graf von Westphalen,2018.0,22634.0,11.01,B,Yes,No
VCS3368,Orizon CarbonCrop Rewards Programme,VCS,Registered,Agriculture,Sustainable Agriculture,Mixed,Sub-Saharan Africa,South Africa,Orizon Agriculture (Pty) Ltd,2018.0,143629.0,9.56,B,Yes,No
VCS3369,Tieqilishi Sichuan Liangshan AWMS GHG Mitigation Project,VCS,Registered,Agriculture,Manure Methane Digester,Reduction,Eastern Asia,China,"Sichuan Tieqilishi Food Co., Ltd.",2021.0,161852.0,8.78,AA,No,No
VCS3393,Hubei Jiulong PET Recycling Project,VCS,Registered,Waste Management,Waste Recycling,Reduction,Eastern Asia,China,"Hubei Jiulong Recycling Technology Co., Ltd.",2021.0,4575.0,8.25,A,No,No
VCS3425,Kwamisa/Other reserves community Forest Project,VCS,Registered,Forestry & Land Use,Afforestation/Reforestation,Impermanent Removal,Sub-Saharan Africa,Ghana,Multiple Proponents,2023.0,5938.0,31.28,A,Yes,No
VCS3432,South American Regenerative Agriculture through Regenerative Grazing (SARA) - AgriCarbon,VCS,Registered,Agriculture,Sustainable Agriculture,Mixed,Latin America and the Caribbean,Argentina,Multiple Proponents,2019.0,205524.0,11.0,CCC,Yes,No
VCS3448,LANDFILL GAS COLLECTION AND UTILIZATION AT THE MARCA CARIACICA – II LANDFILL,VCS,Registered,Waste Management,Landfill Methane,Reduction,Latin America and the Caribbean,Brazil,MARCA CONSTRUTORA E SERVIÇOS LTDA,2020.0,421374.0,4.27,A,No,No
VCS3450,"Sustainable Agroforestry Cacao Meta, Colombia",VCS,Registered,Forestry & Land Use,Afforestation/Reforestation,Impermanent Removal,Latin America and the Caribbean,Colombia,Multiple Proponents,2021.0,19871.0,25.42,CCC,Yes,No
VCS3534,7.81MW solar power project by AMPSolar Generation Private Limited,VCS,Registered,Renewable Energy,Solar - Distributed,Reduction,Southern Asia,India,AMPSolar Generation Private Limited.,2021.0,17798.0,3.6,CCC,No,No
VCS3544,Solid Waste to Energy Production Facility Sonepat,VCS,Registered,Renewable Energy,Biomass,Reduction,Southern Asia,India,JBM Environment Management Pvt Ltd,2021.0,65611.0,3.62,CCC,No,No
VCS3545,"50 MW (AC) SOLAR PARK AT SUTIAKHALI, GOURIPUR, MYMENSINGH",VCS,Registered,Renewable Energy,Solar - Centralized,Reduction,Southern Asia,Bangladesh,HDFC Sinpower Limited,2020.0,99987.0,2.18,CCC,No,No
VCS3556,Grouped Rooftop Solar Project by Tata Power Renewable Energy Limited,VCS,Registered,Renewable Energy,Solar - Distributed,Reduction,Southern Asia,India,Tata Power Renewable Energy Limited,2020.0,52284.0,3.82,BB,No,No
VCS3562,Agroforestry plantations in India,VCS,Registered,Forestry & Land Use,Afforestation/Reforestation,Impermanent Removal,Southern Asia,India,Shivbhadra Agro Private LTD,2021.0,9646.0,19.26,BB,Yes,No
VCS3570,Bamboo plantations by farmers and community in the country,VCS,Registered,Forestry & Land Use,Afforestation/Reforestation,Impermanent Removal,Southern Asia,India,Infinite Environmental Solutions Limited,2021.0,118116.0,26.87,BB,Yes,No
VCS3590,Jutaituba REDD+ Project,VCS,Registered,Forestry & Land Use,REDD+,Reduction,Latin America and the Caribbean,Brazil,Multiple Proponents,2020.0,30976.0,8.84,BB,Yes,No
VCS3599,Grouped Projects for Safe Drinking Water for Schools in Viet Nam,VCS,Registered,Household & Community,Clean Water,Reduction,South-Eastern Asia,Viet Nam,Sustainability Investment Promotion and Development Joint Stock Company,2022.0,819023.0,5.3,BB,No,No
VCS3601,CAAPII REDD+ PROJECT,VCS,Registered,Forestry & Land Use,REDD+,Reduction,Latin America and the Caribbean,Brazil,Multiple Proponents,2020.0,101080.0,9.49,BB,Yes,No
VCS3604,Improved Cookstove Implementation in Nepal.,VCS,Registered,Household & Community,Cookstoves,Reduction,Southern Asia,Nepal,Multiple Proponents,2021.0,12100.0,6.51,B,No,No
VCS3625,Yangdong Landfill Gas Power Generation Project,VCS,Registered,Waste Management,Landfill Methane,Reduction,Eastern Asia,China,"Yangjiang Yangdong Huanyu New Energy Co., Ltd.",2021.0,222573.0,9.87,AAA,No,No
VCS3626,Yangchun Landfill Gas Power Generation Project,VCS,Registered,Waste Management,Landfill Methane,Reduction,Eastern Asia,China,"Yangchun Huanchuang New Energy Co., Ltd.",2021.0,187152.0,5.59,A,No,No
VCS3630,Selva Paranaense Vida Nativa - GS1,VCS,Verification approval requested,Forestry & Land Use,Improved Forest Management,Mixed,Latin America and the Caribbean,Argentina,NIDEPORT SOCIEDAD ANONIMA,2021.0,137742.0,11.3,A,Yes,No
VCS3649,Tianjin Dahanzhuang LFG Power Generation Project I,VCS,Registered,Waste Management,Landfill Methane,Reduction,Eastern Asia,China,"Tianjin Zhonglan Huanneng Co., Ltd",2020.0,115878.0,6.44,AA,No,No
VCS3651,Ege Biogas Project,VCS,Registered,Agriculture,Manure Methane Digester,Reduction,Western Asia,Türkiye,Multiple Proponents,2021.0,56895.0,7.33,BBB,No,No
VCS3654,Improved cookstove grouped project in Rwanda,VCS,Registered,Household & Community,Cookstoves,Reduction,Sub-Saharan Africa,Rwanda,B.B. Energy (Asia) Pte Ltd,2022.0,298801.0,10.39,BB,No,No
VCS3662,15 MW Nam Hinboun Downstream Hydropower Project,VCS,Registered,Renewable Energy,Hydropower,Reduction,South-Eastern Asia,Laos,Rasita Power Co. Ltd.,2021.0,10999.0,3.33,CCC,No,No
VCS3669,Western Kenya Soil Carbon Project,VCS,Registered,Agriculture,Sustainable Agriculture,Mixed,Sub-Saharan Africa,Kenya,Soil-Carbon Certification Services,2019.0,57882.0,11.83,,Yes,No
VCS3677,Ecobase Europe Afforestation Project,VCS,Registered,Forestry & Land Use,Afforestation/Reforestation,Impermanent Removal,Europe,Estonia,ECOBASE (PROJECT SPRUCE OÜ),2019.0,25575.0,25.41,A,Yes,No
VCS3678,Chia Tai AWMS GHG Mitigation Project in Guangdong Province,VCS,Registered,Agriculture,Manure Methane Digester,Reduction,Eastern Asia,China,"Guangdong Zhanjiang Chia Tai Swine Industry Co., Ltd.",2021.0,161962.0,5.62,BBB,No,No
VCS3689,Biodiesel Project by Rajputana Biodiesel Private Limited,VCS,Registered,Industrial & Commercial,Fuel Switching,Reduction,Southern Asia,India,Rajputana Biodiesel Private Limited,2020.0,4841.0,5.25,AA,No,No
VCS3691,Safe Drinking Water Supply Project in the Rural Area of Senegal,VCS,Registered,Household & Community,Clean Water,Reduction,Sub-Saharan Africa,Senegal,"Guangzhou Iceberg Environmental Consulting Services Co., Ltd.",2023.0,41784.0,8.97,A,No,No
VCS3696,Chongqing Tongliang LFG Power Generation Project,VCS,Registered,Waste Management,Landfill Methane,Reduction,Eastern Asia,China,Chongqing Tongliang Zhonglanhuanneng Environmental Technology Co. Ltd.,2021.0,124945.0,5.23,BBB,No,No
VCS3699,DelAgua Improved Cookstove Grouped Project,VCS,Registered,Household & Community,Cookstoves,Reduction,Sub-Saharan Africa,Rwanda,DelAgua Trans Africa Stoves Pte. Ltd.,2022.0,2639106.0,9.91,BBB,No,No
VCS3715,TAIHE COUNTY BIOGAS POWER GENERATION AND ORGANIC FERTILIZER PROJECT,VCS,Registered,Agriculture,Manure Methane Digester,Reduction,Eastern Asia,China,"Anhui United Venture Capital Renewable Energy Technology Co.,Ltd.",2021.0,4026.0,7.31,A,No,No
VCS3720,Giciye III Hydropower Project in Rwanda,VCS,Registered,Renewable Energy,Hydropower,Reduction,Sub-Saharan Africa,Rwanda,B.B. Energy (Asia) Pte Ltd,2020.0,56755.0,2.27,BB,No,No
VCS3739,Selva de Urundel REDD+ Project,VCS,Registered,Forestry & Land Use,REDD+,Reduction,Latin America and the Caribbean,Argentina,CARBON CREDITS CONSULTING S.R.L.,2021.0,1973.0,12.67,,Yes,No
VCS3746,NaturAll Carbon Program – Conservation Agriculture and Land Management in Brazil,VCS,Registered,Agriculture,Sustainable Agriculture,Mixed,Latin America and the Caribbean,Brazil,NaturAll Carbon Limited,2019.0,5496.0,14.02,B,Yes,No
VCS3767,MicroEnergy Credits – Microfinance for Solar Lamps in Kenya,VCS,Registered,Renewable Energy,Solar Lighting,Reduction,Sub-Saharan Africa,Kenya,MicroEnergy Credits Corp,2021.0,248552.0,5.8,CCC,No,No
VCS3769,SMG - Cookstove Program 1,VCS,Registered,Household & Community,Cookstoves,Reduction,Southern Asia,India,Shri Maa Marketing Private Limited,2022.0,47369.0,9.79,BB,No,No
VCS3788,Foumbouni-Mitsamiouli solar farm,VCS,Registered,Renewable Energy,Solar - Centralized,Reduction,Sub-Saharan Africa,Comoros,INNOVENT COMORES S.A,2021.0,17454.0,1.95,BB,No,No
VCS3797,Ödemis Integrated Solid Waste Management Plant,VCS,Registered,Renewable Energy,Biomass,Reduction,Western Asia,Türkiye,Biosun Ödemis Kati Atik İsleme Enerji ve Cevre San. Tic. A.S,2021.0,87646.0,4.62,B,No,No
VCS3801,Improved Cookstove Distribution in Ghana by EKI,VCS,Registered,Household & Community,Cookstoves,Reduction,Sub-Saharan Africa,Ghana,EKI Energy Services Limited,2023.0,549989.0,12.69,AAA,No,No
VCS3814,Chestnut Carbon Conservation Project,VCS,Registered,Forestry & Land Use,Improved Forest Management,Mixed,North America,United States,Forest Carbon Works PBC,2022.0,1864.0,13.48,B,Yes,No
VCS3820,"Distribution of Improved Cookstove in Quang Nam Province, Vietnam",VCS,Registered,Household & Community,Cookstoves,Reduction,South-Eastern Asia,Viet Nam,Green Impact Limited Company,2022.0,255334.0,9.93,CCC,No,No
VCS3835,Grouped projects for water purifiers for climate and community action – Phase 2,VCS,Verification approval requested,Household & Community,Clean Water,Reduction,South-Eastern Asia,Viet Nam,Sustainability Investment Promotion and Development Joint Stock Company,2023.0,50394.0,9.88,BB,No,No
VCS3837,DelAgua Clean Cooking Grouped Project in Sierra Leone,VCS,Registered,Household & Community,Cookstoves,Reduction,Sub-Saharan Africa,Sierra Leone,DelAgua Health Sierra Leone (Voluntary) Limited,2023.0,1291165.0,10.54,AA,No,No
VCS3839,Recycling Roadways for Carbon Emission Reductions – Global Emissionairy – U.S. Project #1,VCS,Registered,Industrial & Commercial,Road Construction Emission Reductions,Reduction,North America,United States,"Global Emissionairy, LLC",2021.0,13225.0,6.01,BBB,No,No
VCS3851,Dongxing Waste Incineration Plant leachate biogas Harmless Treatment and Comprehensive Utilization Project,VCS,Registered,Waste Management,Waste Incineration,Reduction,Eastern Asia,China,"Henan BCCY Environmental Energy CO.,LTD.",2022.0,123622.0,4.29,,No,No
VCS3861,Pingyuan Landfill Gas Power Generation Phase I Project,VCS,Registered,Waste Management,Landfill Methane,Reduction,Eastern Asia,China,"Shenzhen PhasCon Technologies Co., Ltd.",2021.0,32352.0,3.85,AA,No,No
VCS3866,Heyuan Qizhai Landfill Gas Power Generation Project,VCS,Registered,Waste Management,Landfill Methane,Reduction,Eastern Asia,China,"Heyuan Zhengbo New Energy Development Co., Ltd.",2021.0,132003.0,5.21,BBB,No,No
VCS3870,Yangxiang AWMS GHG Mitigation Project in Henan Province,VCS,Registered,Agriculture,Manure Methane Digester,Reduction,Eastern Asia,China,"Henan Yangxiang Breeding Co., Ltd",2021.0,10000.0,9.18,BBB,No,No
VCS3871,Yangxiang AWMS GHG Mitigation Project in Liaoning Province,VCS,Registered,Agriculture,Manure Methane Digester,Reduction,Eastern Asia,China,"Henan Yangxiang Breeding Co., Ltd",2021.0,34948.0,10.51,AAA,No,No
VCS3872,Yangxiang AWMS GHG Mitigation Project In Shandong Province,VCS,Registered,Agriculture,Manure Methane Digester,Reduction,Eastern Asia,China,"Henan Yangxiang Breeding Co., Ltd",2021.0,107029.0,8.41,AA,No,No
VCS3880,Xinfeng AWMS GHG Mitigation Project in Liaoning province,VCS,Registered,Agriculture,Manure Methane Digester,Reduction,Eastern Asia,China,"Henan Yangxiang Breeding Co., Ltd",2021.0,48943.0,6.53,AA,No,No
VCS3889,Household Biogas Project in Madhya Pradesh & Jharkhand,VCS,Registered,Household & Community,Biodigesters,Reduction,Southern Asia,India,Multiple Proponents,2021.0,16687.0,7.53,,No,No
VCS3898,Guizhou Jinsha CMM Power Generation Project,VCS,Registered,Industrial & Commercial,Mine Methane Capture,Reduction,Eastern Asia,China,"Jinsha Yonder Southwest New Energy Development Co., Ltd.",2021.0,205000.0,10.03,AA,No,No
VCS3901,Anhua LFG Power Generation Project,VCS,Registered,Waste Management,Landfill Methane,Reduction,Eastern Asia,China,Anhua Yuanjing Environmental Protection Technology Co. LtD.,2021.0,128705.0,5.32,AAA,No,No
VCS3917,Sequoia Improved cookstoves project in Togo,VCS,Registered,Household & Community,Cookstoves,Reduction,Sub-Saharan Africa,Togo,Sequoia Plantation Togo SAU,2022.0,98536.0,10.81,BB,No,No
VCS3922,Isorka: Electric Vehicle Charging in Iceland,VCS,Registered,Transportation,Electric Vehicles & Charging,Reduction,Europe,Iceland,Ísorka ehf,2021.0,8429.0,5.97,CCC,No,No
VCS3935,Angovo Maharitra,VCS,Registered,Household & Community,Cookstoves,Reduction,Sub-Saharan Africa,Madagascar,CARBON CREDITS CONSULTING S.R.L.,2022.0,17266.0,9.03,BBB,No,No
VCS3936,Mila Rano - Safe water access for Madagascar,VCS,Registered,Household & Community,Clean Water,Reduction,Sub-Saharan Africa,Madagascar,CARBON CREDITS CONSULTING S.R.L.,2023.0,11913.0,5.49,BBB,No,No
VCS3940,Lianzhou Landfill Gas Power Generation Project,VCS,Registered,Waste Management,Landfill Methane,Reduction,Eastern Asia,China,"Lianzhou Dongkang Renewable Energy Technology Co., Ltd.",2021.0,113303.0,3.66,AA,No,No
VCS3944,Jinmu AWMS GHG Mitigation Project in Liaoning Province,VCS,Registered,Agriculture,Manure Methane Digester,Reduction,Eastern Asia,China,"Henan Yangxiang Breeding Co., Ltd",2021.0,35692.0,7.16,AA,No,No
VCS3949,Waste Management Project-1 by GLOBAL CARBON SOLUTIONS,VCS,Registered,Waste Management,Waste Diversion,Reduction,Southern Asia,India,Global Carbon Solutions,2021.0,24823.0,4.4,AAA,No,No
VCS3950,Gansu Hui County Muge Swine Farm Manure Management System GHG Mitigation Project,VCS,Registered,Agriculture,Manure Methane Digester,Reduction,Eastern Asia,China,"Hui County XINGJIANG Muge Breeding Co., LTD.",2021.0,58604.0,6.9,BBB,No,No
VCS3954,SUSTAINABLE CHARCOAL AND IMPROVED COOKSTOVE INITIATIVE USING MICRO-GASIFIER IN INDIA,VCS,Registered,Household & Community,Cookstoves,Reduction,Southern Asia,India,"ECONEXUS Carbon Credit Co., Ltd.,",2022.0,3444.0,10.95,,No,No
VCS3996,Family Forest Carbon Program - Central Appalachia,VCS,Registered,Forestry & Land Use,Improved Forest Management,Mixed,North America,United States,Family Forest Impact Foundation,2021.0,3093.0,17.09,BBB,Yes,No
VCS3997,Istanbul Avcikoru Landfill Gas to Electricity Project,VCS,Verification approval requested,Waste Management,Landfill Methane,Reduction,Western Asia,Türkiye,KORFEZ ENERJI SAN. VE TIC. A.S.,2021.0,631603.0,3.84,AAA,No,No
VCS4000,DelAgua Clean Cooking Grouped Project in The Gambia,VCS,Registered,Household & Community,Cookstoves,Reduction,Sub-Saharan Africa,Gambia,DelAgua Health The Gambia (Voluntary) Limited,2023.0,551762.0,10.15,,No,No
VCS4014,Sinop Landfill Gas to Electricity Project,VCS,Registered,Waste Management,Landfill Methane,Reduction,Western Asia,Türkiye,Biokütle Enerji Elektrik Üretim Anonim Şirketi,2021.0,74478.0,5.51,A,No,No
VCS4015,Sanergy Composting Group Project,VCS,Verification approval requested,Waste Management,Composting,Reduction,Sub-Saharan Africa,Kenya,"Circular Impact, Inc.",2022.0,1832.0,8.35,AAA,No,No
VCS4018,CO2 UTILIZATION IN CONCRETE - Removals & Reductions - CarbonCure - U.S. & Canada Project #2,VCS,Verification approval requested,Carbon Capture & Storage,Carbon Capture in Concrete,Reduction,North America,United States,CarbonCure Technologies Inc.,2019.0,62937.0,38.35,AAA,No,No
VCS4019,CO2 UTILIZATION IN CONCRETE - REMOVALS & REDUCTIONS – CarbonCure – Asia #1,VCS,Verification approval requested,Carbon Capture & Storage,Carbon Capture in Concrete,Reduction,South-Eastern Asia,Singapore,CarbonCure Technologies Inc.,2022.0,56704.0,27.57,AAA,No,No
VCS4020,CO2 Utilization in Concrete – Removals & Reductions – CarbonCure – U.S & Canada Project #1,VCS,Registered,Carbon Capture & Storage,Carbon Capture in Concrete,Reduction,Latin America and the Caribbean,Bolivia,CarbonCure Technologies Inc.,2022.0,22030.0,31.34,AA,No,No
VCS4022,AgreenaCarbon Project,VCS,Registered,Agriculture,Sustainable Agriculture,Mixed,Europe,Denmark,Agreena ApS,2021.0,2206381.0,20.11,BBB,Yes,No
VCS4036,"26MWp Solar Photovoltaic Power Plant in Bavet City, Cambodia",VCS,Registered,Renewable Energy,Solar - Centralized,Reduction,South-Eastern Asia,Cambodia,"Green Sustainable Ventures (Cambodia) Co., Ltd.",2022.0,63230.0,1.52,,No,No
VCS4044,IMPROVED COOKSTOVES DISTRIBUTION IN MOZAMBIQUE – SOFALA AND MANICA PROVINCES,VCS,Registered,Household & Community,Cookstoves,Reduction,Sub-Saharan Africa,Mozambique,Eni S.p.A.,2024.0,30350.0,11.29,A,No,No
VCS4048,Smart Cookstove Program by Tata Communications,VCS,Registered,Household & Community,Cookstoves,Reduction,Southern Asia,India,Tata Communications Limited,2022.0,101808.0,8.71,BBB,No,No
VCS4050,Jiangxi Zhenghe Livestock Manure Treatment Project,VCS,Registered,Agriculture,Manure Methane Digester,Reduction,Eastern Asia,China,"Jiangxi Zhenghe Ecological Agriculture Co., Ltd.",2022.0,45693.0,6.0,CCC,No,No
VCS4057,Guangzhou Xingfeng landfill gas to LNG Project,VCS,Registered,Waste Management,Landfill Methane,Reduction,Eastern Asia,China,Multiple Proponents,2021.0,210744.0,4.38,,No,No
VCS4058,Improved Cookstove Distribution in Malawi by EKI Phase 01,VCS,Registered,Household & Community,Cookstoves,Reduction,Sub-Saharan Africa,Malawi,EKI Energy Services Limited,2023.0,62082.0,12.91,A,No,No
VCS4059,Improved Cookstove Distribution in Kenya by EKI Phase 01,VCS,Registered,Household & Community,Cookstoves,Reduction,Sub-Saharan Africa,Kenya,EKI Energy Services Limited,2023.0,108417.0,8.0,,No,No
VCS4090,Goldbeck Forest Carbon Project,VCS,Registered,Forestry & Land Use,Improved Forest Management,Mixed,North America,United States,Aurum Sustainable Forest Inc.,2022.0,180330.0,25.25,A,Yes,No
VCS4097,Zhejiang Shengtang Recycling Materials from E-waste Project,VCS,Registered,Waste Management,Waste Recycling,Reduction,Eastern Asia,China,"Zhejiang Shengtang Environmental Protection Technology Co., Ltd.",2022.0,14895.0,3.99,AA,No,No
VCS4102,Damao Banner Sustainable Grassland Management Project,VCS,Registered,Forestry & Land Use,Sustainable Grassland Management,Mixed,Eastern Asia,China,"Damao Banner Eco-Construction Investment Co., Ltd.",2020.0,133274.0,13.01,BBB,Yes,No
VCS4138,BRUSQUE LANDFILL GAS PROJECT,VCS,Verification approval requested,Waste Management,Landfill Methane,Reduction,Latin America and the Caribbean,Brazil,RECICLE CATARINENSE DE RESÍDUOS LTDA.,2022.0,75671.0,5.81,BB,No,No
VCS4139,Grouped Hydro Power Project by EKI Energy Services Limited,VCS,Registered,Renewable Energy,Hydropower,Reduction,Southern Asia,Nepal,Multiple Proponents,2021.0,26567.0,2.41,B,No,No
VCS4143,Urupianga Grouped REDD Project,VCS,Registered,Forestry & Land Use,REDD+,Reduction,Latin America and the Caribbean,Brazil,Multiple Proponents,2021.0,26877.0,11.26,BB,Yes,No
VCS4144,CHITETEZO MBAULA PROJECT – MALAWI,VCS,Registered,Household & Community,Cookstoves,Reduction,Sub-Saharan Africa,Malawi,CO2Logic SA,2021.0,25881.0,12.37,B,No,No
VCS4150,DelAgua Clean Cooking Grouped Project in Rwanda,VCS,Registered,Household & Community,Cookstoves,Reduction,Sub-Saharan Africa,Rwanda,Multiple Proponents,2021.0,5302179.0,10.36,BB,No,No
VCS4151,BioLite Africa Improved Stove Program,VCS,Registered,Household & Community,Cookstoves,Reduction,Sub-Saharan Africa,Rwanda,BioLite,2022.0,220614.0,7.56,,No,No
VCS4180,Vemo Conduce - Mexico City,VCS,Registered,Transportation,Electric Vehicles & Charging,Reduction,Latin America and the Caribbean,Mexico,Mobility I.P. S.A. de C.V,2022.0,9195.0,8.58,AAA,No,No
VCS4182,Guantao Qingfeng Biological Manure Management Greenhouse Gas Emission Reduction Project,VCS,Registered,Agriculture,Manure Methane Digester,Reduction,Eastern Asia,China,"Guantao County Qingfeng Biotechnology Co.,Ltd.",2022.0,26385.0,6.13,,No,No
VCS4187,Floating Solar project of Greenam Energy,VCS,Registered,Renewable Energy,Solar - Centralized,Reduction,Southern Asia,India,Greenam Energy Private Limited,2022.0,36174.0,2.19,B,No,No
VCS4188,Grouped Captive Solar Power Project in Bangladesh,VCS,Registered,Renewable Energy,Solar - Distributed,Reduction,Southern Asia,Bangladesh,EKI Energy Services Limited,2022.0,3655.0,3.27,BBB,No,No
VCS4196,MicroEnergy Credits - Microfinance for Efficient Lighting Product Lines - India,VCS,Registered,Household & Community,Lighting,Reduction,Southern Asia,India,MicroEnergy Credits Corp,2021.0,48380.0,12.21,BB,No,No
VCS4201,The Carbon Farming Program of Lithuania,VCS,Registered,Agriculture,Sustainable Agriculture,Mixed,Europe,Lithuania,UAB Heavy Carbon,2020.0,134877.0,9.68,CCC,Yes,No
VCS4205,Yılmazlar Biogas Power Plant Project,VCS,Registered,Agriculture,Manure Methane Digester,Reduction,Western Asia,Türkiye,Yılmazlar Madencilik Sanayi ve Ticaret Limited Şirketi,2021.0,37150.0,11.92,AA,No,No
VCS4206,Kütahya Landfill Gas to Electricity Project,VCS,Registered,Waste Management,Landfill Methane,Reduction,Western Asia,Türkiye,Kütahya Biyokütle Enerji Üretim Sanayi ve Ticaret Anonim Şirketi,2021.0,94653.0,5.09,A,No,No
VCS4216,"Wen County BCCY New Energy Co., Ltd Landfill Gas Direct Combustion Utilization Heating Project",VCS,Registered,Waste Management,Landfill Methane,Reduction,Eastern Asia,China,"Henan BCCY Environmental Energy CO.,LTD.",2021.0,68047.0,4.74,AAA,No,No
VCS4223,D.Light's Improved Cooking Project In Kenya,VCS,Registered,Household & Community,Cookstoves,Reduction,Sub-Saharan Africa,Kenya,"d.light design, Ltd",2022.0,53495.0,6.87,,No,No
VCS4225,D.Light's Improved Cooking Project In Nigeria,VCS,Registered,Household & Community,Cookstoves,Reduction,Sub-Saharan Africa,Nigeria,"d.light design, Ltd",2023.0,128044.0,10.69,CCC,No,No
VCS4226,D.Light's Improved Cooking Project In Uganda,VCS,Registered,Household & Community,Cookstoves,Reduction,Sub-Saharan Africa,Uganda,"d.light design, Ltd",2023.0,128702.0,10.16,,No,No
VCS4229,RENEW SAKHI - IMPROVED COOKSTOVES - 01,VCS,Registered,Household & Community,Cookstoves,Reduction,Southern Asia,India,ReNew Power Synergy Private Limited,2023.0,205769.0,11.36,BB,No,No
VCS4238,HEFEI BIOGAS RECOVERY AND UTILIZATION PROJECT,VCS,Registered,Household & Community,Biodigesters,Reduction,Eastern Asia,China,"Hefei Modern Energy Co., Ltd.",2022.0,48992.0,11.12,,No,No
VCS4249,Ordu Landfill Gas to Electricity Project,VCS,Registered,Waste Management,Landfill Methane,Reduction,Western Asia,Türkiye,Ordu Yenilenebilir Enerji Elektrik Üretim Sanayi ve Ticaret Anonim Şirketi,2021.0,43554.0,5.29,AAA,No,No
VCS4250,CLEAN COOKSTOVE FOR GARO COMMUNITIES,VCS,Registered,Household & Community,Cookstoves,Reduction,Southern Asia,India,GHE Impact Ventures Private Limited,2022.0,10048.0,6.55,A,No,No
VCS4260,Guizhou Zhongzhichang CMM Power Generation Project,VCS,Registered,Industrial & Commercial,Mine Methane Capture,Reduction,Eastern Asia,China,"Guizhou Yuezhong Comprehensive Energy Co., Ltd.",2023.0,96310.0,8.45,AA,No,No
VCS4268,Family Forest Carbon Project,VCS,Verification approval requested,Forestry & Land Use,Improved Forest Management,Mixed,North America,United States,Forest Carbon Works PBC,2020.0,130924.0,18.13,BB,Yes,No
VCS4279,Monsoon Methane Avoidance from Industrial Wastewater in Malaysia Grouped Project,VCS,Verification approval requested,Waste Management,Methane Recovery in Wastewater,Reduction,South-Eastern Asia,Malaysia,Monsoon Carbon Pte Ltd,2023.0,1000.0,9.69,AA,No,No
VCS4288,Brascarbon Methane Recovery Project BCA-BRA-18,VCS,Registered,Agriculture,Manure Methane Digester,Reduction,Latin America and the Caribbean,Brazil,Brascarbon Consultoria Projetos e Representacao S/A,2022.0,58400.0,9.33,AAA,No,No
VCS4289,Brascarbon Methane Recovery Project BCA-BRA-19,VCS,Registered,Agriculture,Manure Methane Digester,Reduction,Latin America and the Caribbean,Brazil,Brascarbon Consultoria Projetos e Representacao S/A,2022.0,101036.0,8.84,AAA,No,No
VCS4324,"ARJUNA PROJECT - REFORESTATION AND SILK TREE PLANTATION, INDIA",VCS,Registered,Forestry & Land Use,Afforestation/Reforestation,Impermanent Removal,Southern Asia,India,Livelihoods Fund SICAV SIF,2020.0,6510.0,19.39,CCC,Yes,No
VCS4334,"Biogas Project in Cuddalore, India",VCS,Registered,Household & Community,Biodigesters,Reduction,Southern Asia,India,Global Carbon Solutions,2021.0,13345.0,9.22,BBB,No,No
VCS4335,Grouped Commercial Electric Vehicles Project of Intelligent Link,VCS,Registered,Transportation,Electric Vehicles & Charging,Reduction,Eastern Asia,China,"Zhejiang Green Intelligent Link Co., Ltd.",2021.0,24993.0,3.49,BB,No,No
VCS4338,Bishuiyuan Wastewater Treatment Plant Project,VCS,Registered,Waste Management,Methane Recovery in Wastewater,Reduction,Eastern Asia,China,"Xinjiang BishuiYuan Environmental Resources Co., Ltd",2022.0,11420.0,7.88,,No,No
VCS4347,Hunan Anfu PP Recycling Project,VCS,Registered,Waste Management,Waste Recycling,Reduction,Eastern Asia,China,"Hunan Anfu Environmental Protection Technology Co.,Ltd",2021.0,1127.0,6.25,AAA,No,No
VCS4367,Zhenyuan Swine Farm AWMS GHG Mitigation Project,VCS,Registered,Agriculture,Manure Methane Digester,Reduction,Eastern Asia,China,Multiple Proponents,2021.0,25700.0,7.95,AA,No,No
VCS4382,MSW to Compost through BSF Rearing process,VCS,Registered,Waste Management,Composting,Reduction,Southern Asia,India,Ento Proteins Private Limited,2021.0,7335.0,4.82,BBB,No,No
VCS4383,Lankao Geothermal Based Space Heating System,VCS,Registered,Renewable Energy,Geothermal,Reduction,Eastern Asia,China,"Lankao Green Energy Clean Energy Co., Ltd",2021.0,56846.0,3.91,,No,No
VCS4389,Zano Solar Power,VCS,Verification approval requested,Renewable Energy,Solar - Centralized,Reduction,Sub-Saharan Africa,Burkina Faso,Quadran Burkina Faso,2023.0,27097.0,2.01,,No,No
VCS4412,Xiding AWMS GHG Mitigation Project,VCS,Registered,Agriculture,Manure Methane Digester,Reduction,Eastern Asia,China,"Xiding Technology Group Co., Ltd.",2021.0,110798.0,6.74,AAA,No,No
VCS4413,Household Biogas Program for Smallholder Farmers in India by SPEF and NDDB,VCS,Registered,Household & Community,Biodigesters,Reduction,Southern Asia,India,EKI Energy Services Limited,2021.0,11395.0,9.68,AA,No,No
VCS4416,Improved Cookstove Grouped Project in Papua New Guinea,VCS,Verification approval requested,Household & Community,Cookstoves,Reduction,Oceania,Papua New Guinea,TEM COOKSTOVES PTY LTD,2024.0,11156.0,8.43,,No,No
VCS4423,NEW HOPE AWMS GHG Mitigation Project In Anhui Province,VCS,Registered,Agriculture,Manure Methane Digester,Reduction,Eastern Asia,China,Multiple Proponents,2021.0,108832.0,7.43,A,No,No
VCS4429,Management of Community Forests for the Reduction of Deforestation in the Peruvian Amazon,VCS,Verification approval requested,Forestry & Land Use,REDD+,Reduction,Latin America and the Caribbean,Peru,Multiple Proponents,2021.0,346524.0,9.33,B,Yes,No
VCS4443,Jinan Pingyin Youran Dairy Cattle Manure Management Project,VCS,Registered,Agriculture,Manure Methane Digester,Reduction,Eastern Asia,China,"Jinan Youran Animal Husbandry Co., Ltd.",2021.0,2450.0,7.84,AA,No,No
VCS4456,CREATING LIVELIHOOD OPPORTUNITIES AND CARBON CREDIT INCOME FOR SMALLHOLDER FARMERS THROUGH HORTICULTURAL PLANTATIONS IN BANGLADESH,VCS,Registered,Forestry & Land Use,Afforestation/Reforestation,Impermanent Removal,Southern Asia,Bangladesh,Varaha ClimateAg Private Limited,2020.0,56491.0,20.53,CCC,Yes,No
VCS4457,Tramontana ICS-01 - The Distribution of Improved Cookstoves to Indigenous Communities across Rural India,VCS,Registered,Household & Community,Cookstoves,Reduction,Southern Asia,India,Tramontana Impact Limited,2023.0,201177.0,11.11,B,No,No
VCS4469,Zonguldak Landfill Gas to Electricity Project,VCS,Registered,Waste Management,Landfill Methane,Reduction,Western Asia,Türkiye,Arel Yenilenebilir Enerji Teknolojileri ve Elektrik Üretim Ltd. Şti.,2022.0,161067.0,8.98,AA,No,No
VCS4472,Wu Cheng Geothermal Based Space Heating System,VCS,Registered,Renewable Energy,Geothermal,Reduction,Eastern Asia,China,Multiple Proponents,2021.0,39704.0,1.98,,No,No
VCS4493,Varanasi Smart City Bio-Conversion Project,VCS,Registered,Agriculture,Manure Methane Digester,Reduction,Southern Asia,India,Gobardhan Varanasi Foundation SPV,2022.0,2736.0,9.48,A,No,No
VCS4499,Liyang 15 MW Low-concentration CMM Power Generation Project,VCS,Registered,Industrial & Commercial,Mine Methane Capture,Reduction,Eastern Asia,China,"Beijing Yonder Environmental Energy Technology Co., Ltd",2022.0,756044.0,7.9,A,No,No
VCS4511,Silvador Climate Action,VCS,Verification approval requested,Forestry & Land Use,Improved Forest Management,Mixed,Eastern Europe,Romania,Multiple Proponents,2020.0,54040.0,13.19,BBB,Yes,No
VCS4519,TABREED DISTRICT COOLING GROUP PROJECT,VCS,Registered,Industrial & Commercial,Energy Efficiency,Reduction,Western Asia,United Arab Emirates,NATIONAL CENTRAL COOLING COMPANY PJSC – TABREED,2023.0,9350.0,3.77,BB,No,No
VCS4531,Reducing Gas Leakages within the Hududgaz Gas Distribution Networks across Uzbekistan,VCS,Registered,Industrial & Commercial,Leak Detection & Repair in Gas Systems,Reduction,Central Asia,Uzbekistan,GasGreen Asia LLC,2023.0,10348784.0,5.56,A,No,No
VCS4544,Al Multaqa Landfill Gas Recovery Project,VCS,Registered,Waste Management,Landfill Methane,Reduction,Western Asia,Oman,OQ Trading Limited,2021.0,108040.0,5.54,BBB,No,No
VCS4546,RECYCLING ROADWAYS FOR CARBON EMISSION REDUCTIONS – GLOBAL EMISSIONAIRY – PROJECT CALIFORNIA USA,VCS,Registered,Industrial & Commercial,Road Construction Emission Reductions,Reduction,North America,United States,"Global Emissionairy, LLC",2021.0,40604.0,7.89,CCC,No,No
VCS4547,RECYCLING ROADWAYS FOR CARBON EMISSION REDUCTIONS – GLOBAL EMISSIONAIRY – U.S. PROJECT #2,VCS,Registered,Industrial & Commercial,Road Construction Emission Reductions,Reduction,North America,United States,"Global Emissionairy, LLC",2021.0,136172.0,4.45,BBB,No,No
VCS4550,Barka Landfill Gas Recovery Project,VCS,Registered,Waste Management,Landfill Methane,Reduction,Western Asia,Oman,OQ Trading Limited,2022.0,91019.0,4.2,A,No,No
VCS4558,Xinhangdao AWMS GHG Mitigation Project In Shangqiu City,VCS,Registered,Agriculture,Manure Methane Digester,Reduction,Eastern Asia,China,"Henan Xinhangdao Food Co.,Ltd",2021.0,21725.0,4.97,AA,No,No
VCS4559,Anhui Zhujixi CMM Utilization Project,VCS,Registered,Industrial & Commercial,Mine Methane Capture,Reduction,Eastern Asia,China,"Huainan Huamei Pushi New Energy Technology Co., Ltd",2021.0,8423.0,6.85,A,No,No
VCS4600,"FST SMALL-SCALE SOLAR POWER PLANT IN KAMPHAENG PHET, THAILAND",VCS,Registered,Renewable Energy,Solar - Distributed,Reduction,South-Eastern Asia,Thailand,FutureTech Solar (Thailand) co. ltd,2023.0,17423.0,4.09,BBB,No,No
VCS4667,TTCA ORGANIC COMPOSTING PROJECT IN ATTAPEU,VCS,Registered,Waste Management,Composting,Reduction,South-Eastern Asia,Laos,"TTC Attapeu Sugar Cane Sole Co.,Ltd",2022.0,4375.0,3.3,AA,No,No
VCS4675,HUOSHENGYUAN COMPOSTING PROJECT IN MIANYANG CITY,VCS,Registered,Waste Management,Composting,Reduction,Eastern Asia,China,Multiple Proponents,2022.0,54087.0,4.38,AA,No,No
VCS4679,Project Reignite: Turning Farm Waste to Climate Action,VCS,Registered,Waste Management,Biochar,Impermanent Removal,Southern Asia,India,SRCNatura Sure Pvt. Ltd.,2023.0,96051.0,134.65,BBB,No,No
VCS4745,Henan CP Group Swine Farm Biogas Recovery and Utilization Project,VCS,Registered,Agriculture,Manure Methane Digester,Reduction,Eastern Asia,China,"Hainan Senyou Environmental Technology Co.,Ltd",2022.0,31565.0,6.01,A,No,No
VCS4784,Wuhan Jiangxia Changshankou LFG Power Project Phase I,VCS,Registered,Waste Management,Landfill Methane,Reduction,Eastern Asia,China,"Wuhan Huantou Environmental Technology Co., Ltd.",2022.0,250377.0,6.93,AAA,No,No
VCS4816,Hexi Biogas Recovery and Utilization Project,VCS,Registered,Agriculture,Manure Methane Digester,Reduction,Eastern Asia,China,"Fengcheng Xinfengtai Environment Technology Co., Ltd",2022.0,42272.0,7.45,AA,No,No
VCS4818,Linfen MSW Incineration and Power Generation Project,VCS,Registered,Waste Management,Waste Incineration,Reduction,Eastern Asia,China,Linfen Canvest Environmental Power Company Limited,2022.0,27239.0,5.45,,No,No
VCS4824,Turu EV Charging Network Project,VCS,Registered,Transportation,Electric Vehicles & Charging,Reduction,Eastern Asia,South Korea,Multiple Proponents,2022.0,24918.0,5.84,,No,No
VCS4830,Liaoning Sengda Waste Plastic Recycling Project,VCS,Registered,Waste Management,Waste Recycling,Reduction,Eastern Asia,China,"Liaoning Sengda Environmental Resources Group Co., Ltd.",2022.0,10817.0,4.7,AAA,No,No
VCS4835,eAgronom sustainable farming in Central and Eastern Europe,VCS,Registered,Agriculture,Sustainable Agriculture,Mixed,Eastern Europe,Poland,eAgronom OÜ,2021.0,21656.0,21.15,BBB,Yes,No
VCS4874,Improved cookstoves distribution in Congo – Brazzaville North,VCS,Registered,Household & Community,Cookstoves,Reduction,Sub-Saharan Africa,Congo,Multiple Proponents,2024.0,8223.0,9.6,,No,No
VCS4875,Improved cookstoves distribution in Congo – Brazzaville South,VCS,Registered,Household & Community,Cookstoves,Reduction,Sub-Saharan Africa,Congo,Multiple Proponents,2024.0,10360.0,7.76,B,No,No
VCS4878,IMPROVED COOKSTOVES DISTRIBUTION IN MOZAMBIQUE – MAPUTO,VCS,Registered,Household & Community,Cookstoves,Reduction,Sub-Saharan Africa,Mozambique,Eni S.p.A,2023.0,49915.0,9.48,A,No,No
VCS4879,IMPROVED COOKSTOVES DISTRIBUTION IN ANGOLA,VCS,Registered,Household & Community,Cookstoves,Reduction,Sub-Saharan Africa,Angola,Multiple Proponents,2024.0,6729.0,11.19,,No,No
VCS4885,Rootella Carbon,VCS,Registered,Agriculture,Sustainable Agriculture,Mixed,North America,United States,Groundwork BioAg Ltd.,2023.0,18433.0,18.2,CCC,Yes,No
VCS4888,OYU - Reforesting Uganda for a better tomorrow,VCS,Registered,Forestry & Land Use,Afforestation/Reforestation,Impermanent Removal,Sub-Saharan Africa,Uganda,OYU Green Private Limited,2022.0,304207.0,35.62,A,Yes,No
VCS4952,CTDR Paracambi Landfill Gas,VCS,Registered,Waste Management,Landfill Methane,Reduction,Latin America and the Caribbean,Brazil,CONCESSIONARIA CENTRO SUL 1 SPE LTDA,2022.0,46344.0,6.79,A,No,No
VCS4970,Brascarbon Methane Recovery Project BCA-BRA-20,VCS,Registered,Agriculture,Manure Methane Digester,Reduction,Latin America and the Caribbean,Brazil,Brascarbon Consultoria Projetos e Representacao S/A,2023.0,47428.0,8.72,A,No,No
VCS4982,RBML (Reliance BP Mobility Limited) EV Charging Infrastructure Project,VCS,Registered,Transportation,Electric Vehicles & Charging,Reduction,Southern Asia,India,Reliance BP Mobility Limited,2022.0,2888.0,6.64,BBB,No,No
VCS4997,OYU - Clean Cooking in Uganda,VCS,Registered,Household & Community,Cookstoves,Reduction,Sub-Saharan Africa,Uganda,OYU Green Private Limited,2023.0,117833.0,8.63,BB,No,No
VCS5003,Growing Forest Carbon Project,VCS,Registered,Forestry & Land Use,Improved Forest Management,Mixed,North America,Canada,Growing Forestlands Inc. (Growing Forests),2022.0,39555.0,20.51,CCC,Yes,No
VCS5005,NGON Texas Beneficial Use of Waste Flare Gas Energy,VCS,Registered,Industrial & Commercial,Waste Gas Recovery,Reduction,North America,United States,"NGON Solutions, LLC",2022.0,26546.0,5.53,AA,No,No
VCS5011,Shanxi Xiyang CMM Power Generation Project,VCS,Verification approval requested,Industrial & Commercial,Mine Methane Capture,Reduction,Eastern Asia,China,"Shanxi Xiyang Fenghui coal industry Co., Ltd. Power Plant",2022.0,257171.0,10.86,AAA,No,No
VCS5016,Longhai New Hope manure management project,VCS,Registered,Agriculture,Manure Methane Digester,Reduction,Eastern Asia,China,Multiple Proponents,2024.0,35002.0,10.01,AA,No,No
VCS5082,Safe Water Supply in Zambia,VCS,Verification approval requested,Household & Community,Clean Water,Reduction,Sub-Saharan Africa,Zambia,Offset Financial Holdings LLC,2022.0,20231.0,5.51,BB,No,No
VCS5089,A-Gas South Africa 1,VCS,Registered,Chemical Processes,Ozone Depleting Substances Recovery & Destruction,Reduction,Sub-Saharan Africa,South Africa,"A-Gas South Africa (Pty), Ltd.",2024.0,163156.0,10.95,,No,No
VCS5114,Grouped Projects for Safe Water Program in Uganda,VCS,Registered,Household & Community,Clean Water,Reduction,Sub-Saharan Africa,Uganda,Evidence Action,2022.0,22619.0,6.24,B,No,No
VCS5115,Grouped Projects for Safe Water Program in Malawi,VCS,Registered,Household & Community,Clean Water,Reduction,Sub-Saharan Africa,Malawi,Evidence Action,2022.0,12653.0,5.11,B,No,No
VCS5138,Wuhan Jiangxia Changshankou LFG Power Project Phase II,VCS,Registered,Waste Management,Landfill Methane,Reduction,Eastern Asia,China,"Wuhan Huantou Environmental Technology Co., Ltd.",2022.0,22359.0,4.6,AAA,No,No
VCS5141,"Safe Drinking Water Programme in Punjab, Pakistan",VCS,Registered,Household & Community,Clean Water,Reduction,Southern Asia,Pakistan,Project Team ATR Inc.,2023.0,314450.0,7.64,B,No,No
VCS5186,Quanzhou Canhua PET Recycling Project,VCS,Registered,Waste Management,Waste Recycling,Reduction,Eastern Asia,China,"Fujian Province Canhua Enviromental Material Co., Ltd",2024.0,32820.0,8.02,AA,No,No
VCS5210,Panzhou County Chicken Farm Manure Composting Project,VCS,Registered,Waste Management,Composting,Reduction,Eastern Asia,China,"Guizhou Hanwei Egg Industry Co., Ltd.",2023.0,37438.0,6.25,,No,No
VCS5237,Electric Vehicle Charging Programme in Korea,VCS,Verification approval requested,Transportation,Electric Vehicles & Charging,Reduction,Eastern Asia,South Korea,Multiple Proponents,2023.0,26360.0,8.07,AA,No,No
VCS5275,SKS Go Green,VCS,Registered,Transportation,Electric Vehicles & Charging,Reduction,South-Eastern Asia,Malaysia,Multiple Proponents,2022.0,3893.0,6.43,BB,No,No
VCS5362,Shuangjianghu Wastewater Treatment Plant Project,VCS,Registered,Waste Management,Methane Recovery in Wastewater,Reduction,Eastern Asia,China,"Shanghai Treasure Carbon New Energy Environmental Protection Technology Co., Ltd.",2023.0,35266.0,6.33,,No,No
VCS5366,Henan Zhumadian Youran Xiping Dairy Farm Biogas Utilization Project,VCS,Registered,Agriculture,Manure Methane Digester,Reduction,Eastern Asia,China,"Zhumadian Youran Animal Husbandry Co., Ltd.",2023.0,4586.0,6.25,AA,No,No
VCS5424,Ecofy EV Green Financing Project,VCS,Registered,Transportation,Electric Vehicles & Charging,Reduction,Southern Asia,India,Multiple Proponents,2023.0,3637.0,5.13,B,No,No
VCS5454,Changing the way we move: Electric buses for mining companies,VCS,Registered,Transportation,Electric Vehicles & Charging,Reduction,Latin America and the Caribbean,Chile,TRANSICIÓN ENERGÉTICA I SpA,2024.0,2260.0,6.36,B,No,No
VCS5488,Scatec RMI Hybrid Cluster,VCS,Verification approval requested,Renewable Energy,RE Bundled,Reduction,Sub-Saharan Africa,South Africa,Multiple Proponents,2023.0,870869.0,2.43,CCC,No,No
VCS5511,Brazil Cerrado 1,VCS,Registered,Forestry & Land Use,Afforestation/Reforestation,Impermanent Removal,Latin America and the Caribbean,Brazil,NK 164 Empreendimentos e Participacoes S.A.,2022.0,155119.0,15.65,BB,Yes,No
VCS5542,MALAYSIA GROUPED BIOMASS WASTE RECOVERY AND UTILIZATION PROJECT,VCS,Registered,Renewable Energy,Biomass,Reduction,South-Eastern Asia,Malaysia,Climate Quest Sdn  Bhd,2023.0,215319.0,3.44,BB,No,No
VCS5574,WEIFANG YOURAN DAIRY CATTLE MANURE MANAGEMENT PROJECT,VCS,Registered,Agriculture,Manure Methane Digester,Reduction,Eastern Asia,China,"Weifang Youran Animal Husbandry Co., Ltd.",2023.0,69729.0,6.07,,No,No
VCS5582,Togg Electric Vehicle Project of Türkiye,VCS,Registered,Transportation,Electric Vehicles & Charging,Reduction,Western Asia,Türkiye,Türkiye'nin Otomobili Girişim Grubu Sanayi Ve Ticaret Anonim Şirketi,2023.0,186558.0,9.49,A,No,No
